schemaname,tablename,indexname,is_unique,is_primary,index_method,indexdef
public,access_methods,access_methods_key_key,true,false,btree,CREATE UNIQUE INDEX access_methods_key_key ON access_methods USING btree (key)
public,access_methods,access_methods_pkey,true,true,btree,CREATE UNIQUE INDEX access_methods_pkey ON access_methods USING btree (id)
public,action_definitions,action_definitions_pkey,true,true,btree,CREATE UNIQUE INDEX action_definitions_pkey ON action_definitions USING btree (id)
public,action_definitions,idx_action_definitions_entity_active,false,false,btree,CREATE INDEX idx_action_definitions_entity_active ON action_definitions USING btree (entity_type) WHERE is_active = true
public,action_definitions,idx_action_definitions_key_active_global,false,false,btree,"CREATE INDEX idx_action_definitions_key_active_global ON action_definitions USING btree (key, is_active) WHERE is_active = true AND org_id IS NULL"
public,action_definitions,idx_action_definitions_org_active,false,false,btree,CREATE INDEX idx_action_definitions_org_active ON action_definitions USING btree (org_id) WHERE is_active = true AND org_id IS NOT NULL
public,action_definitions,idx_action_definitions_org_key_active,false,false,btree,"CREATE INDEX idx_action_definitions_org_key_active ON action_definitions USING btree (org_id, key, is_active) WHERE is_active = true AND org_id IS NOT NULL"
public,action_definitions,ux_action_definitions_global_key,true,false,btree,CREATE UNIQUE INDEX ux_action_definitions_global_key ON action_definitions USING btree (key) WHERE org_id IS NULL
public,action_definitions,ux_action_definitions_org_key,true,false,btree,"CREATE UNIQUE INDEX ux_action_definitions_org_key ON action_definitions USING btree (org_id, key) WHERE org_id IS NOT NULL"
public,action_links,action_links_entity_idx,false,false,btree,"CREATE INDEX action_links_entity_idx ON action_links USING btree (entity_type, entity_id)"
public,action_links,action_links_pkey,true,true,btree,CREATE UNIQUE INDEX action_links_pkey ON action_links USING btree (id)
public,action_links,action_links_short_code_key,true,false,btree,CREATE UNIQUE INDEX action_links_short_code_key ON action_links USING btree (short_code) WHERE short_code IS NOT NULL
public,action_links,action_links_short_code_uidx,true,false,btree,CREATE UNIQUE INDEX action_links_short_code_uidx ON action_links USING btree (short_code) WHERE short_code IS NOT NULL
public,action_links,action_links_token_key,true,false,btree,CREATE UNIQUE INDEX action_links_token_key ON action_links USING btree (token)
public,action_placements,action_placements_pkey,true,true,btree,CREATE UNIQUE INDEX action_placements_pkey ON action_placements USING btree (id)
public,action_placements,idx_action_placements_def,false,false,btree,CREATE INDEX idx_action_placements_def ON action_placements USING btree (action_definition_id)
public,action_placements,idx_action_placements_org,false,false,btree,CREATE INDEX idx_action_placements_org ON action_placements USING btree (org_id) WHERE org_id IS NOT NULL
public,action_placements,idx_action_placements_record_section_scope,false,false,btree,"CREATE INDEX idx_action_placements_record_section_scope ON action_placements USING btree (surface, entity_type, section_key, is_active) WHERE surface = 'record_section'::text AND is_active = true"
public,action_placements,idx_action_placements_surface_active,false,false,btree,"CREATE INDEX idx_action_placements_surface_active ON action_placements USING btree (surface, is_active) WHERE is_active = true"
public,action_placements,idx_action_placements_surface_org_active,false,false,btree,"CREATE INDEX idx_action_placements_surface_org_active ON action_placements USING btree (surface, org_id, is_active) WHERE is_active = true"
public,action_placements,idx_action_placements_work_unit,false,false,btree,CREATE INDEX idx_action_placements_work_unit ON action_placements USING btree (work_unit_id) WHERE work_unit_id IS NOT NULL
public,action_placements,idx_action_placements_work_unit_surface_active,false,false,btree,"CREATE INDEX idx_action_placements_work_unit_surface_active ON action_placements USING btree (work_unit_id, surface, is_active) WHERE is_active = true AND work_unit_id IS NOT NULL"
public,activity_log,activity_log_pkey,true,true,btree,CREATE UNIQUE INDEX activity_log_pkey ON activity_log USING btree (id)
public,activity_log,idx_activity_entity,false,false,btree,"CREATE INDEX idx_activity_entity ON activity_log USING btree (entity_type, entity_id)"
public,addon_frequencies,addon_frequencies_key_key,true,false,btree,CREATE UNIQUE INDEX addon_frequencies_key_key ON addon_frequencies USING btree (key)
public,addon_frequencies,addon_frequencies_pkey,true,true,btree,CREATE UNIQUE INDEX addon_frequencies_pkey ON addon_frequencies USING btree (id)
public,addon_types,addon_types_key_key,true,false,btree,CREATE UNIQUE INDEX addon_types_key_key ON addon_types USING btree (key)
public,addon_types,addon_types_pkey,true,true,btree,CREATE UNIQUE INDEX addon_types_pkey ON addon_types USING btree (id)
public,addon_types,idx_addon_types_vertical_id,false,false,btree,CREATE INDEX idx_addon_types_vertical_id ON addon_types USING btree (vertical_id)
public,agent_v0_apply_audit,agent_v0_apply_audit_pkey,true,true,btree,CREATE UNIQUE INDEX agent_v0_apply_audit_pkey ON agent_v0_apply_audit USING btree (id)
public,agent_v0_apply_audit,idx_agent_v0_apply_audit_org_id,false,false,btree,CREATE INDEX idx_agent_v0_apply_audit_org_id ON agent_v0_apply_audit USING btree (org_id)
public,agent_v0_apply_audit,idx_agent_v0_apply_audit_proposal,false,false,btree,CREATE INDEX idx_agent_v0_apply_audit_proposal ON agent_v0_apply_audit USING btree (proposal_id)
public,agent_v0_apply_audit,ux_agent_v0_apply_audit_result_id,true,false,btree,CREATE UNIQUE INDEX ux_agent_v0_apply_audit_result_id ON agent_v0_apply_audit USING btree (result_id)
public,agent_v0_proposals,agent_v0_proposals_pkey,true,true,btree,CREATE UNIQUE INDEX agent_v0_proposals_pkey ON agent_v0_proposals USING btree (id)
public,agent_v0_proposals,idx_agent_v0_proposals_correlation,false,false,btree,CREATE INDEX idx_agent_v0_proposals_correlation ON agent_v0_proposals USING btree (correlation_id)
public,agent_v0_proposals,idx_agent_v0_proposals_org_id,false,false,btree,CREATE INDEX idx_agent_v0_proposals_org_id ON agent_v0_proposals USING btree (org_id)
public,agent_v0_proposals,ux_agent_v0_proposals_proposal_id,true,false,btree,CREATE UNIQUE INDEX ux_agent_v0_proposals_proposal_id ON agent_v0_proposals USING btree (proposal_id)
public,agent_v1_record_layout_apply_audit,agent_v1_record_layout_apply_audit_pkey,true,true,btree,CREATE UNIQUE INDEX agent_v1_record_layout_apply_audit_pkey ON agent_v1_record_layout_apply_audit USING btree (id)
public,agent_v1_record_layout_apply_audit,idx_agent_v1_rl_apply_org_id,false,false,btree,CREATE INDEX idx_agent_v1_rl_apply_org_id ON agent_v1_record_layout_apply_audit USING btree (org_id)
public,agent_v1_record_layout_apply_audit,idx_agent_v1_rl_apply_proposal,false,false,btree,CREATE INDEX idx_agent_v1_rl_apply_proposal ON agent_v1_record_layout_apply_audit USING btree (proposal_id)
public,agent_v1_record_layout_apply_audit,ux_agent_v1_rl_apply_result_id,true,false,btree,CREATE UNIQUE INDEX ux_agent_v1_rl_apply_result_id ON agent_v1_record_layout_apply_audit USING btree (result_id)
public,agent_v1_record_layout_proposals,agent_v1_record_layout_proposals_pkey,true,true,btree,CREATE UNIQUE INDEX agent_v1_record_layout_proposals_pkey ON agent_v1_record_layout_proposals USING btree (id)
public,agent_v1_record_layout_proposals,idx_agent_v1_rl_proposals_correlation,false,false,btree,CREATE INDEX idx_agent_v1_rl_proposals_correlation ON agent_v1_record_layout_proposals USING btree (correlation_id)
public,agent_v1_record_layout_proposals,idx_agent_v1_rl_proposals_org_id,false,false,btree,CREATE INDEX idx_agent_v1_rl_proposals_org_id ON agent_v1_record_layout_proposals USING btree (org_id)
public,agent_v1_record_layout_proposals,ux_agent_v1_rl_proposals_proposal_id,true,false,btree,CREATE UNIQUE INDEX ux_agent_v1_rl_proposals_proposal_id ON agent_v1_record_layout_proposals USING btree (proposal_id)
public,agent_v2_field_visibility_apply_audit,agent_v2_field_visibility_apply_audit_pkey,true,true,btree,CREATE UNIQUE INDEX agent_v2_field_visibility_apply_audit_pkey ON agent_v2_field_visibility_apply_audit USING btree (id)
public,agent_v2_field_visibility_apply_audit,idx_agent_v2_fv_apply_org_id,false,false,btree,CREATE INDEX idx_agent_v2_fv_apply_org_id ON agent_v2_field_visibility_apply_audit USING btree (org_id)
public,agent_v2_field_visibility_apply_audit,idx_agent_v2_fv_apply_proposal,false,false,btree,CREATE INDEX idx_agent_v2_fv_apply_proposal ON agent_v2_field_visibility_apply_audit USING btree (proposal_id)
public,agent_v2_field_visibility_apply_audit,ux_agent_v2_fv_apply_result_id,true,false,btree,CREATE UNIQUE INDEX ux_agent_v2_fv_apply_result_id ON agent_v2_field_visibility_apply_audit USING btree (result_id)
public,agent_v2_field_visibility_proposals,agent_v2_field_visibility_proposals_pkey,true,true,btree,CREATE UNIQUE INDEX agent_v2_field_visibility_proposals_pkey ON agent_v2_field_visibility_proposals USING btree (id)
public,agent_v2_field_visibility_proposals,idx_agent_v2_fv_proposals_correlation,false,false,btree,CREATE INDEX idx_agent_v2_fv_proposals_correlation ON agent_v2_field_visibility_proposals USING btree (correlation_id)
public,agent_v2_field_visibility_proposals,idx_agent_v2_fv_proposals_org_id,false,false,btree,CREATE INDEX idx_agent_v2_fv_proposals_org_id ON agent_v2_field_visibility_proposals USING btree (org_id)
public,agent_v2_field_visibility_proposals,ux_agent_v2_fv_proposals_proposal_id,true,false,btree,CREATE UNIQUE INDEX ux_agent_v2_fv_proposals_proposal_id ON agent_v2_field_visibility_proposals USING btree (proposal_id)
public,announcement_deliveries,announcement_deliveries_pkey,true,true,btree,CREATE UNIQUE INDEX announcement_deliveries_pkey ON announcement_deliveries USING btree (id)
public,announcement_deliveries,idx_announcement_deliveries_announcement,false,false,btree,CREATE INDEX idx_announcement_deliveries_announcement ON announcement_deliveries USING btree (announcement_id)
public,announcement_deliveries,idx_announcement_deliveries_org_person,false,false,btree,"CREATE INDEX idx_announcement_deliveries_org_person ON announcement_deliveries USING btree (org_id, person_id, created_at DESC) WHERE person_id IS NOT NULL"
public,announcement_recipients,announcement_recipients_pkey,true,true,btree,CREATE UNIQUE INDEX announcement_recipients_pkey ON announcement_recipients USING btree (id)
public,announcement_recipients,announcement_recipients_uq,true,false,btree,"CREATE UNIQUE INDEX announcement_recipients_uq ON announcement_recipients USING btree (announcement_id, person_id, channel)"
public,announcement_recipients,idx_announcement_recipients_org_announcement_status,false,false,btree,"CREATE INDEX idx_announcement_recipients_org_announcement_status ON announcement_recipients USING btree (org_id, announcement_id, status)"
public,announcement_targets,announcement_targets_pkey,true,true,btree,CREATE UNIQUE INDEX announcement_targets_pkey ON announcement_targets USING btree (id)
public,announcement_targets,idx_announcement_targets_announcement,false,false,btree,CREATE INDEX idx_announcement_targets_announcement ON announcement_targets USING btree (announcement_id)
public,announcement_targets,idx_announcement_targets_org_announcement,false,false,btree,"CREATE INDEX idx_announcement_targets_org_announcement ON announcement_targets USING btree (org_id, announcement_id)"
public,announcements,announcements_pkey,true,true,btree,CREATE UNIQUE INDEX announcements_pkey ON announcements USING btree (id)
public,announcements,idx_announcements_org_status,false,false,btree,"CREATE INDEX idx_announcements_org_status ON announcements USING btree (org_id, status)"
public,announcements,idx_announcements_org_status_scheduled,false,false,btree,"CREATE INDEX idx_announcements_org_status_scheduled ON announcements USING btree (org_id, status, scheduled_at DESC NULLS LAST)"
public,announcements,idx_announcements_org_status_send_at,false,false,btree,"CREATE INDEX idx_announcements_org_status_send_at ON announcements USING btree (org_id, status, send_at)"
public,app_users,app_users_auth_user_id_key,true,false,btree,CREATE UNIQUE INDEX app_users_auth_user_id_key ON app_users USING btree (auth_user_id)
public,app_users,app_users_pkey,true,true,btree,CREATE UNIQUE INDEX app_users_pkey ON app_users USING btree (id)
public,app_users,idx_app_users_org_id,false,false,btree,CREATE INDEX idx_app_users_org_id ON app_users USING btree (org_id)
public,assignment_statuses,assignment_statuses_key_key,true,false,btree,CREATE UNIQUE INDEX assignment_statuses_key_key ON assignment_statuses USING btree (key)
public,assignment_statuses,assignment_statuses_pkey,true,true,btree,CREATE UNIQUE INDEX assignment_statuses_pkey ON assignment_statuses USING btree (id)
public,assignments,assignments_pkey,true,true,btree,CREATE UNIQUE INDEX assignments_pkey ON assignments USING btree (id)
public,assignments,idx_assignments_job,false,false,btree,CREATE INDEX idx_assignments_job ON assignments USING btree (job_id)
public,assignments,idx_assignments_org_id,false,false,btree,CREATE INDEX idx_assignments_org_id ON assignments USING btree (org_id)
public,assignments,idx_assignments_schedule,false,false,btree,CREATE INDEX idx_assignments_schedule ON assignments USING btree (schedule_id)
public,assignments,idx_assignments_status,false,false,btree,CREATE INDEX idx_assignments_status ON assignments USING btree (assignment_status_id)
public,assignments,idx_assignments_status_key,false,false,btree,"CREATE INDEX idx_assignments_status_key ON assignments USING btree (org_id, status_key)"
public,assignments,idx_assignments_vendor,false,false,btree,CREATE INDEX idx_assignments_vendor ON assignments USING btree (vendor_id)
public,business_process_layout_assignments,business_process_layout_assignments_pkey,true,true,btree,CREATE UNIQUE INDEX business_process_layout_assignments_pkey ON business_process_layout_assignments USING btree (id)
public,business_process_layout_assignments,idx_bp_layout_assignments_org_process_stage,false,false,btree,"CREATE INDEX idx_bp_layout_assignments_org_process_stage ON business_process_layout_assignments USING btree (org_id, business_process_key, stage_key) WHERE stage_key IS NOT NULL"
public,business_process_layout_assignments,idx_bp_layout_assignments_org_process_surface,false,false,btree,"CREATE INDEX idx_bp_layout_assignments_org_process_surface ON business_process_layout_assignments USING btree (org_id, business_process_key, surface_key, is_active)"
public,campaigns,campaigns_pkey,true,true,btree,CREATE UNIQUE INDEX campaigns_pkey ON campaigns USING btree (id)
public,charge_line_items,charge_line_items_pkey,true,true,btree,CREATE UNIQUE INDEX charge_line_items_pkey ON charge_line_items USING btree (id)
public,charge_line_items,idx_charge_line_items_org_charge,false,false,btree,"CREATE INDEX idx_charge_line_items_org_charge ON charge_line_items USING btree (org_id, charge_id)"
public,charge_line_items,idx_charge_line_items_org_job_line_item_id_partial,false,false,btree,"CREATE INDEX idx_charge_line_items_org_job_line_item_id_partial ON charge_line_items USING btree (org_id, job_line_item_id) WHERE job_line_item_id IS NOT NULL"
public,charges,charges_pkey,true,true,btree,CREATE UNIQUE INDEX charges_pkey ON charges USING btree (id)
public,charges,idx_charges_charge_template,false,false,btree,CREATE INDEX idx_charges_charge_template ON charges USING btree (charge_template_id) WHERE charge_template_id IS NOT NULL
public,charges,idx_charges_org_billable_on,false,false,btree,"CREATE INDEX idx_charges_org_billable_on ON charges USING btree (org_id, billable_on) WHERE billable_on IS NOT NULL"
public,charges,idx_charges_org_billable_source_partial,false,false,btree,"CREATE INDEX idx_charges_org_billable_source_partial ON charges USING btree (org_id, billable_source_type, billable_source_id) WHERE billable_source_type IS NOT NULL"
public,charges,idx_charges_org_charge_category_partial,false,false,btree,"CREATE INDEX idx_charges_org_charge_category_partial ON charges USING btree (org_id, charge_category) WHERE charge_category IS NOT NULL"
public,charges,idx_charges_org_charge_type,false,false,btree,"CREATE INDEX idx_charges_org_charge_type ON charges USING btree (org_id, charge_type)"
public,charges,idx_charges_org_due_date,false,false,btree,"CREATE INDEX idx_charges_org_due_date ON charges USING btree (org_id, due_date)"
public,charges,idx_charges_org_job,false,false,btree,"CREATE INDEX idx_charges_org_job ON charges USING btree (org_id, job_id)"
public,charges,idx_charges_org_job_status,false,false,btree,"CREATE INDEX idx_charges_org_job_status ON charges USING btree (org_id, job_id, status)"
public,charges,idx_charges_org_schedule_id_partial,false,false,btree,"CREATE INDEX idx_charges_org_schedule_id_partial ON charges USING btree (org_id, schedule_id) WHERE schedule_id IS NOT NULL"
public,charges,idx_charges_org_service,false,false,btree,"CREATE INDEX idx_charges_org_service ON charges USING btree (org_id, service_id) WHERE service_id IS NOT NULL"
public,charges,idx_charges_org_source_charge_id_partial,false,false,btree,"CREATE INDEX idx_charges_org_source_charge_id_partial ON charges USING btree (org_id, source_charge_id) WHERE source_charge_id IS NOT NULL"
public,charges,idx_charges_org_status,false,false,btree,"CREATE INDEX idx_charges_org_status ON charges USING btree (org_id, status)"
public,charges,idx_charges_org_subscription_id_partial,false,false,btree,"CREATE INDEX idx_charges_org_subscription_id_partial ON charges USING btree (org_id, subscription_id) WHERE subscription_id IS NOT NULL"
public,child_attendance_events,child_attendance_events_pkey,true,true,btree,CREATE UNIQUE INDEX child_attendance_events_pkey ON child_attendance_events USING btree (id)
public,child_attendance_events,idx_child_attendance_events_corrects,false,false,btree,"CREATE INDEX idx_child_attendance_events_corrects ON child_attendance_events USING btree (org_id, corrects_event_id) WHERE corrects_event_id IS NOT NULL"
public,child_attendance_events,idx_child_attendance_events_org_agreement_date,false,false,btree,"CREATE INDEX idx_child_attendance_events_org_agreement_date ON child_attendance_events USING btree (org_id, enrollment_agreement_id, service_date)"
public,child_attendance_events,idx_child_attendance_events_org_member_date,false,false,btree,"CREATE INDEX idx_child_attendance_events_org_member_date ON child_attendance_events USING btree (org_id, customer_member_id, service_date)"
public,child_attendance_events,idx_child_attendance_events_org_site_date,false,false,btree,"CREATE INDEX idx_child_attendance_events_org_site_date ON child_attendance_events USING btree (org_id, site_location_id, service_date)"
public,child_enrollment_agreements,child_enrollment_agreements_pkey,true,true,btree,CREATE UNIQUE INDEX child_enrollment_agreements_pkey ON child_enrollment_agreements USING btree (id)
public,child_enrollment_agreements,idx_child_enrollment_agreements_org_member,false,false,btree,"CREATE INDEX idx_child_enrollment_agreements_org_member ON child_enrollment_agreements USING btree (org_id, customer_member_id)"
public,child_enrollment_agreements,idx_child_enrollment_agreements_org_ocm,false,false,btree,"CREATE INDEX idx_child_enrollment_agreements_org_ocm ON child_enrollment_agreements USING btree (org_id, opportunity_customer_member_id) WHERE opportunity_customer_member_id IS NOT NULL"
public,child_enrollment_agreements,idx_child_enrollment_agreements_org_opportunity,false,false,btree,"CREATE INDEX idx_child_enrollment_agreements_org_opportunity ON child_enrollment_agreements USING btree (org_id, opportunity_id) WHERE opportunity_id IS NOT NULL"
public,child_enrollment_agreements,idx_child_enrollment_agreements_org_site_status,false,false,btree,"CREATE INDEX idx_child_enrollment_agreements_org_site_status ON child_enrollment_agreements USING btree (org_id, site_location_id, status)"
public,child_enrollment_agreements,ux_child_enrollment_agreements_one_operational_per_member_site,true,false,btree,"CREATE UNIQUE INDEX ux_child_enrollment_agreements_one_operational_per_member_site ON child_enrollment_agreements USING btree (org_id, customer_member_id, site_location_id) WHERE status = ANY (ARRAY['pending_start'::text, 'active'::text, 'ending'::text])"
public,child_placements,child_placements_pkey,true,true,btree,CREATE UNIQUE INDEX child_placements_pkey ON child_placements USING btree (id)
public,child_placements,idx_child_placements_org_agreement,false,false,btree,"CREATE INDEX idx_child_placements_org_agreement ON child_placements USING btree (org_id, enrollment_agreement_id)"
public,child_placements,idx_child_placements_org_member_dates,false,false,btree,"CREATE INDEX idx_child_placements_org_member_dates ON child_placements USING btree (org_id, customer_member_id, start_date)"
public,child_placements,ux_child_placements_one_operational_per_agreement,true,false,btree,"CREATE UNIQUE INDEX ux_child_placements_one_operational_per_agreement ON child_placements USING btree (org_id, enrollment_agreement_id) WHERE status = ANY (ARRAY['planned'::text, 'active'::text, 'ending'::text])"
public,childcare_capacity_rules,childcare_capacity_rules_pkey,true,true,btree,CREATE UNIQUE INDEX childcare_capacity_rules_pkey ON childcare_capacity_rules USING btree (id)
public,childcare_capacity_rules,idx_childcare_capacity_rules_org_program,false,false,btree,"CREATE INDEX idx_childcare_capacity_rules_org_program ON childcare_capacity_rules USING btree (org_id, program_category_id) WHERE program_category_id IS NOT NULL"
public,childcare_capacity_rules,idx_childcare_capacity_rules_org_room,false,false,btree,"CREATE INDEX idx_childcare_capacity_rules_org_room ON childcare_capacity_rules USING btree (org_id, room_location_id) WHERE room_location_id IS NOT NULL"
public,childcare_capacity_rules,idx_childcare_capacity_rules_org_scope,false,false,btree,"CREATE INDEX idx_childcare_capacity_rules_org_scope ON childcare_capacity_rules USING btree (org_id, scope_type)"
public,childcare_capacity_rules,idx_childcare_capacity_rules_org_site,false,false,btree,"CREATE INDEX idx_childcare_capacity_rules_org_site ON childcare_capacity_rules USING btree (org_id, site_location_id) WHERE site_location_id IS NOT NULL"
public,childcare_operating_windows,childcare_operating_windows_pkey,true,true,btree,CREATE UNIQUE INDEX childcare_operating_windows_pkey ON childcare_operating_windows USING btree (id)
public,childcare_operating_windows,idx_childcare_operating_windows_org_scope,false,false,btree,"CREATE INDEX idx_childcare_operating_windows_org_scope ON childcare_operating_windows USING btree (org_id, scope_type)"
public,childcare_operating_windows,idx_childcare_operating_windows_org_site_weekday,false,false,btree,"CREATE INDEX idx_childcare_operating_windows_org_site_weekday ON childcare_operating_windows USING btree (org_id, site_location_id, weekday) WHERE site_location_id IS NOT NULL"
public,childcare_rate_plans,childcare_rate_plans_pkey,true,true,btree,CREATE UNIQUE INDEX childcare_rate_plans_pkey ON childcare_rate_plans USING btree (id)
public,childcare_rate_plans,idx_childcare_rate_plans_org_plan_key,false,false,btree,"CREATE INDEX idx_childcare_rate_plans_org_plan_key ON childcare_rate_plans USING btree (org_id, plan_key)"
public,childcare_rate_plans,idx_childcare_rate_plans_org_program,false,false,btree,"CREATE INDEX idx_childcare_rate_plans_org_program ON childcare_rate_plans USING btree (org_id, program_category_id) WHERE program_category_id IS NOT NULL"
public,childcare_rate_plans,idx_childcare_rate_plans_org_room,false,false,btree,"CREATE INDEX idx_childcare_rate_plans_org_room ON childcare_rate_plans USING btree (org_id, room_location_id) WHERE room_location_id IS NOT NULL"
public,childcare_rate_plans,idx_childcare_rate_plans_org_scope,false,false,btree,"CREATE INDEX idx_childcare_rate_plans_org_scope ON childcare_rate_plans USING btree (org_id, scope_type)"
public,childcare_rate_plans,idx_childcare_rate_plans_org_site,false,false,btree,"CREATE INDEX idx_childcare_rate_plans_org_site ON childcare_rate_plans USING btree (org_id, site_location_id) WHERE site_location_id IS NOT NULL"
public,childcare_rate_plans,idx_childcare_rate_plans_service,false,false,btree,CREATE INDEX idx_childcare_rate_plans_service ON childcare_rate_plans USING btree (service_id) WHERE service_id IS NOT NULL
public,childcare_rate_rules,childcare_rate_rules_pkey,true,true,btree,CREATE UNIQUE INDEX childcare_rate_rules_pkey ON childcare_rate_rules USING btree (id)
public,childcare_rate_rules,idx_childcare_rate_rules_org,false,false,btree,CREATE INDEX idx_childcare_rate_rules_org ON childcare_rate_rules USING btree (org_id)
public,childcare_rate_rules,idx_childcare_rate_rules_org_age_group,false,false,btree,"CREATE INDEX idx_childcare_rate_rules_org_age_group ON childcare_rate_rules USING btree (org_id, age_group_key) WHERE age_group_key IS NOT NULL"
public,childcare_rate_rules,idx_childcare_rate_rules_plan_basis,false,false,btree,"CREATE INDEX idx_childcare_rate_rules_plan_basis ON childcare_rate_rules USING btree (rate_plan_id, schedule_basis)"
public,childcare_ratio_rule_tiers,childcare_ratio_rule_tiers_pkey,true,true,btree,CREATE UNIQUE INDEX childcare_ratio_rule_tiers_pkey ON childcare_ratio_rule_tiers USING btree (id)
public,childcare_ratio_rule_tiers,childcare_ratio_rule_tiers_unique_threshold,true,false,btree,"CREATE UNIQUE INDEX childcare_ratio_rule_tiers_unique_threshold ON childcare_ratio_rule_tiers USING btree (ratio_rule_id, max_children)"
public,childcare_ratio_rule_tiers,idx_childcare_ratio_rule_tiers_rule,false,false,btree,"CREATE INDEX idx_childcare_ratio_rule_tiers_rule ON childcare_ratio_rule_tiers USING btree (ratio_rule_id, max_children)"
public,childcare_ratio_rules,childcare_ratio_rules_pkey,true,true,btree,CREATE UNIQUE INDEX childcare_ratio_rules_pkey ON childcare_ratio_rules USING btree (id)
public,childcare_ratio_rules,idx_childcare_ratio_rules_org_age_group,false,false,btree,"CREATE INDEX idx_childcare_ratio_rules_org_age_group ON childcare_ratio_rules USING btree (org_id, age_group_key) WHERE age_group_key IS NOT NULL"
public,childcare_ratio_rules,idx_childcare_ratio_rules_org_scope,false,false,btree,"CREATE INDEX idx_childcare_ratio_rules_org_scope ON childcare_ratio_rules USING btree (org_id, scope_type)"
public,childcare_schedule_rules,childcare_schedule_rules_pkey,true,true,btree,CREATE UNIQUE INDEX childcare_schedule_rules_pkey ON childcare_schedule_rules USING btree (id)
public,childcare_schedule_rules,idx_childcare_schedule_rules_org_scope,false,false,btree,"CREATE INDEX idx_childcare_schedule_rules_org_scope ON childcare_schedule_rules USING btree (org_id, scope_type)"
public,cleaning_job_addons,cleaning_job_addons_pkey,true,true,btree,"CREATE UNIQUE INDEX cleaning_job_addons_pkey ON cleaning_job_addons USING btree (job_id, addon_type_id)"
public,cleaning_job_details,cleaning_job_details_pkey,true,true,btree,CREATE UNIQUE INDEX cleaning_job_details_pkey ON cleaning_job_details USING btree (job_id)
public,cleaning_service_types,cleaning_service_types_key_key,true,false,btree,CREATE UNIQUE INDEX cleaning_service_types_key_key ON cleaning_service_types USING btree (key)
public,cleaning_service_types,cleaning_service_types_pkey,true,true,btree,CREATE UNIQUE INDEX cleaning_service_types_pkey ON cleaning_service_types USING btree (id)
public,commercial_addons,commercial_addons_org_id_idx,false,false,btree,CREATE INDEX commercial_addons_org_id_idx ON commercial_addons USING btree (org_id)
public,commercial_addons,commercial_addons_pkey,true,true,btree,CREATE UNIQUE INDEX commercial_addons_pkey ON commercial_addons USING btree (id)
public,commercial_categories,commercial_categories_org_key_unique,true,false,btree,"CREATE UNIQUE INDEX commercial_categories_org_key_unique ON commercial_categories USING btree (org_id, key)"
public,commercial_categories,commercial_categories_pkey,true,true,btree,CREATE UNIQUE INDEX commercial_categories_pkey ON commercial_categories USING btree (id)
public,commercial_categories,idx_commercial_categories_org,false,false,btree,CREATE INDEX idx_commercial_categories_org ON commercial_categories USING btree (org_id)
public,commercial_deposits,commercial_deposits_org_id_idx,false,false,btree,CREATE INDEX commercial_deposits_org_id_idx ON commercial_deposits USING btree (org_id)
public,commercial_deposits,commercial_deposits_pkey,true,true,btree,CREATE UNIQUE INDEX commercial_deposits_pkey ON commercial_deposits USING btree (id)
public,commercial_fees,commercial_fees_org_id_idx,false,false,btree,CREATE INDEX commercial_fees_org_id_idx ON commercial_fees USING btree (org_id)
public,commercial_fees,commercial_fees_org_id_program_key_idx,false,false,btree,"CREATE INDEX commercial_fees_org_id_program_key_idx ON commercial_fees USING btree (org_id, program_key) WHERE program_key IS NOT NULL"
public,commercial_fees,commercial_fees_pkey,true,true,btree,CREATE UNIQUE INDEX commercial_fees_pkey ON commercial_fees USING btree (id)
public,commercial_policies,commercial_policies_pkey,true,true,btree,CREATE UNIQUE INDEX commercial_policies_pkey ON commercial_policies USING btree (id)
public,commercial_policies,idx_commercial_policies_org_scope,false,false,btree,"CREATE INDEX idx_commercial_policies_org_scope ON commercial_policies USING btree (org_id, scope_type)"
public,commercial_policies,idx_commercial_policies_org_type,false,false,btree,"CREATE INDEX idx_commercial_policies_org_type ON commercial_policies USING btree (org_id, policy_type)"
public,commercial_products,commercial_products_pkey,true,true,btree,CREATE UNIQUE INDEX commercial_products_pkey ON commercial_products USING btree (id)
public,commercial_products,idx_commercial_products_org,false,false,btree,CREATE INDEX idx_commercial_products_org ON commercial_products USING btree (org_id)
public,commercial_products,idx_commercial_products_org_category,false,false,btree,"CREATE INDEX idx_commercial_products_org_category ON commercial_products USING btree (org_id, category_id) WHERE category_id IS NOT NULL"
public,commercial_products,idx_commercial_products_org_program,false,false,btree,"CREATE INDEX idx_commercial_products_org_program ON commercial_products USING btree (org_id, program_key) WHERE program_key IS NOT NULL"
public,commercial_products,idx_commercial_products_org_type,false,false,btree,"CREATE INDEX idx_commercial_products_org_type ON commercial_products USING btree (org_id, commercial_type)"
public,commercial_products,idx_commercial_products_revenue_category,false,false,btree,CREATE INDEX idx_commercial_products_revenue_category ON commercial_products USING btree (revenue_category_id) WHERE revenue_category_id IS NOT NULL
public,commercial_products,uq_commercial_products_source,true,false,btree,"CREATE UNIQUE INDEX uq_commercial_products_source ON commercial_products USING btree (source_table, source_id) WHERE source_id IS NOT NULL"
public,commercial_revenue_categories,commercial_revenue_categories_org_label_unique,true,false,btree,"CREATE UNIQUE INDEX commercial_revenue_categories_org_label_unique ON commercial_revenue_categories USING btree (org_id, label)"
public,commercial_revenue_categories,commercial_revenue_categories_pkey,true,true,btree,CREATE UNIQUE INDEX commercial_revenue_categories_pkey ON commercial_revenue_categories USING btree (id)
public,commercial_revenue_categories,idx_commercial_revenue_categories_gl,false,false,btree,CREATE INDEX idx_commercial_revenue_categories_gl ON commercial_revenue_categories USING btree (mapped_gl_account_id) WHERE mapped_gl_account_id IS NOT NULL
public,commercial_revenue_categories,idx_commercial_revenue_categories_org,false,false,btree,CREATE INDEX idx_commercial_revenue_categories_org ON commercial_revenue_categories USING btree (org_id)
public,commercial_tuition_rates,commercial_tuition_rates_pkey,true,true,btree,CREATE UNIQUE INDEX commercial_tuition_rates_pkey ON commercial_tuition_rates USING btree (id)
public,commercial_tuition_rates,commercial_tuition_rates_unique,true,false,btree,"CREATE UNIQUE INDEX commercial_tuition_rates_unique ON commercial_tuition_rates USING btree (org_id, location_id, variant_id, cadence_key, payer_type) NULLS NOT DISTINCT"
public,commercial_tuition_rates,idx_commercial_tuition_rates_org,false,false,btree,CREATE INDEX idx_commercial_tuition_rates_org ON commercial_tuition_rates USING btree (org_id)
public,commercial_tuition_rates,idx_commercial_tuition_rates_org_location,false,false,btree,"CREATE INDEX idx_commercial_tuition_rates_org_location ON commercial_tuition_rates USING btree (org_id, location_id) WHERE location_id IS NOT NULL"
public,commercial_tuition_rates,idx_commercial_tuition_rates_revenue_category,false,false,btree,CREATE INDEX idx_commercial_tuition_rates_revenue_category ON commercial_tuition_rates USING btree (revenue_category_id) WHERE revenue_category_id IS NOT NULL
public,commercial_tuition_rates,idx_commercial_tuition_rates_variant,false,false,btree,CREATE INDEX idx_commercial_tuition_rates_variant ON commercial_tuition_rates USING btree (variant_id)
public,communication_delivery_events,communication_delivery_events_pkey,true,true,btree,CREATE UNIQUE INDEX communication_delivery_events_pkey ON communication_delivery_events USING btree (id)
public,communication_delivery_events,idx_comm_delivery_events_message,false,false,btree,"CREATE INDEX idx_comm_delivery_events_message ON communication_delivery_events USING btree (message_id, occurred_at DESC)"
public,communication_delivery_events,idx_comm_delivery_events_org_type,false,false,btree,"CREATE INDEX idx_comm_delivery_events_org_type ON communication_delivery_events USING btree (org_id, event_type, occurred_at DESC)"
public,communication_delivery_events,idx_comm_delivery_events_provider_msg,false,false,btree,"CREATE INDEX idx_comm_delivery_events_provider_msg ON communication_delivery_events USING btree (provider, provider_message_id) WHERE provider_message_id IS NOT NULL"
public,communication_delivery_events,uq_comm_delivery_events_provider_event,true,false,btree,"CREATE UNIQUE INDEX uq_comm_delivery_events_provider_event ON communication_delivery_events USING btree (provider, provider_event_id) WHERE provider_event_id IS NOT NULL"
public,communication_identities,communication_identities_legacy_binding_uq,true,false,btree,CREATE UNIQUE INDEX communication_identities_legacy_binding_uq ON communication_identities USING btree (legacy_binding_id) WHERE legacy_binding_id IS NOT NULL
public,communication_identities,communication_identities_pkey,true,true,btree,CREATE UNIQUE INDEX communication_identities_pkey ON communication_identities USING btree (id)
public,communication_identities,idx_comm_identities_org_channel,false,false,btree,"CREATE INDEX idx_comm_identities_org_channel ON communication_identities USING btree (org_id, channel, status) WHERE status = 'active'::text"
public,communication_identities,idx_comm_identities_org_normalized,false,false,btree,"CREATE INDEX idx_comm_identities_org_normalized ON communication_identities USING btree (org_id, channel, normalized_address) WHERE status = 'active'::text"
public,communication_identities,idx_comm_identities_provider_account,false,false,btree,CREATE INDEX idx_comm_identities_provider_account ON communication_identities USING btree (provider_account_id)
public,communication_identity_grants,communication_identity_grants_pkey,true,true,btree,CREATE UNIQUE INDEX communication_identity_grants_pkey ON communication_identity_grants USING btree (id)
public,communication_identity_grants,communication_identity_grants_user_uq,true,false,btree,"CREATE UNIQUE INDEX communication_identity_grants_user_uq ON communication_identity_grants USING btree (org_id, identity_id, user_id)"
public,communication_identity_grants,idx_comm_identity_grants_user,false,false,btree,"CREATE INDEX idx_comm_identity_grants_user ON communication_identity_grants USING btree (org_id, user_id, status) WHERE status = 'active'::text"
public,communication_identity_location_bindings,comm_identity_loc_binding_uq,true,false,btree,"CREATE UNIQUE INDEX comm_identity_loc_binding_uq ON communication_identity_location_bindings USING btree (identity_id, location_id)"
public,communication_identity_location_bindings,comm_identity_loc_default_uq,true,false,btree,"CREATE UNIQUE INDEX comm_identity_loc_default_uq ON communication_identity_location_bindings USING btree (org_id, location_id, channel) WHERE is_default = true AND status = 'active'::text"
public,communication_identity_location_bindings,communication_identity_location_bindings_pkey,true,true,btree,CREATE UNIQUE INDEX communication_identity_location_bindings_pkey ON communication_identity_location_bindings USING btree (id)
public,communication_identity_location_bindings,idx_comm_identity_loc_bindings_location,false,false,btree,"CREATE INDEX idx_comm_identity_loc_bindings_location ON communication_identity_location_bindings USING btree (org_id, location_id, channel, status) WHERE status = 'active'::text"
public,communication_message_reads,communication_message_reads_pkey,true,true,btree,"CREATE UNIQUE INDEX communication_message_reads_pkey ON communication_message_reads USING btree (message_id, user_id)"
public,communication_message_reads,idx_comm_reads_org,false,false,btree,CREATE INDEX idx_comm_reads_org ON communication_message_reads USING btree (org_id)
public,communication_message_recipients,communication_message_recipients_pkey,true,true,btree,CREATE UNIQUE INDEX communication_message_recipients_pkey ON communication_message_recipients USING btree (id)
public,communication_message_recipients,idx_comm_msg_recipients_message,false,false,btree,CREATE INDEX idx_comm_msg_recipients_message ON communication_message_recipients USING btree (message_id)
public,communication_message_recipients,idx_comm_msg_recipients_org_person,false,false,btree,"CREATE INDEX idx_comm_msg_recipients_org_person ON communication_message_recipients USING btree (org_id, person_id, created_at DESC) WHERE person_id IS NOT NULL"
public,communication_message_recipients,idx_comm_msg_recipients_provider_msg,false,false,btree,"CREATE INDEX idx_comm_msg_recipients_provider_msg ON communication_message_recipients USING btree (org_id, provider_message_id) WHERE provider_message_id IS NOT NULL"
public,communication_messages,communication_messages_pkey,true,true,btree,CREATE UNIQUE INDEX communication_messages_pkey ON communication_messages USING btree (id)
public,communication_messages,idx_comm_msgs_identity,false,false,btree,CREATE INDEX idx_comm_msgs_identity ON communication_messages USING btree (communication_identity_id) WHERE communication_identity_id IS NOT NULL
public,communication_messages,idx_comm_msgs_org,false,false,btree,CREATE INDEX idx_comm_msgs_org ON communication_messages USING btree (org_id)
public,communication_messages,idx_comm_msgs_org_thread_created,false,false,btree,"CREATE INDEX idx_comm_msgs_org_thread_created ON communication_messages USING btree (org_id, thread_id, created_at DESC)"
public,communication_messages,idx_comm_msgs_queue,false,false,btree,"CREATE INDEX idx_comm_msgs_queue ON communication_messages USING btree (org_id, status, channel, direction) WHERE direction = 'outbound'::text AND status = 'queued'::text"
public,communication_messages,idx_comm_msgs_thread,false,false,btree,CREATE INDEX idx_comm_msgs_thread ON communication_messages USING btree (thread_id)
public,communication_preference_events,communication_preference_events_pkey,true,true,btree,CREATE UNIQUE INDEX communication_preference_events_pkey ON communication_preference_events USING btree (id)
public,communication_preference_events,idx_comm_pref_events_org_category,false,false,btree,"CREATE INDEX idx_comm_pref_events_org_category ON communication_preference_events USING btree (org_id, category, occurred_at DESC)"
public,communication_preference_events,idx_comm_pref_events_org_person,false,false,btree,"CREATE INDEX idx_comm_pref_events_org_person ON communication_preference_events USING btree (org_id, person_id, occurred_at DESC)"
public,communication_preferences,communication_preferences_person_category_uq,true,false,btree,"CREATE UNIQUE INDEX communication_preferences_person_category_uq ON communication_preferences USING btree (org_id, person_id, category)"
public,communication_preferences,communication_preferences_pkey,true,true,btree,CREATE UNIQUE INDEX communication_preferences_pkey ON communication_preferences USING btree (id)
public,communication_preferences,idx_comm_prefs_org_person,false,false,btree,"CREATE INDEX idx_comm_prefs_org_person ON communication_preferences USING btree (org_id, person_id)"
public,communication_provider_accounts,communication_provider_accounts_legacy_binding_uq,true,false,btree,CREATE UNIQUE INDEX communication_provider_accounts_legacy_binding_uq ON communication_provider_accounts USING btree (legacy_binding_id) WHERE legacy_binding_id IS NOT NULL
public,communication_provider_accounts,communication_provider_accounts_pkey,true,true,btree,CREATE UNIQUE INDEX communication_provider_accounts_pkey ON communication_provider_accounts USING btree (id)
public,communication_provider_accounts,idx_comm_provider_accounts_org,false,false,btree,"CREATE INDEX idx_comm_provider_accounts_org ON communication_provider_accounts USING btree (org_id, provider_type) WHERE status = 'active'::text"
public,communication_provider_bindings,communication_bindings_org_inbound_to_uq,true,false,btree,"CREATE UNIQUE INDEX communication_bindings_org_inbound_to_uq ON communication_provider_bindings USING btree (org_id, inbound_to_e164) WHERE inbound_to_e164 IS NOT NULL"
public,communication_provider_bindings,communication_provider_bindings_pkey,true,true,btree,CREATE UNIQUE INDEX communication_provider_bindings_pkey ON communication_provider_bindings USING btree (id)
public,communication_provider_bindings,idx_comm_bindings_org_channel,false,false,btree,"CREATE INDEX idx_comm_bindings_org_channel ON communication_provider_bindings USING btree (org_id, channel) WHERE status = 'active'::text"
public,communication_provider_bindings,idx_comm_bindings_org_location_scope,false,false,btree,"CREATE INDEX idx_comm_bindings_org_location_scope ON communication_provider_bindings USING btree (org_id, location_id, channel, scope) WHERE status = 'active'::text"
public,communication_scheduled_sends,communication_scheduled_sends_pkey,true,true,btree,CREATE UNIQUE INDEX communication_scheduled_sends_pkey ON communication_scheduled_sends USING btree (id)
public,communication_scheduled_sends,idx_comm_sched_sends_announcement,false,false,btree,"CREATE INDEX idx_comm_sched_sends_announcement ON communication_scheduled_sends USING btree (announcement_id, status) WHERE announcement_id IS NOT NULL"
public,communication_scheduled_sends,idx_comm_sched_sends_org_status_due,false,false,btree,"CREATE INDEX idx_comm_sched_sends_org_status_due ON communication_scheduled_sends USING btree (org_id, status, scheduled_for) WHERE status = ANY (ARRAY['pending'::text, 'claimed'::text])"
public,communication_scheduled_sends,ux_comm_sched_sends_one_pending_per_proposal,true,false,btree,"CREATE UNIQUE INDEX ux_comm_sched_sends_one_pending_per_proposal ON communication_scheduled_sends USING btree (proposal_id) WHERE proposal_id IS NOT NULL AND (status = ANY (ARRAY['pending'::text, 'claimed'::text]))"
public,communication_scheduled_sends,ux_comm_sched_sends_tour_reminder_dedupe,true,false,btree,"CREATE UNIQUE INDEX ux_comm_sched_sends_tour_reminder_dedupe ON communication_scheduled_sends USING btree (org_id, entity_id, (metadata ->> 'tour_booking_id'::text), (metadata ->> 'reminder_key'::text), channel) WHERE source = 'tour_scheduling'::text AND (status = ANY (ARRAY['pending'::text, 'claimed'::text])) AND COALESCE(TRIM(BOTH FROM metadata ->> 'tour_booking_id'::text), ''::text) <> ''::text AND COALESCE(TRIM(BOTH FROM metadata ->> 'reminder_key'::text), ''::text) <> ''::text"
public,communication_snippets,communication_snippets_org_name_uq,true,false,btree,"CREATE UNIQUE INDEX communication_snippets_org_name_uq ON communication_snippets USING btree (org_id, name)"
public,communication_snippets,communication_snippets_pkey,true,true,btree,CREATE UNIQUE INDEX communication_snippets_pkey ON communication_snippets USING btree (id)
public,communication_template_versions,communication_template_versions_pkey,true,true,btree,CREATE UNIQUE INDEX communication_template_versions_pkey ON communication_template_versions USING btree (id)
public,communication_template_versions,communication_template_versions_template_version_uq,true,false,btree,"CREATE UNIQUE INDEX communication_template_versions_template_version_uq ON communication_template_versions USING btree (template_id, version)"
public,communication_template_versions,idx_comm_template_versions_org,false,false,btree,CREATE INDEX idx_comm_template_versions_org ON communication_template_versions USING btree (org_id)
public,communication_template_versions,idx_comm_template_versions_org_template,false,false,btree,"CREATE INDEX idx_comm_template_versions_org_template ON communication_template_versions USING btree (org_id, template_id, version DESC)"
public,communication_template_versions,idx_comm_template_versions_template,false,false,btree,"CREATE INDEX idx_comm_template_versions_template ON communication_template_versions USING btree (template_id, version_number DESC)"
public,communication_template_versions,idx_comm_template_versions_template_b2,false,false,btree,"CREATE INDEX idx_comm_template_versions_template_b2 ON communication_template_versions USING btree (template_id, version_number DESC)"
public,communication_templates,communication_templates_org_name_uq,true,false,btree,"CREATE UNIQUE INDEX communication_templates_org_name_uq ON communication_templates USING btree (org_id, name)"
public,communication_templates,communication_templates_pkey,true,true,btree,CREATE UNIQUE INDEX communication_templates_pkey ON communication_templates USING btree (id)
public,communication_templates,idx_comm_templates_org,false,false,btree,CREATE INDEX idx_comm_templates_org ON communication_templates USING btree (org_id)
public,communication_templates,idx_comm_templates_org_category_channel,false,false,btree,"CREATE INDEX idx_comm_templates_org_category_channel ON communication_templates USING btree (org_id, category, channel)"
public,communication_templates,idx_comm_templates_org_channel_status,false,false,btree,"CREATE INDEX idx_comm_templates_org_channel_status ON communication_templates USING btree (org_id, channel, approval_status)"
public,communication_templates,idx_comm_templates_org_status,false,false,btree,"CREATE INDEX idx_comm_templates_org_status ON communication_templates USING btree (org_id, status)"
public,communication_threads,communication_threads_identity_uq,true,false,btree,"CREATE UNIQUE INDEX communication_threads_identity_uq ON communication_threads USING btree (org_id, primary_entity_type, primary_entity_id, channel, recipient_key)"
public,communication_threads,communication_threads_pkey,true,true,btree,CREATE UNIQUE INDEX communication_threads_pkey ON communication_threads USING btree (id)
public,communication_threads,idx_comm_threads_org,false,false,btree,CREATE INDEX idx_comm_threads_org ON communication_threads USING btree (org_id)
public,communication_threads,idx_comm_threads_org_assigned_user,false,false,btree,"CREATE INDEX idx_comm_threads_org_assigned_user ON communication_threads USING btree (org_id, assigned_user_id) WHERE assigned_user_id IS NOT NULL"
public,communication_threads,idx_comm_threads_org_assignment,false,false,btree,"CREATE INDEX idx_comm_threads_org_assignment ON communication_threads USING btree (org_id, assignment_state, sla_state)"
public,communication_threads,idx_comm_threads_org_attention,false,false,btree,"CREATE INDEX idx_comm_threads_org_attention ON communication_threads USING btree (org_id, attention_state, last_message_at DESC) WHERE attention_state IS NOT NULL"
public,communication_threads,idx_comm_threads_org_channel,false,false,btree,"CREATE INDEX idx_comm_threads_org_channel ON communication_threads USING btree (org_id, channel)"
public,communication_threads,idx_comm_threads_org_entity,false,false,btree,"CREATE INDEX idx_comm_threads_org_entity ON communication_threads USING btree (org_id, primary_entity_type, primary_entity_id)"
public,communication_threads,idx_comm_threads_org_inbox_active,false,false,btree,"CREATE INDEX idx_comm_threads_org_inbox_active ON communication_threads USING btree (org_id, last_message_at DESC NULLS LAST, updated_at DESC) WHERE archived_at IS NULL"
public,communication_threads,idx_comm_threads_org_inbox_archived,false,false,btree,"CREATE INDEX idx_comm_threads_org_inbox_archived ON communication_threads USING btree (org_id, last_message_at DESC NULLS LAST, updated_at DESC) WHERE archived_at IS NOT NULL"
public,config_layout_assist_proposals,config_layout_assist_proposals_pkey,true,true,btree,CREATE UNIQUE INDEX config_layout_assist_proposals_pkey ON config_layout_assist_proposals USING btree (id)
public,config_layout_assist_proposals,idx_config_layout_assist_proposals_org_category_created,false,false,btree,"CREATE INDEX idx_config_layout_assist_proposals_org_category_created ON config_layout_assist_proposals USING btree (org_id, category, created_at DESC)"
public,config_layout_assist_proposals,idx_config_layout_assist_proposals_org_created,false,false,btree,"CREATE INDEX idx_config_layout_assist_proposals_org_created ON config_layout_assist_proposals USING btree (org_id, created_at DESC)"
public,config_layout_assist_proposals,idx_config_layout_assist_proposals_org_state_created,false,false,btree,"CREATE INDEX idx_config_layout_assist_proposals_org_state_created ON config_layout_assist_proposals USING btree (org_id, state, created_at DESC)"
public,consumption_event_types,consumption_event_types_pkey,true,true,btree,CREATE UNIQUE INDEX consumption_event_types_pkey ON consumption_event_types USING btree (id)
public,consumption_event_types,idx_consumption_event_types_global_key,true,false,btree,CREATE UNIQUE INDEX idx_consumption_event_types_global_key ON consumption_event_types USING btree (event_key) WHERE org_id IS NULL
public,consumption_event_types,idx_consumption_event_types_org_key,true,false,btree,"CREATE UNIQUE INDEX idx_consumption_event_types_org_key ON consumption_event_types USING btree (org_id, event_key) WHERE org_id IS NOT NULL"
public,consumption_events,consumption_events_pkey,true,true,btree,CREATE UNIQUE INDEX consumption_events_pkey ON consumption_events USING btree (id)
public,consumption_events,idx_consumption_events_org_event_key,false,false,btree,"CREATE INDEX idx_consumption_events_org_event_key ON consumption_events USING btree (org_id, event_key)"
public,consumption_events,idx_consumption_events_org_idempotency,true,false,btree,"CREATE UNIQUE INDEX idx_consumption_events_org_idempotency ON consumption_events USING btree (org_id, idempotency_key)"
public,consumption_events,idx_consumption_events_org_location,false,false,btree,"CREATE INDEX idx_consumption_events_org_location ON consumption_events USING btree (org_id, location_id) WHERE location_id IS NOT NULL"
public,consumption_events,idx_consumption_events_source,false,false,btree,"CREATE INDEX idx_consumption_events_source ON consumption_events USING btree (org_id, source_entity_type, source_entity_id)"
public,contact_tags,contact_tags_pkey,true,true,btree,"CREATE UNIQUE INDEX contact_tags_pkey ON contact_tags USING btree (contact_id, tag_id)"
public,contacts,contacts_email_unique,true,false,btree,CREATE UNIQUE INDEX contacts_email_unique ON contacts USING btree (lower(TRIM(BOTH FROM email))) WHERE email IS NOT NULL AND length(TRIM(BOTH FROM email)) > 0
public,contacts,contacts_org_status_idx,false,false,btree,"CREATE INDEX contacts_org_status_idx ON contacts USING btree (org_id, status_key)"
public,contacts,contacts_phone_unique,true,false,btree,CREATE UNIQUE INDEX contacts_phone_unique ON contacts USING btree (phone) WHERE phone IS NOT NULL AND length(TRIM(BOTH FROM phone)) > 0
public,contacts,contacts_pkey,true,true,btree,CREATE UNIQUE INDEX contacts_pkey ON contacts USING btree (id)
public,contacts,idx_contacts_archived,false,false,btree,"CREATE INDEX idx_contacts_archived ON contacts USING btree (org_id, archived_at)"
public,contacts,idx_contacts_customer_id,false,false,btree,CREATE INDEX idx_contacts_customer_id ON contacts USING btree (customer_id)
public,contacts,idx_contacts_email,false,false,btree,CREATE INDEX idx_contacts_email ON contacts USING btree (lower(email))
public,contacts,idx_contacts_external,false,false,btree,"CREATE INDEX idx_contacts_external ON contacts USING btree (external_source, external_id)"
public,contacts,idx_contacts_org_id,false,false,btree,CREATE INDEX idx_contacts_org_id ON contacts USING btree (org_id)
public,contacts,idx_contacts_person_id,false,false,btree,CREATE INDEX idx_contacts_person_id ON contacts USING btree (person_id)
public,contacts,idx_contacts_phone,false,false,btree,CREATE INDEX idx_contacts_phone ON contacts USING btree (phone)
public,contacts,idx_contacts_postal_code,false,false,btree,CREATE INDEX idx_contacts_postal_code ON contacts USING btree (postal_code)
public,contacts,idx_contacts_vendor_id,false,false,btree,CREATE INDEX idx_contacts_vendor_id ON contacts USING btree (vendor_id)
public,contacts,ux_contacts_email_not_null,true,false,btree,CREATE UNIQUE INDEX ux_contacts_email_not_null ON contacts USING btree (lower(email)) WHERE email IS NOT NULL AND email <> ''::text
public,contacts,ux_contacts_phone_not_null,true,false,btree,CREATE UNIQUE INDEX ux_contacts_phone_not_null ON contacts USING btree (phone) WHERE phone IS NOT NULL AND phone <> ''::text
public,conversation_assignment_events,conversation_assignment_events_pkey,true,true,btree,CREATE UNIQUE INDEX conversation_assignment_events_pkey ON conversation_assignment_events USING btree (id)
public,conversation_assignment_events,idx_conv_assign_events_org_thread,false,false,btree,"CREATE INDEX idx_conv_assign_events_org_thread ON conversation_assignment_events USING btree (org_id, thread_id, occurred_at DESC)"
public,conversation_assignment_events,idx_conv_assign_events_org_time,false,false,btree,"CREATE INDEX idx_conv_assign_events_org_time ON conversation_assignment_events USING btree (org_id, occurred_at DESC)"
public,customer_member_contact_roles,customer_member_contact_roles_org_active_idx,false,false,btree,"CREATE INDEX customer_member_contact_roles_org_active_idx ON customer_member_contact_roles USING btree (org_id, is_active, sort_order)"
public,customer_member_contact_roles,customer_member_contact_roles_pkey,true,true,btree,CREATE UNIQUE INDEX customer_member_contact_roles_pkey ON customer_member_contact_roles USING btree (id)
public,customer_member_contact_roles,customer_member_contact_roles_unique,true,false,btree,"CREATE UNIQUE INDEX customer_member_contact_roles_unique ON customer_member_contact_roles USING btree (org_id, role_key)"
public,customer_member_contacts,customer_member_contacts_org_contact_idx,false,false,btree,"CREATE INDEX customer_member_contacts_org_contact_idx ON customer_member_contacts USING btree (org_id, contact_id)"
public,customer_member_contacts,customer_member_contacts_org_customer_idx,false,false,btree,"CREATE INDEX customer_member_contacts_org_customer_idx ON customer_member_contacts USING btree (org_id, customer_id)"
public,customer_member_contacts,customer_member_contacts_org_member_idx,false,false,btree,"CREATE INDEX customer_member_contacts_org_member_idx ON customer_member_contacts USING btree (org_id, customer_member_id)"
public,customer_member_contacts,customer_member_contacts_pkey,true,true,btree,CREATE UNIQUE INDEX customer_member_contacts_pkey ON customer_member_contacts USING btree (id)
public,customer_member_contacts,customer_member_contacts_unique,true,false,btree,"CREATE UNIQUE INDEX customer_member_contacts_unique ON customer_member_contacts USING btree (org_id, customer_member_id, contact_id, role_key)"
public,customer_member_relationship_types,customer_member_relationship_types_org_key_unique,true,false,btree,"CREATE UNIQUE INDEX customer_member_relationship_types_org_key_unique ON customer_member_relationship_types USING btree (org_id, key)"
public,customer_member_relationship_types,customer_member_relationship_types_org_sort_idx,false,false,btree,"CREATE INDEX customer_member_relationship_types_org_sort_idx ON customer_member_relationship_types USING btree (org_id, sort_order, label)"
public,customer_member_relationship_types,customer_member_relationship_types_pkey,true,true,btree,CREATE UNIQUE INDEX customer_member_relationship_types_pkey ON customer_member_relationship_types USING btree (id)
public,customer_member_relationship_types,customer_member_relationship_types_unique,true,false,btree,"CREATE UNIQUE INDEX customer_member_relationship_types_unique ON customer_member_relationship_types USING btree (org_id, key)"
public,customer_members,customer_members_org_customer_idx,false,false,btree,"CREATE INDEX customer_members_org_customer_idx ON customer_members USING btree (org_id, customer_id)"
public,customer_members,customer_members_org_name_idx,false,false,btree,"CREATE INDEX customer_members_org_name_idx ON customer_members USING btree (org_id, display_name)"
public,customer_members,customer_members_org_status_idx,false,false,btree,"CREATE INDEX customer_members_org_status_idx ON customer_members USING btree (org_id, status_key)"
public,customer_members,customer_members_pkey,true,true,btree,CREATE UNIQUE INDEX customer_members_pkey ON customer_members USING btree (id)
public,customer_members,idx_customer_members_person_id,false,false,btree,CREATE INDEX idx_customer_members_person_id ON customer_members USING btree (person_id)
public,customer_payment_methods,customer_payment_methods_customer_id_stripe_payment_method__key,true,false,btree,"CREATE UNIQUE INDEX customer_payment_methods_customer_id_stripe_payment_method__key ON customer_payment_methods USING btree (customer_id, stripe_payment_method_id)"
public,customer_payment_methods,customer_payment_methods_pkey,true,true,btree,CREATE UNIQUE INDEX customer_payment_methods_pkey ON customer_payment_methods USING btree (id)
public,customer_person_role_types,customer_person_role_types_pkey,true,true,btree,CREATE UNIQUE INDEX customer_person_role_types_pkey ON customer_person_role_types USING btree (id)
public,customer_person_role_types,idx_customer_person_role_types_active,false,false,btree,"CREATE INDEX idx_customer_person_role_types_active ON customer_person_role_types USING btree (org_id, is_active, sort_order, label)"
public,customer_person_role_types,idx_customer_person_role_types_industry_id,false,false,btree,CREATE INDEX idx_customer_person_role_types_industry_id ON customer_person_role_types USING btree (industry_id)
public,customer_person_role_types,idx_customer_person_role_types_org_id,false,false,btree,CREATE INDEX idx_customer_person_role_types_org_id ON customer_person_role_types USING btree (org_id)
public,customer_person_role_types,idx_customer_person_role_types_vertical_id,false,false,btree,CREATE INDEX idx_customer_person_role_types_vertical_id ON customer_person_role_types USING btree (vertical_id)
public,customer_person_role_types,uq_customer_person_role_types_scope_key,true,false,btree,"CREATE UNIQUE INDEX uq_customer_person_role_types_scope_key ON customer_person_role_types USING btree (org_id, COALESCE(industry_id, '00000000-0000-0000-0000-000000000000'::uuid), COALESCE(vertical_id, '00000000-0000-0000-0000-000000000000'::uuid), key)"
public,customer_persons,customer_persons_pkey,true,true,btree,CREATE UNIQUE INDEX customer_persons_pkey ON customer_persons USING btree (id)
public,customer_persons,idx_customer_persons_customer_id,false,false,btree,CREATE INDEX idx_customer_persons_customer_id ON customer_persons USING btree (customer_id)
public,customer_persons,idx_customer_persons_org_id,false,false,btree,CREATE INDEX idx_customer_persons_org_id ON customer_persons USING btree (org_id)
public,customer_persons,idx_customer_persons_person_id,false,false,btree,CREATE INDEX idx_customer_persons_person_id ON customer_persons USING btree (person_id)
public,customer_persons,uq_customer_persons_unique,true,false,btree,"CREATE UNIQUE INDEX uq_customer_persons_unique ON customer_persons USING btree (org_id, customer_id, person_id, role_type)"
public,customer_subscriptions,customer_subscriptions_customer_id_idx,false,false,btree,CREATE INDEX customer_subscriptions_customer_id_idx ON customer_subscriptions USING btree (customer_id)
public,customer_subscriptions,customer_subscriptions_customer_idx,false,false,btree,CREATE INDEX customer_subscriptions_customer_idx ON customer_subscriptions USING btree (customer_id)
public,customer_subscriptions,customer_subscriptions_pkey,true,true,btree,CREATE UNIQUE INDEX customer_subscriptions_pkey ON customer_subscriptions USING btree (id)
public,customer_subscriptions,customer_subscriptions_status_idx,false,false,btree,CREATE INDEX customer_subscriptions_status_idx ON customer_subscriptions USING btree (status)
public,customer_subscriptions,idx_customer_subscriptions_org_customer,false,false,btree,"CREATE INDEX idx_customer_subscriptions_org_customer ON customer_subscriptions USING btree (org_id, customer_id)"
public,customer_subscriptions,uq_customer_subscriptions_active,true,false,btree,"CREATE UNIQUE INDEX uq_customer_subscriptions_active ON customer_subscriptions USING btree (org_id, customer_id, vertical_id, cadence, ""interval"") WHERE status = 'active'::text"
public,customer_tags,customer_tags_pkey,true,true,btree,"CREATE UNIQUE INDEX customer_tags_pkey ON customer_tags USING btree (customer_id, tag_id)"
public,customer_vertical_job_counters,customer_vertical_job_counters_pkey,true,true,btree,"CREATE UNIQUE INDEX customer_vertical_job_counters_pkey ON customer_vertical_job_counters USING btree (customer_id, vertical_id)"
public,customer_vertical_job_counters,uniq_counter_per_customer_vertical,true,false,btree,"CREATE UNIQUE INDEX uniq_counter_per_customer_vertical ON customer_vertical_job_counters USING btree (customer_id, vertical_id)"
public,customers,customers_org_status_idx,false,false,btree,"CREATE INDEX customers_org_status_idx ON customers USING btree (org_id, status_key)"
public,customers,customers_pkey,true,true,btree,CREATE UNIQUE INDEX customers_pkey ON customers USING btree (id)
public,customers,customers_stripe_customer_unique,true,false,btree,CREATE UNIQUE INDEX customers_stripe_customer_unique ON customers USING btree (stripe_customer_id) WHERE stripe_customer_id IS NOT NULL AND length(TRIM(BOTH FROM stripe_customer_id)) > 0
public,customers,idx_customers_external,false,false,btree,"CREATE INDEX idx_customers_external ON customers USING btree (external_source, external_id)"
public,customers,idx_customers_org_id,false,false,btree,CREATE INDEX idx_customers_org_id ON customers USING btree (org_id)
public,customers,idx_customers_primary_contact,false,false,btree,CREATE INDEX idx_customers_primary_contact ON customers USING btree (primary_contact_id)
public,customers,idx_customers_vertical_id,false,false,btree,CREATE INDEX idx_customers_vertical_id ON customers USING btree (vertical_id)
public,customers,ux_customers_org_customer_number,true,false,btree,"CREATE UNIQUE INDEX ux_customers_org_customer_number ON customers USING btree (org_id, customer_number)"
public,customers,ux_customers_stripe_customer_id_not_null,true,false,btree,CREATE UNIQUE INDEX ux_customers_stripe_customer_id_not_null ON customers USING btree (stripe_customer_id) WHERE stripe_customer_id IS NOT NULL AND stripe_customer_id <> ''::text
public,departments,departments_pkey,true,true,btree,CREATE UNIQUE INDEX departments_pkey ON departments USING btree (id)
public,departments,idx_departments_org_active_sort,false,false,btree,"CREATE INDEX idx_departments_org_active_sort ON departments USING btree (org_id, is_active, sort_order)"
public,departments,idx_departments_org_id,false,false,btree,CREATE INDEX idx_departments_org_id ON departments USING btree (org_id)
public,departments,uq_departments_org_key,true,false,btree,"CREATE UNIQUE INDEX uq_departments_org_key ON departments USING btree (org_id, key)"
public,discount_applications,discount_applications_commitment_idx,false,false,btree,CREATE INDEX discount_applications_commitment_idx ON discount_applications USING btree (discount_commitment_id)
public,discount_applications,discount_applications_customer_idx,false,false,btree,"CREATE INDEX discount_applications_customer_idx ON discount_applications USING btree (org_id, customer_id)"
public,discount_applications,discount_applications_legacy_discount_code_id_idx,false,false,btree,CREATE INDEX discount_applications_legacy_discount_code_id_idx ON discount_applications USING btree (legacy_discount_code_id) WHERE legacy_discount_code_id IS NOT NULL
public,discount_applications,discount_applications_legacy_discount_redemption_id_uidx,true,false,btree,CREATE UNIQUE INDEX discount_applications_legacy_discount_redemption_id_uidx ON discount_applications USING btree (legacy_discount_redemption_id) WHERE legacy_discount_redemption_id IS NOT NULL
public,discount_applications,discount_applications_org_target_idx,false,false,btree,"CREATE INDEX discount_applications_org_target_idx ON discount_applications USING btree (org_id, target_entity_type, target_entity_id)"
public,discount_applications,discount_applications_pkey,true,true,btree,CREATE UNIQUE INDEX discount_applications_pkey ON discount_applications USING btree (id)
public,discount_applications,discount_applications_program_idx,false,false,btree,CREATE INDEX discount_applications_program_idx ON discount_applications USING btree (discount_program_id)
public,discount_codes,discount_codes_code_key,true,false,btree,CREATE UNIQUE INDEX discount_codes_code_key ON discount_codes USING btree (code)
public,discount_codes,discount_codes_code_unique,true,false,btree,CREATE UNIQUE INDEX discount_codes_code_unique ON discount_codes USING btree (code)
public,discount_codes,discount_codes_pkey,true,true,btree,CREATE UNIQUE INDEX discount_codes_pkey ON discount_codes USING btree (id)
public,discount_codes,idx_discount_codes_active,false,false,btree,CREATE INDEX idx_discount_codes_active ON discount_codes USING btree (is_active)
public,discount_codes,idx_discount_codes_code,false,false,btree,CREATE INDEX idx_discount_codes_code ON discount_codes USING btree (code)
public,discount_codes,uniq_discount_codes_code,true,false,btree,CREATE UNIQUE INDEX uniq_discount_codes_code ON discount_codes USING btree (code)
public,discount_commitments,discount_commitments_org_customer_idx,false,false,btree,"CREATE INDEX discount_commitments_org_customer_idx ON discount_commitments USING btree (org_id, customer_id)"
public,discount_commitments,discount_commitments_pkey,true,true,btree,CREATE UNIQUE INDEX discount_commitments_pkey ON discount_commitments USING btree (id)
public,discount_commitments,discount_commitments_program_idx,false,false,btree,CREATE INDEX discount_commitments_program_idx ON discount_commitments USING btree (discount_program_id)
public,discount_commitments,discount_commitments_status_idx,false,false,btree,"CREATE INDEX discount_commitments_status_idx ON discount_commitments USING btree (org_id, status)"
public,discount_program_benefits,discount_program_benefits_org_idx,false,false,btree,CREATE INDEX discount_program_benefits_org_idx ON discount_program_benefits USING btree (org_id)
public,discount_program_benefits,discount_program_benefits_pkey,true,true,btree,CREATE UNIQUE INDEX discount_program_benefits_pkey ON discount_program_benefits USING btree (id)
public,discount_program_benefits,discount_program_benefits_program_idx,false,false,btree,CREATE INDEX discount_program_benefits_program_idx ON discount_program_benefits USING btree (discount_program_id)
public,discount_program_commitment_rules,discount_program_commitment_rules_org_idx,false,false,btree,CREATE INDEX discount_program_commitment_rules_org_idx ON discount_program_commitment_rules USING btree (org_id)
public,discount_program_commitment_rules,discount_program_commitment_rules_pkey,true,true,btree,CREATE UNIQUE INDEX discount_program_commitment_rules_pkey ON discount_program_commitment_rules USING btree (id)
public,discount_program_commitment_rules,discount_program_commitment_rules_program_idx,false,false,btree,CREATE INDEX discount_program_commitment_rules_program_idx ON discount_program_commitment_rules USING btree (discount_program_id)
public,discount_program_commitment_rules,discount_program_commitment_rules_program_unique,true,false,btree,CREATE UNIQUE INDEX discount_program_commitment_rules_program_unique ON discount_program_commitment_rules USING btree (discount_program_id)
public,discount_program_qualifiers,discount_program_qualifiers_org_idx,false,false,btree,CREATE INDEX discount_program_qualifiers_org_idx ON discount_program_qualifiers USING btree (org_id)
public,discount_program_qualifiers,discount_program_qualifiers_pkey,true,true,btree,CREATE UNIQUE INDEX discount_program_qualifiers_pkey ON discount_program_qualifiers USING btree (id)
public,discount_program_qualifiers,discount_program_qualifiers_program_idx,false,false,btree,"CREATE INDEX discount_program_qualifiers_program_idx ON discount_program_qualifiers USING btree (discount_program_id, sort_order)"
public,discount_programs,discount_programs_legacy_discount_code_id_uidx,true,false,btree,CREATE UNIQUE INDEX discount_programs_legacy_discount_code_id_uidx ON discount_programs USING btree (legacy_discount_code_id) WHERE legacy_discount_code_id IS NOT NULL
public,discount_programs,discount_programs_org_code_unique_active_idx,true,false,btree,"CREATE UNIQUE INDEX discount_programs_org_code_unique_active_idx ON discount_programs USING btree (org_id, lower(code)) WHERE code IS NOT NULL"
public,discount_programs,discount_programs_org_program_type_idx,false,false,btree,"CREATE INDEX discount_programs_org_program_type_idx ON discount_programs USING btree (org_id, program_type)"
public,discount_programs,discount_programs_org_status_idx,false,false,btree,"CREATE INDEX discount_programs_org_status_idx ON discount_programs USING btree (org_id, status)"
public,discount_programs,discount_programs_pkey,true,true,btree,CREATE UNIQUE INDEX discount_programs_pkey ON discount_programs USING btree (id)
public,discount_redemptions,discount_redemptions_pkey,true,true,btree,CREATE UNIQUE INDEX discount_redemptions_pkey ON discount_redemptions USING btree (id)
public,discount_redemptions,discount_redemptions_unique_code,true,false,btree,"CREATE UNIQUE INDEX discount_redemptions_unique_code ON discount_redemptions USING btree (customer_id, discount_code_id) WHERE discount_code_id IS NOT NULL"
public,discount_redemptions,discount_redemptions_unique_program,true,false,btree,"CREATE UNIQUE INDEX discount_redemptions_unique_program ON discount_redemptions USING btree (customer_id, discount_program_id) WHERE discount_program_id IS NOT NULL"
public,discount_redemptions,idx_discount_redemptions_code,false,false,btree,CREATE INDEX idx_discount_redemptions_code ON discount_redemptions USING btree (discount_code)
public,discount_redemptions,idx_discount_redemptions_contact,false,false,btree,CREATE INDEX idx_discount_redemptions_contact ON discount_redemptions USING btree (contact_id)
public,discount_redemptions,idx_discount_redemptions_created,false,false,btree,CREATE INDEX idx_discount_redemptions_created ON discount_redemptions USING btree (created_at DESC)
public,discount_redemptions,idx_discount_redemptions_discount_code,false,false,btree,CREATE INDEX idx_discount_redemptions_discount_code ON discount_redemptions USING btree (discount_code)
public,discount_redemptions,idx_discount_redemptions_job,false,false,btree,CREATE INDEX idx_discount_redemptions_job ON discount_redemptions USING btree (job_id)
public,discount_redemptions,idx_discount_redemptions_opportunity,false,false,btree,CREATE INDEX idx_discount_redemptions_opportunity ON discount_redemptions USING btree (opportunity_id)
public,discount_redemptions,uniq_redemption_per_contact_code,true,false,btree,"CREATE UNIQUE INDEX uniq_redemption_per_contact_code ON discount_redemptions USING btree (contact_id, discount_code_id)"
public,discount_redemptions,uniq_redemption_per_customer_code,true,false,btree,"CREATE UNIQUE INDEX uniq_redemption_per_customer_code ON discount_redemptions USING btree (customer_id, discount_code_id) WHERE customer_id IS NOT NULL"
public,discounts,discounts_code_key,true,false,btree,CREATE UNIQUE INDEX discounts_code_key ON discounts USING btree (code)
public,discounts,discounts_pkey,true,true,btree,CREATE UNIQUE INDEX discounts_pkey ON discounts USING btree (id)
public,document_field_definitions,document_field_definitions_org_doc_type_field_key_key,true,false,btree,"CREATE UNIQUE INDEX document_field_definitions_org_doc_type_field_key_key ON document_field_definitions USING btree (org_id, doc_type, field_key)"
public,document_field_definitions,document_field_definitions_pkey,true,true,btree,CREATE UNIQUE INDEX document_field_definitions_pkey ON document_field_definitions USING btree (id)
public,document_field_definitions,idx_document_field_definitions_org_doc_type,false,false,btree,"CREATE INDEX idx_document_field_definitions_org_doc_type ON document_field_definitions USING btree (org_id, doc_type)"
public,document_field_definitions,idx_document_field_definitions_org_id,false,false,btree,CREATE INDEX idx_document_field_definitions_org_id ON document_field_definitions USING btree (org_id)
public,document_field_values,document_field_values_document_id_field_key_key,true,false,btree,"CREATE UNIQUE INDEX document_field_values_document_id_field_key_key ON document_field_values USING btree (document_id, field_key)"
public,document_field_values,document_field_values_pkey,true,true,btree,CREATE UNIQUE INDEX document_field_values_pkey ON document_field_values USING btree (id)
public,document_field_values,idx_document_field_values_document_id,false,false,btree,CREATE INDEX idx_document_field_values_document_id ON document_field_values USING btree (document_id)
public,document_field_values,idx_document_field_values_field_definition_id,false,false,btree,CREATE INDEX idx_document_field_values_field_definition_id ON document_field_values USING btree (field_definition_id)
public,document_field_values,idx_document_field_values_org_id,false,false,btree,CREATE INDEX idx_document_field_values_org_id ON document_field_values USING btree (org_id)
public,document_versions,document_versions_document_id_version_number_key,true,false,btree,"CREATE UNIQUE INDEX document_versions_document_id_version_number_key ON document_versions USING btree (document_id, version_number)"
public,document_versions,document_versions_pkey,true,true,btree,CREATE UNIQUE INDEX document_versions_pkey ON document_versions USING btree (id)
public,document_versions,idx_document_versions_document_id,false,false,btree,CREATE INDEX idx_document_versions_document_id ON document_versions USING btree (document_id)
public,document_versions,idx_document_versions_org_id,false,false,btree,CREATE INDEX idx_document_versions_org_id ON document_versions USING btree (org_id)
public,documents,documents_pkey,true,true,btree,CREATE UNIQUE INDEX documents_pkey ON documents USING btree (id)
public,documents,idx_documents_created_at,false,false,btree,CREATE INDEX idx_documents_created_at ON documents USING btree (created_at)
public,documents,idx_documents_doc_type,false,false,btree,CREATE INDEX idx_documents_doc_type ON documents USING btree (doc_type)
public,documents,idx_documents_entity,false,false,btree,"CREATE INDEX idx_documents_entity ON documents USING btree (entity_type, entity_id)"
public,documents,idx_documents_extraction_status,false,false,btree,CREATE INDEX idx_documents_extraction_status ON documents USING btree (extraction_status)
public,documents,idx_documents_generated_from_document_id,false,false,btree,CREATE INDEX idx_documents_generated_from_document_id ON documents USING btree (generated_from_document_id)
public,documents,idx_documents_org_id,false,false,btree,CREATE INDEX idx_documents_org_id ON documents USING btree (org_id)
public,entity_labels,entity_labels_entity_type_idx,false,false,btree,CREATE INDEX entity_labels_entity_type_idx ON entity_labels USING btree (entity_type)
public,entity_labels,entity_labels_org_id_idx,false,false,btree,CREATE INDEX entity_labels_org_id_idx ON entity_labels USING btree (org_id)
public,entity_labels,entity_labels_pkey,true,true,btree,CREATE UNIQUE INDEX entity_labels_pkey ON entity_labels USING btree (id)
public,entity_labels,entity_labels_unique,true,false,btree,"CREATE UNIQUE INDEX entity_labels_unique ON entity_labels USING btree (org_id, entity_type)"
public,entity_layouts,entity_layouts_org_entity_surface_key_version,true,false,btree,"CREATE UNIQUE INDEX entity_layouts_org_entity_surface_key_version ON entity_layouts USING btree (org_id, entity_type, surface, layout_key, version)"
public,entity_layouts,entity_layouts_pkey,true,true,btree,CREATE UNIQUE INDEX entity_layouts_pkey ON entity_layouts USING btree (id)
public,entity_layouts,idx_entity_layouts_default_entity_surface,false,false,btree,"CREATE INDEX idx_entity_layouts_default_entity_surface ON entity_layouts USING btree (entity_type, surface, status) WHERE org_id IS NULL"
public,entity_layouts,idx_entity_layouts_org_entity_surface_status,false,false,btree,"CREATE INDEX idx_entity_layouts_org_entity_surface_status ON entity_layouts USING btree (org_id, entity_type, surface, status)"
public,entity_layouts,uq_entity_layouts_default_version,true,false,btree,"CREATE UNIQUE INDEX uq_entity_layouts_default_version ON entity_layouts USING btree (entity_type, surface, layout_key, version) WHERE org_id IS NULL"
public,external_mappings,external_mappings_pkey,true,true,btree,CREATE UNIQUE INDEX external_mappings_pkey ON external_mappings USING btree (id)
public,external_mappings,external_mappings_source_entity_type_external_id_key,true,false,btree,"CREATE UNIQUE INDEX external_mappings_source_entity_type_external_id_key ON external_mappings USING btree (source, entity_type, external_id)"
public,external_mappings,idx_external_mappings_internal,false,false,btree,"CREATE INDEX idx_external_mappings_internal ON external_mappings USING btree (internal_table, internal_id)"
public,external_mappings,ux_external_mappings_unique,true,false,btree,"CREATE UNIQUE INDEX ux_external_mappings_unique ON external_mappings USING btree (source, entity_type, external_id, internal_table)"
public,field_definitions,field_definitions_pkey,true,true,btree,CREATE UNIQUE INDEX field_definitions_pkey ON field_definitions USING btree (id)
public,field_definitions,ux_field_definitions_org_entity_key,true,false,btree,"CREATE UNIQUE INDEX ux_field_definitions_org_entity_key ON field_definitions USING btree (org_id, entity_type, field_key)"
public,field_section_definitions,field_section_definitions_org_entity_section_key,true,false,btree,"CREATE UNIQUE INDEX field_section_definitions_org_entity_section_key ON field_section_definitions USING btree (org_id, entity_type, section_key)"
public,field_section_definitions,field_section_definitions_pkey,true,true,btree,CREATE UNIQUE INDEX field_section_definitions_pkey ON field_section_definitions USING btree (id)
public,field_section_definitions,idx_field_section_definitions_org_entity,false,false,btree,"CREATE INDEX idx_field_section_definitions_org_entity ON field_section_definitions USING btree (org_id, entity_type, sort_order)"
public,field_values,field_values_pkey,true,true,btree,CREATE UNIQUE INDEX field_values_pkey ON field_values USING btree (id)
public,field_values,idx_field_values_entity,false,false,btree,"CREATE INDEX idx_field_values_entity ON field_values USING btree (entity_type, entity_id)"
public,field_values,idx_field_values_org_entity,false,false,btree,"CREATE INDEX idx_field_values_org_entity ON field_values USING btree (org_id, entity_type, entity_id)"
public,field_values,ux_field_values_field_entity,true,false,btree,"CREATE UNIQUE INDEX ux_field_values_field_entity ON field_values USING btree (field_definition_id, entity_id)"
public,financial_charge_templates,financial_charge_templates_pkey,true,true,btree,CREATE UNIQUE INDEX financial_charge_templates_pkey ON financial_charge_templates USING btree (id)
public,financial_charge_templates,idx_financial_charge_templates_org_key,false,false,btree,"CREATE INDEX idx_financial_charge_templates_org_key ON financial_charge_templates USING btree (org_id, template_key)"
public,financial_charge_templates,idx_financial_charge_templates_service,false,false,btree,CREATE INDEX idx_financial_charge_templates_service ON financial_charge_templates USING btree (service_id) WHERE service_id IS NOT NULL
public,financial_policies,financial_policies_pkey,true,true,btree,CREATE UNIQUE INDEX financial_policies_pkey ON financial_policies USING btree (id)
public,financial_policies,idx_financial_policies_org_location,false,false,btree,"CREATE INDEX idx_financial_policies_org_location ON financial_policies USING btree (org_id, location_id) WHERE location_id IS NOT NULL"
public,financial_policies,idx_financial_policies_org_rate_plan,false,false,btree,"CREATE INDEX idx_financial_policies_org_rate_plan ON financial_policies USING btree (org_id, rate_plan_id) WHERE rate_plan_id IS NOT NULL"
public,financial_policies,idx_financial_policies_org_service,false,false,btree,"CREATE INDEX idx_financial_policies_org_service ON financial_policies USING btree (org_id, service_id) WHERE service_id IS NOT NULL"
public,financial_policies,idx_financial_policies_org_type,false,false,btree,"CREATE INDEX idx_financial_policies_org_type ON financial_policies USING btree (org_id, policy_type)"
public,financial_services,financial_services_pkey,true,true,btree,CREATE UNIQUE INDEX financial_services_pkey ON financial_services USING btree (id)
public,financial_services,financial_services_unique_key,true,false,btree,"CREATE UNIQUE INDEX financial_services_unique_key ON financial_services USING btree (org_id, service_key)"
public,financial_services,idx_financial_services_org,false,false,btree,"CREATE INDEX idx_financial_services_org ON financial_services USING btree (org_id, sort_order)"
public,financial_services,idx_financial_services_org_active,false,false,btree,CREATE INDEX idx_financial_services_org_active ON financial_services USING btree (org_id) WHERE is_active
public,form_definition_versions,form_definition_versions_pkey,true,true,btree,CREATE UNIQUE INDEX form_definition_versions_pkey ON form_definition_versions USING btree (id)
public,form_definition_versions,idx_form_definition_versions_def_status,false,false,btree,"CREATE INDEX idx_form_definition_versions_def_status ON form_definition_versions USING btree (form_definition_id, status)"
public,form_definition_versions,idx_form_definition_versions_def_version_desc,false,false,btree,"CREATE INDEX idx_form_definition_versions_def_version_desc ON form_definition_versions USING btree (form_definition_id, version_number DESC)"
public,form_definition_versions,idx_form_definition_versions_org,false,false,btree,CREATE INDEX idx_form_definition_versions_org ON form_definition_versions USING btree (org_id)
public,form_definition_versions,uq_form_definition_versions_definition_version,true,false,btree,"CREATE UNIQUE INDEX uq_form_definition_versions_definition_version ON form_definition_versions USING btree (form_definition_id, version_number)"
public,form_definitions,form_definitions_pkey,true,true,btree,CREATE UNIQUE INDEX form_definitions_pkey ON form_definitions USING btree (id)
public,form_definitions,idx_form_definitions_org_active,false,false,btree,"CREATE INDEX idx_form_definitions_org_active ON form_definitions USING btree (org_id, is_active)"
public,form_definitions,idx_form_definitions_org_id,false,false,btree,CREATE INDEX idx_form_definitions_org_id ON form_definitions USING btree (org_id)
public,form_definitions,uq_form_definitions_org_key,true,false,btree,"CREATE UNIQUE INDEX uq_form_definitions_org_key ON form_definitions USING btree (org_id, key)"
public,form_packet_definitions,form_packet_definitions_pkey,true,true,btree,CREATE UNIQUE INDEX form_packet_definitions_pkey ON form_packet_definitions USING btree (id)
public,form_packet_definitions,idx_form_packet_definitions_org,false,false,btree,CREATE INDEX idx_form_packet_definitions_org ON form_packet_definitions USING btree (org_id)
public,form_packet_definitions,idx_form_packet_definitions_org_active,false,false,btree,"CREATE INDEX idx_form_packet_definitions_org_active ON form_packet_definitions USING btree (org_id, is_active)"
public,form_packet_definitions,uq_form_packet_definitions_org_key,true,false,btree,"CREATE UNIQUE INDEX uq_form_packet_definitions_org_key ON form_packet_definitions USING btree (org_id, key)"
public,form_packet_items,form_packet_items_pkey,true,true,btree,CREATE UNIQUE INDEX form_packet_items_pkey ON form_packet_items USING btree (id)
public,form_packet_items,idx_form_packet_items_form_def,false,false,btree,CREATE INDEX idx_form_packet_items_form_def ON form_packet_items USING btree (form_definition_id)
public,form_packet_items,idx_form_packet_items_packet,false,false,btree,"CREATE INDEX idx_form_packet_items_packet ON form_packet_items USING btree (packet_definition_id, sequence_index)"
public,form_packet_items,uq_form_packet_items_packet_sequence,true,false,btree,"CREATE UNIQUE INDEX uq_form_packet_items_packet_sequence ON form_packet_items USING btree (packet_definition_id, sequence_index)"
public,form_packet_session_items,form_packet_session_items_pkey,true,true,btree,CREATE UNIQUE INDEX form_packet_session_items_pkey ON form_packet_session_items USING btree (id)
public,form_packet_session_items,idx_form_packet_session_items_session,false,false,btree,"CREATE INDEX idx_form_packet_session_items_session ON form_packet_session_items USING btree (packet_session_id, sequence_index)"
public,form_packet_session_items,idx_form_packet_session_items_submission,false,false,btree,CREATE INDEX idx_form_packet_session_items_submission ON form_packet_session_items USING btree (form_submission_id) WHERE form_submission_id IS NOT NULL
public,form_packet_session_items,uq_form_packet_session_items_session_packet_item,true,false,btree,"CREATE UNIQUE INDEX uq_form_packet_session_items_session_packet_item ON form_packet_session_items USING btree (packet_session_id, packet_item_id)"
public,form_packet_session_items,uq_form_packet_session_items_session_sequence,true,false,btree,"CREATE UNIQUE INDEX uq_form_packet_session_items_session_sequence ON form_packet_session_items USING btree (packet_session_id, sequence_index)"
public,form_packet_sessions,form_packet_sessions_pkey,true,true,btree,CREATE UNIQUE INDEX form_packet_sessions_pkey ON form_packet_sessions USING btree (id)
public,form_packet_sessions,idx_form_packet_sessions_org_created,false,false,btree,"CREATE INDEX idx_form_packet_sessions_org_created ON form_packet_sessions USING btree (org_id, created_at DESC)"
public,form_packet_sessions,idx_form_packet_sessions_org_instance,false,false,btree,"CREATE INDEX idx_form_packet_sessions_org_instance ON form_packet_sessions USING btree (org_id, packet_instance_id) WHERE packet_instance_id IS NOT NULL"
public,form_packet_sessions,idx_form_packet_sessions_org_status,false,false,btree,"CREATE INDEX idx_form_packet_sessions_org_status ON form_packet_sessions USING btree (org_id, status)"
public,form_packet_sessions,uq_form_packet_sessions_one_link,true,false,btree,CREATE UNIQUE INDEX uq_form_packet_sessions_one_link ON form_packet_sessions USING btree (started_via_public_link_id)
public,form_packet_sessions,uq_form_packet_sessions_one_per_instance,true,false,btree,"CREATE UNIQUE INDEX uq_form_packet_sessions_one_per_instance ON form_packet_sessions USING btree (org_id, packet_instance_id) WHERE packet_instance_id IS NOT NULL"
public,form_public_links,form_public_links_pkey,true,true,btree,CREATE UNIQUE INDEX form_public_links_pkey ON form_public_links USING btree (id)
public,form_public_links,idx_form_public_links_org_def,false,false,btree,"CREATE INDEX idx_form_public_links_org_def ON form_public_links USING btree (org_id, form_definition_id)"
public,form_public_links,uq_form_public_links_token_hash,true,false,btree,CREATE UNIQUE INDEX uq_form_public_links_token_hash ON form_public_links USING btree (token_hash)
public,form_submission_documents,form_submission_documents_pkey,true,true,btree,CREATE UNIQUE INDEX form_submission_documents_pkey ON form_submission_documents USING btree (id)
public,form_submission_documents,idx_form_submission_documents_doc,false,false,btree,CREATE INDEX idx_form_submission_documents_doc ON form_submission_documents USING btree (document_id)
public,form_submission_documents,idx_form_submission_documents_org_sub,false,false,btree,"CREATE INDEX idx_form_submission_documents_org_sub ON form_submission_documents USING btree (org_id, form_submission_id)"
public,form_submission_documents,idx_form_submission_documents_sub,false,false,btree,CREATE INDEX idx_form_submission_documents_sub ON form_submission_documents USING btree (form_submission_id)
public,form_submission_documents,uq_form_submission_documents_sub_doc,true,false,btree,"CREATE UNIQUE INDEX uq_form_submission_documents_sub_doc ON form_submission_documents USING btree (form_submission_id, document_id)"
public,form_submission_signatures,form_submission_signatures_pkey,true,true,btree,CREATE UNIQUE INDEX form_submission_signatures_pkey ON form_submission_signatures USING btree (id)
public,form_submission_signatures,idx_form_submission_signatures_org,false,false,btree,CREATE INDEX idx_form_submission_signatures_org ON form_submission_signatures USING btree (org_id)
public,form_submission_signatures,idx_form_submission_signatures_sub,false,false,btree,CREATE INDEX idx_form_submission_signatures_sub ON form_submission_signatures USING btree (form_submission_id)
public,form_submission_signatures,uq_form_submission_signatures_field_instance,true,false,btree,"CREATE UNIQUE INDEX uq_form_submission_signatures_field_instance ON form_submission_signatures USING btree (form_submission_id, field_id, instance_key)"
public,form_submissions,form_submissions_pkey,true,true,btree,CREATE UNIQUE INDEX form_submissions_pkey ON form_submissions USING btree (id)
public,form_submissions,idx_form_submissions_customer,false,false,btree,CREATE INDEX idx_form_submissions_customer ON form_submissions USING btree (customer_id)
public,form_submissions,idx_form_submissions_member,false,false,btree,CREATE INDEX idx_form_submissions_member ON form_submissions USING btree (customer_member_id)
public,form_submissions,idx_form_submissions_org_created,false,false,btree,"CREATE INDEX idx_form_submissions_org_created ON form_submissions USING btree (org_id, created_at DESC)"
public,form_submissions,idx_form_submissions_org_opp,false,false,btree,"CREATE INDEX idx_form_submissions_org_opp ON form_submissions USING btree (org_id, opportunity_id)"
public,form_submissions,idx_form_submissions_org_status,false,false,btree,"CREATE INDEX idx_form_submissions_org_status ON form_submissions USING btree (org_id, status)"
public,form_submissions,idx_form_submissions_org_version,false,false,btree,"CREATE INDEX idx_form_submissions_org_version ON form_submissions USING btree (org_id, form_definition_version_id)"
public,gl_account_mappings,gl_account_mappings_org_key_uq,true,false,btree,"CREATE UNIQUE INDEX gl_account_mappings_org_key_uq ON gl_account_mappings USING btree (org_id, key)"
public,gl_account_mappings,gl_account_mappings_pkey,true,true,btree,CREATE UNIQUE INDEX gl_account_mappings_pkey ON gl_account_mappings USING btree (id)
public,gl_account_mappings,ux_gl_account_mappings_org_key_active,true,false,btree,"CREATE UNIQUE INDEX ux_gl_account_mappings_org_key_active ON gl_account_mappings USING btree (org_id, key) WHERE is_active = true"
public,gl_accounts,gl_accounts_org_code_uq,true,false,btree,"CREATE UNIQUE INDEX gl_accounts_org_code_uq ON gl_accounts USING btree (org_id, code)"
public,gl_accounts,gl_accounts_org_type_idx,false,false,btree,"CREATE INDEX gl_accounts_org_type_idx ON gl_accounts USING btree (org_id, type)"
public,gl_accounts,gl_accounts_pkey,true,true,btree,CREATE UNIQUE INDEX gl_accounts_pkey ON gl_accounts USING btree (id)
public,gl_accounts,ux_gl_accounts_org_code,true,false,btree,"CREATE UNIQUE INDEX ux_gl_accounts_org_code ON gl_accounts USING btree (org_id, code) WHERE is_active = true"
public,gl_accounts,ux_gl_accounts_org_code_active,true,false,btree,"CREATE UNIQUE INDEX ux_gl_accounts_org_code_active ON gl_accounts USING btree (org_id, code) WHERE is_active = true"
public,gl_journal_entries,gl_journal_entries_org_date_idx,false,false,btree,"CREATE INDEX gl_journal_entries_org_date_idx ON gl_journal_entries USING btree (org_id, entry_date)"
public,gl_journal_entries,gl_journal_entries_org_source_idx,false,false,btree,"CREATE INDEX gl_journal_entries_org_source_idx ON gl_journal_entries USING btree (org_id, source_type, source_id)"
public,gl_journal_entries,gl_journal_entries_pkey,true,true,btree,CREATE UNIQUE INDEX gl_journal_entries_pkey ON gl_journal_entries USING btree (id)
public,gl_journal_entries,ux_gl_journal_entries_source,true,false,btree,"CREATE UNIQUE INDEX ux_gl_journal_entries_source ON gl_journal_entries USING btree (org_id, source_type, source_id) WHERE source_type IS NOT NULL AND source_id IS NOT NULL"
public,gl_journal_lines,gl_journal_lines_entry_idx,false,false,btree,"CREATE INDEX gl_journal_lines_entry_idx ON gl_journal_lines USING btree (entry_id, line_no)"
public,gl_journal_lines,gl_journal_lines_org_account_idx,false,false,btree,"CREATE INDEX gl_journal_lines_org_account_idx ON gl_journal_lines USING btree (org_id, account_id)"
public,gl_journal_lines,gl_journal_lines_org_job_idx,false,false,btree,"CREATE INDEX gl_journal_lines_org_job_idx ON gl_journal_lines USING btree (org_id, job_id)"
public,gl_journal_lines,gl_journal_lines_pkey,true,true,btree,CREATE UNIQUE INDEX gl_journal_lines_pkey ON gl_journal_lines USING btree (id)
public,gl_journal_lines,idx_gl_journal_lines_org_billable_source_partial,false,false,btree,"CREATE INDEX idx_gl_journal_lines_org_billable_source_partial ON gl_journal_lines USING btree (org_id, billable_source_type, billable_source_id) WHERE billable_source_type IS NOT NULL"
public,gl_journal_lines,ux_gl_journal_lines_entry_line,true,false,btree,"CREATE UNIQUE INDEX ux_gl_journal_lines_entry_line ON gl_journal_lines USING btree (entry_id, line_no)"
public,home_types,home_types_key_key,true,false,btree,CREATE UNIQUE INDEX home_types_key_key ON home_types USING btree (key)
public,home_types,home_types_pkey,true,true,btree,CREATE UNIQUE INDEX home_types_pkey ON home_types USING btree (id)
public,industries,industries_is_active_idx,false,false,btree,CREATE INDEX industries_is_active_idx ON industries USING btree (is_active)
public,industries,industries_key_unique,true,false,btree,CREATE UNIQUE INDEX industries_key_unique ON industries USING btree (key)
public,industries,industries_pkey,true,true,btree,CREATE UNIQUE INDEX industries_pkey ON industries USING btree (id)
public,industry_default_entity_labels,industry_default_entity_labels_entity_type_idx,false,false,btree,CREATE INDEX industry_default_entity_labels_entity_type_idx ON industry_default_entity_labels USING btree (entity_type)
public,industry_default_entity_labels,industry_default_entity_labels_industry_id_idx,false,false,btree,CREATE INDEX industry_default_entity_labels_industry_id_idx ON industry_default_entity_labels USING btree (industry_id)
public,industry_default_entity_labels,industry_default_entity_labels_pkey,true,true,btree,CREATE UNIQUE INDEX industry_default_entity_labels_pkey ON industry_default_entity_labels USING btree (id)
public,industry_default_entity_labels,industry_default_entity_labels_unique,true,false,btree,"CREATE UNIQUE INDEX industry_default_entity_labels_unique ON industry_default_entity_labels USING btree (industry_id, entity_type)"
public,job_line_items,idx_job_line_items_active,false,false,btree,CREATE INDEX idx_job_line_items_active ON job_line_items USING btree (is_active)
public,job_line_items,idx_job_line_items_job_id,false,false,btree,CREATE INDEX idx_job_line_items_job_id ON job_line_items USING btree (job_id)
public,job_line_items,idx_job_line_items_line_type,false,false,btree,"CREATE INDEX idx_job_line_items_line_type ON job_line_items USING btree (org_id, line_type)"
public,job_line_items,idx_job_line_items_org_job,false,false,btree,"CREATE INDEX idx_job_line_items_org_job ON job_line_items USING btree (org_id, job_id)"
public,job_line_items,job_line_items_pkey,true,true,btree,CREATE UNIQUE INDEX job_line_items_pkey ON job_line_items USING btree (id)
public,job_pricing_snapshots,idx_job_pricing_snapshots_job_id,false,false,btree,CREATE INDEX idx_job_pricing_snapshots_job_id ON job_pricing_snapshots USING btree (job_id)
public,job_pricing_snapshots,idx_job_pricing_snapshots_org_job,false,false,btree,"CREATE INDEX idx_job_pricing_snapshots_org_job ON job_pricing_snapshots USING btree (org_id, job_id)"
public,job_pricing_snapshots,job_pricing_snapshots_pkey,true,true,btree,CREATE UNIQUE INDEX job_pricing_snapshots_pkey ON job_pricing_snapshots USING btree (id)
public,job_statuses,job_statuses_key_key,true,false,btree,CREATE UNIQUE INDEX job_statuses_key_key ON job_statuses USING btree (key)
public,job_statuses,job_statuses_org_id_idx,false,false,btree,CREATE INDEX job_statuses_org_id_idx ON job_statuses USING btree (org_id)
public,job_statuses,job_statuses_pkey,true,true,btree,CREATE UNIQUE INDEX job_statuses_pkey ON job_statuses USING btree (id)
public,job_tags,job_tags_pkey,true,true,btree,"CREATE UNIQUE INDEX job_tags_pkey ON job_tags USING btree (job_id, tag_id)"
public,jobs,idx_jobs_archived,false,false,btree,"CREATE INDEX idx_jobs_archived ON jobs USING btree (org_id, archived_at)"
public,jobs,idx_jobs_customer,false,false,btree,CREATE INDEX idx_jobs_customer ON jobs USING btree (customer_id)
public,jobs,idx_jobs_customer_vertical_completed,false,false,btree,"CREATE INDEX idx_jobs_customer_vertical_completed ON jobs USING btree (customer_id, vertical_id, completed_at)"
public,jobs,idx_jobs_customer_vertical_created,false,false,btree,"CREATE INDEX idx_jobs_customer_vertical_created ON jobs USING btree (customer_id, vertical_id, created_at)"
public,jobs,idx_jobs_external,false,false,btree,"CREATE INDEX idx_jobs_external ON jobs USING btree (external_source, external_id)"
public,jobs,idx_jobs_is_recurring,false,false,btree,CREATE INDEX idx_jobs_is_recurring ON jobs USING btree (is_recurring)
public,jobs,idx_jobs_opportunity,false,false,btree,CREATE INDEX idx_jobs_opportunity ON jobs USING btree (opportunity_id)
public,jobs,idx_jobs_org_id,false,false,btree,CREATE INDEX idx_jobs_org_id ON jobs USING btree (org_id)
public,jobs,idx_jobs_org_location,false,false,btree,"CREATE INDEX idx_jobs_org_location ON jobs USING btree (org_id, location_id)"
public,jobs,idx_jobs_primary_person,false,false,btree,CREATE INDEX idx_jobs_primary_person ON jobs USING btree (primary_person_id)
public,jobs,idx_jobs_status,false,false,btree,CREATE INDEX idx_jobs_status ON jobs USING btree (job_status_id)
public,jobs,idx_jobs_work_unit_id,false,false,btree,CREATE INDEX idx_jobs_work_unit_id ON jobs USING btree (work_unit_id) WHERE work_unit_id IS NOT NULL
public,jobs,jobs_assigned_vendor_id_idx,false,false,btree,CREATE INDEX jobs_assigned_vendor_id_idx ON jobs USING btree (assigned_vendor_id)
public,jobs,jobs_discount_program_id_idx,false,false,btree,CREATE INDEX jobs_discount_program_id_idx ON jobs USING btree (discount_program_id)
public,jobs,jobs_org_status_idx,false,false,btree,"CREATE INDEX jobs_org_status_idx ON jobs USING btree (org_id, status_key)"
public,jobs,jobs_pkey,true,true,btree,CREATE UNIQUE INDEX jobs_pkey ON jobs USING btree (id)
public,jobs,ux_jobs_org_job_number,true,false,btree,"CREATE UNIQUE INDEX ux_jobs_org_job_number ON jobs USING btree (org_id, job_number)"
public,ledger_transactions,idx_ledger_transactions_org_billable_source_partial,false,false,btree,"CREATE INDEX idx_ledger_transactions_org_billable_source_partial ON ledger_transactions USING btree (org_id, billable_source_type, billable_source_id) WHERE billable_source_type IS NOT NULL"
public,ledger_transactions,ledger_transactions_pkey,true,true,btree,CREATE UNIQUE INDEX ledger_transactions_pkey ON ledger_transactions USING btree (id)
public,ledger_transactions,ledger_tx_org_job_idx,false,false,btree,"CREATE INDEX ledger_tx_org_job_idx ON ledger_transactions USING btree (org_id, job_id)"
public,ledger_transactions,ledger_tx_org_occurred_idx,false,false,btree,"CREATE INDEX ledger_tx_org_occurred_idx ON ledger_transactions USING btree (org_id, occurred_at)"
public,ledger_transactions,ux_ledger_transactions_provider_ref,true,false,btree,"CREATE UNIQUE INDEX ux_ledger_transactions_provider_ref ON ledger_transactions USING btree (org_id, provider, provider_ref) WHERE provider IS NOT NULL AND provider_ref IS NOT NULL"
public,location_program_categories,idx_location_program_categories_org_key,false,false,btree,"CREATE INDEX idx_location_program_categories_org_key ON location_program_categories USING btree (org_id, key)"
public,location_program_categories,idx_location_program_categories_org_location,false,false,btree,"CREATE INDEX idx_location_program_categories_org_location ON location_program_categories USING btree (org_id, location_id)"
public,location_program_categories,location_program_categories_org_location_key_unique,true,false,btree,"CREATE UNIQUE INDEX location_program_categories_org_location_key_unique ON location_program_categories USING btree (org_id, location_id, key)"
public,location_program_categories,location_program_categories_pkey,true,true,btree,CREATE UNIQUE INDEX location_program_categories_pkey ON location_program_categories USING btree (id)
public,location_tags,location_tags_pkey,true,true,btree,"CREATE UNIQUE INDEX location_tags_pkey ON location_tags USING btree (location_id, tag_id)"
public,location_types,location_types_is_active_idx,false,false,btree,"CREATE INDEX location_types_is_active_idx ON location_types USING btree (org_id, is_active)"
public,location_types,location_types_org_id_idx,false,false,btree,CREATE INDEX location_types_org_id_idx ON location_types USING btree (org_id)
public,location_types,location_types_pkey,true,true,btree,CREATE UNIQUE INDEX location_types_pkey ON location_types USING btree (id)
public,location_types,location_types_unique,true,false,btree,"CREATE UNIQUE INDEX location_types_unique ON location_types USING btree (org_id, key)"
public,locations,idx_locations_customer_id,false,false,btree,CREATE INDEX idx_locations_customer_id ON locations USING btree (customer_id)
public,locations,idx_locations_external,false,false,btree,"CREATE INDEX idx_locations_external ON locations USING btree (external_source, external_id)"
public,locations,idx_locations_org_customer,false,false,btree,"CREATE INDEX idx_locations_org_customer ON locations USING btree (org_id, customer_id)"
public,locations,idx_locations_org_id,false,false,btree,CREATE INDEX idx_locations_org_id ON locations USING btree (org_id)
public,locations,idx_locations_org_parent,false,false,btree,"CREATE INDEX idx_locations_org_parent ON locations USING btree (org_id, parent_location_id)"
public,locations,idx_locations_org_status_key,false,false,btree,"CREATE INDEX idx_locations_org_status_key ON locations USING btree (org_id, status_key)"
public,locations,idx_locations_org_type,false,false,btree,"CREATE INDEX idx_locations_org_type ON locations USING btree (org_id, location_type)"
public,locations,idx_locations_org_vendor,false,false,btree,"CREATE INDEX idx_locations_org_vendor ON locations USING btree (org_id, vendor_id)"
public,locations,locations_location_type_id_idx,false,false,btree,"CREATE INDEX locations_location_type_id_idx ON locations USING btree (org_id, location_type_id)"
public,locations,locations_pkey,true,true,btree,CREATE UNIQUE INDEX locations_pkey ON locations USING btree (id)
public,locations,ux_locations_org_location_number,true,false,btree,"CREATE UNIQUE INDEX ux_locations_org_location_number ON locations USING btree (org_id, location_number)"
public,messages,idx_messages_contact,false,false,btree,CREATE INDEX idx_messages_contact ON messages USING btree (contact_id)
public,messages,idx_messages_contact_created,false,false,btree,"CREATE INDEX idx_messages_contact_created ON messages USING btree (contact_id, created_at DESC)"
public,messages,idx_messages_created_at,false,false,btree,CREATE INDEX idx_messages_created_at ON messages USING btree (created_at DESC)
public,messages,idx_messages_customer,false,false,btree,"CREATE INDEX idx_messages_customer ON messages USING btree (customer_id, created_at DESC)"
public,messages,idx_messages_job,false,false,btree,CREATE INDEX idx_messages_job ON messages USING btree (job_id)
public,messages,idx_messages_opportunity,false,false,btree,"CREATE INDEX idx_messages_opportunity ON messages USING btree (opportunity_id, created_at DESC)"
public,messages,idx_messages_related,false,false,btree,"CREATE INDEX idx_messages_related ON messages USING btree (related_entity_type, related_entity_id)"
public,messages,idx_messages_status,false,false,btree,"CREATE INDEX idx_messages_status ON messages USING btree (status, created_at DESC)"
public,messages,idx_messages_workflow_run,false,false,btree,CREATE INDEX idx_messages_workflow_run ON messages USING btree (workflow_run_id)
public,messages,messages_pkey,true,true,btree,CREATE UNIQUE INDEX messages_pkey ON messages USING btree (id)
public,messages_outbox,messages_outbox_dedupe_key_uq,true,false,btree,CREATE UNIQUE INDEX messages_outbox_dedupe_key_uq ON messages_outbox USING btree (dedupe_key) WHERE dedupe_key IS NOT NULL
public,messages_outbox,messages_outbox_org_created_idx,false,false,btree,"CREATE INDEX messages_outbox_org_created_idx ON messages_outbox USING btree (org_id, created_at DESC)"
public,messages_outbox,messages_outbox_pkey,true,true,btree,CREATE UNIQUE INDEX messages_outbox_pkey ON messages_outbox USING btree (id)
public,messages_outbox,messages_outbox_status_idx,false,false,btree,"CREATE INDEX messages_outbox_status_idx ON messages_outbox USING btree (status, created_at DESC)"
public,metric_definitions,idx_metric_definitions_global_key,true,false,btree,CREATE UNIQUE INDEX idx_metric_definitions_global_key ON metric_definitions USING btree (key) WHERE org_id IS NULL
public,metric_definitions,idx_metric_definitions_org_key,true,false,btree,"CREATE UNIQUE INDEX idx_metric_definitions_org_key ON metric_definitions USING btree (org_id, key) WHERE org_id IS NOT NULL"
public,metric_definitions,idx_metric_definitions_org_status,false,false,btree,"CREATE INDEX idx_metric_definitions_org_status ON metric_definitions USING btree (org_id, status)"
public,metric_definitions,metric_definitions_pkey,true,true,btree,CREATE UNIQUE INDEX metric_definitions_pkey ON metric_definitions USING btree (id)
public,metric_placements,idx_metric_placements_org_surface,false,false,btree,"CREATE INDEX idx_metric_placements_org_surface ON metric_placements USING btree (org_id, surface, surface_key, placement_zone)"
public,metric_placements,idx_metric_placements_visualization,false,false,btree,CREATE INDEX idx_metric_placements_visualization ON metric_placements USING btree (visualization_id)
public,metric_placements,metric_placements_pkey,true,true,btree,CREATE UNIQUE INDEX metric_placements_pkey ON metric_placements USING btree (id)
public,metric_platform_snapshots,idx_metric_platform_snapshots_def_computed,false,false,btree,"CREATE INDEX idx_metric_platform_snapshots_def_computed ON metric_platform_snapshots USING btree (metric_definition_id, computed_at DESC)"
public,metric_platform_snapshots,idx_metric_platform_snapshots_org_context,false,false,btree,"CREATE INDEX idx_metric_platform_snapshots_org_context ON metric_platform_snapshots USING btree (org_id, context_type, context_id)"
public,metric_platform_snapshots,idx_metric_platform_snapshots_org_def_period,false,false,btree,"CREATE INDEX idx_metric_platform_snapshots_org_def_period ON metric_platform_snapshots USING btree (org_id, metric_definition_id, period_start, period_end)"
public,metric_platform_snapshots,metric_platform_snapshots_pkey,true,true,btree,CREATE UNIQUE INDEX metric_platform_snapshots_pkey ON metric_platform_snapshots USING btree (id)
public,metric_rollups,idx_metric_rollups_org_key,true,false,btree,"CREATE UNIQUE INDEX idx_metric_rollups_org_key ON metric_rollups USING btree (org_id, key)"
public,metric_rollups,metric_rollups_pkey,true,true,btree,CREATE UNIQUE INDEX metric_rollups_pkey ON metric_rollups USING btree (id)
public,metric_snapshots,idx_metric_snapshots_org_computed,false,false,btree,"CREATE INDEX idx_metric_snapshots_org_computed ON metric_snapshots USING btree (org_id, computed_at DESC)"
public,metric_snapshots,idx_metric_snapshots_org_metric_computed,false,false,btree,"CREATE INDEX idx_metric_snapshots_org_metric_computed ON metric_snapshots USING btree (org_id, metric_key, computed_at DESC)"
public,metric_snapshots,idx_metric_snapshots_org_metric_scope,false,false,btree,"CREATE INDEX idx_metric_snapshots_org_metric_scope ON metric_snapshots USING btree (org_id, metric_key, scope_type, scope_id)"
public,metric_snapshots,metric_snapshots_pkey,true,true,btree,CREATE UNIQUE INDEX metric_snapshots_pkey ON metric_snapshots USING btree (id)
public,metric_visualizations,idx_metric_visualizations_org_key,true,false,btree,"CREATE UNIQUE INDEX idx_metric_visualizations_org_key ON metric_visualizations USING btree (org_id, key) WHERE org_id IS NOT NULL"
public,metric_visualizations,idx_metric_visualizations_org_metric,false,false,btree,"CREATE INDEX idx_metric_visualizations_org_metric ON metric_visualizations USING btree (org_id, metric_definition_id)"
public,metric_visualizations,metric_visualizations_pkey,true,true,btree,CREATE UNIQUE INDEX metric_visualizations_pkey ON metric_visualizations USING btree (id)
public,mutation_events,mutation_events_domain,false,false,btree,"CREATE INDEX mutation_events_domain ON mutation_events USING btree (org_id, domain, committed_at DESC)"
public,mutation_events,mutation_events_org_subject,false,false,btree,"CREATE INDEX mutation_events_org_subject ON mutation_events USING btree (org_id, subject_id, subject_type)"
public,mutation_events,mutation_events_pkey,true,true,btree,CREATE UNIQUE INDEX mutation_events_pkey ON mutation_events USING btree (id)
public,operational_tasks,idx_operational_tasks_org_due_open,false,false,btree,"CREATE INDEX idx_operational_tasks_org_due_open ON operational_tasks USING btree (org_id, due_at) WHERE status = 'open'::text"
public,operational_tasks,idx_operational_tasks_org_entity_status,false,false,btree,"CREATE INDEX idx_operational_tasks_org_entity_status ON operational_tasks USING btree (org_id, entity_type, entity_id, status)"
public,operational_tasks,operational_tasks_pkey,true,true,btree,CREATE UNIQUE INDEX operational_tasks_pkey ON operational_tasks USING btree (id)
public,opportunities,idx_opportunities_org_id,false,false,btree,CREATE INDEX idx_opportunities_org_id ON opportunities USING btree (org_id)
public,opportunities,idx_opportunities_org_stage,false,false,btree,"CREATE INDEX idx_opportunities_org_stage ON opportunities USING btree (org_id, stage_key) WHERE stage_key IS NOT NULL"
public,opportunities,idx_opportunities_org_work_unit_updated,false,false,btree,"CREATE INDEX idx_opportunities_org_work_unit_updated ON opportunities USING btree (org_id, work_unit_id, updated_at DESC)"
public,opportunities,idx_opportunities_primary_person,false,false,btree,CREATE INDEX idx_opportunities_primary_person ON opportunities USING btree (primary_person_id)
public,opportunities,idx_opportunities_work_unit_id,false,false,btree,CREATE INDEX idx_opportunities_work_unit_id ON opportunities USING btree (work_unit_id)
public,opportunities,idx_opps_contact,false,false,btree,CREATE INDEX idx_opps_contact ON opportunities USING btree (primary_contact_id)
public,opportunities,idx_opps_customer,false,false,btree,CREATE INDEX idx_opps_customer ON opportunities USING btree (customer_id)
public,opportunities,idx_opps_external,false,false,btree,"CREATE INDEX idx_opps_external ON opportunities USING btree (external_source, external_id)"
public,opportunities,idx_opps_stage,false,false,btree,CREATE INDEX idx_opps_stage ON opportunities USING btree (pipeline_stage_id)
public,opportunities,opportunities_discount_program_id_idx,false,false,btree,CREATE INDEX opportunities_discount_program_id_idx ON opportunities USING btree (discount_program_id)
public,opportunities,opportunities_org_status_idx,false,false,btree,"CREATE INDEX opportunities_org_status_idx ON opportunities USING btree (org_id, status_key)"
public,opportunities,opportunities_pkey,true,true,btree,CREATE UNIQUE INDEX opportunities_pkey ON opportunities USING btree (id)
public,opportunities,ux_opportunities_org_opportunity_number,true,false,btree,"CREATE UNIQUE INDEX ux_opportunities_org_opportunity_number ON opportunities USING btree (org_id, opportunity_number)"
public,opportunity_customer_members,idx_opportunity_customer_members_org_customer_member,false,false,btree,"CREATE INDEX idx_opportunity_customer_members_org_customer_member ON opportunity_customer_members USING btree (org_id, customer_member_id)"
public,opportunity_customer_members,idx_opportunity_customer_members_org_location,false,false,btree,"CREATE INDEX idx_opportunity_customer_members_org_location ON opportunity_customer_members USING btree (org_id, location_id) WHERE location_id IS NOT NULL"
public,opportunity_customer_members,idx_opportunity_customer_members_org_opportunity,false,false,btree,"CREATE INDEX idx_opportunity_customer_members_org_opportunity ON opportunity_customer_members USING btree (org_id, opportunity_id)"
public,opportunity_customer_members,idx_opportunity_customer_members_org_outcome_status,false,false,btree,"CREATE INDEX idx_opportunity_customer_members_org_outcome_status ON opportunity_customer_members USING btree (org_id, outcome_status_key)"
public,opportunity_customer_members,idx_opportunity_customer_members_org_stage,false,false,btree,"CREATE INDEX idx_opportunity_customer_members_org_stage ON opportunity_customer_members USING btree (org_id, stage_key) WHERE stage_key IS NOT NULL"
public,opportunity_customer_members,idx_opportunity_customer_members_program_category,false,false,btree,"CREATE INDEX idx_opportunity_customer_members_program_category ON opportunity_customer_members USING btree (org_id, program_category_id) WHERE program_category_id IS NOT NULL"
public,opportunity_customer_members,opportunity_customer_members_pkey,true,true,btree,CREATE UNIQUE INDEX opportunity_customer_members_pkey ON opportunity_customer_members USING btree (id)
public,opportunity_customer_members,uq_opportunity_customer_members_unique,true,false,btree,"CREATE UNIQUE INDEX uq_opportunity_customer_members_unique ON opportunity_customer_members USING btree (org_id, opportunity_id, customer_member_id)"
public,opportunity_persons,idx_opportunity_persons_org_opportunity,false,false,btree,"CREATE INDEX idx_opportunity_persons_org_opportunity ON opportunity_persons USING btree (org_id, opportunity_id)"
public,opportunity_persons,idx_opportunity_persons_org_person,false,false,btree,"CREATE INDEX idx_opportunity_persons_org_person ON opportunity_persons USING btree (org_id, person_id)"
public,opportunity_persons,opportunity_persons_pkey,true,true,btree,CREATE UNIQUE INDEX opportunity_persons_pkey ON opportunity_persons USING btree (id)
public,opportunity_persons,uq_opportunity_persons_opp_person,true,false,btree,"CREATE UNIQUE INDEX uq_opportunity_persons_opp_person ON opportunity_persons USING btree (opportunity_id, person_id)"
public,opportunity_tags,opportunity_tags_pkey,true,true,btree,"CREATE UNIQUE INDEX opportunity_tags_pkey ON opportunity_tags USING btree (opportunity_id, tag_id)"
public,option_set_items,idx_option_set_items_set_id,false,false,btree,CREATE INDEX idx_option_set_items_set_id ON option_set_items USING btree (option_set_id)
public,option_set_items,option_set_items_pkey,true,true,btree,CREATE UNIQUE INDEX option_set_items_pkey ON option_set_items USING btree (id)
public,option_set_items,option_set_items_set_item_key,true,false,btree,"CREATE UNIQUE INDEX option_set_items_set_item_key ON option_set_items USING btree (option_set_id, item_key)"
public,option_sets,idx_option_sets_org_id,false,false,btree,CREATE INDEX idx_option_sets_org_id ON option_sets USING btree (org_id)
public,option_sets,option_sets_org_set_key,true,false,btree,"CREATE UNIQUE INDEX option_sets_org_set_key ON option_sets USING btree (org_id, set_key)"
public,option_sets,option_sets_pkey,true,true,btree,CREATE UNIQUE INDEX option_sets_pkey ON option_sets USING btree (id)
public,org_settings,org_settings_org_id_key,true,false,btree,CREATE UNIQUE INDEX org_settings_org_id_key ON org_settings USING btree (org_id)
public,org_settings,org_settings_org_idx,false,false,btree,CREATE INDEX org_settings_org_idx ON org_settings USING btree (org_id)
public,org_settings,org_settings_pkey,true,true,btree,CREATE UNIQUE INDEX org_settings_pkey ON org_settings USING btree (id)
public,orgs,orgs_industry_id_idx,false,false,btree,CREATE INDEX orgs_industry_id_idx ON orgs USING btree (industry_id)
public,orgs,orgs_pkey,true,true,btree,CREATE UNIQUE INDEX orgs_pkey ON orgs USING btree (id)
public,orgs,orgs_slug_key,true,false,btree,CREATE UNIQUE INDEX orgs_slug_key ON orgs USING btree (slug)
public,payment_allocations,idx_payment_allocations_org_allocated_at,false,false,btree,"CREATE INDEX idx_payment_allocations_org_allocated_at ON payment_allocations USING btree (org_id, allocated_at DESC)"
public,payment_allocations,idx_payment_allocations_org_charge_id_partial,false,false,btree,"CREATE INDEX idx_payment_allocations_org_charge_id_partial ON payment_allocations USING btree (org_id, charge_id) WHERE charge_id IS NOT NULL"
public,payment_allocations,idx_payment_allocations_org_payment,false,false,btree,"CREATE INDEX idx_payment_allocations_org_payment ON payment_allocations USING btree (org_id, payment_id)"
public,payment_allocations,idx_payment_allocations_org_status_target,false,false,btree,"CREATE INDEX idx_payment_allocations_org_status_target ON payment_allocations USING btree (org_id, status, target_entity_type, target_entity_id)"
public,payment_allocations,idx_payment_allocations_org_target,false,false,btree,"CREATE INDEX idx_payment_allocations_org_target ON payment_allocations USING btree (org_id, target_entity_type, target_entity_id)"
public,payment_allocations,payment_allocations_pkey,true,true,btree,CREATE UNIQUE INDEX payment_allocations_pkey ON payment_allocations USING btree (id)
public,payment_statuses,payment_statuses_key_key,true,false,btree,CREATE UNIQUE INDEX payment_statuses_key_key ON payment_statuses USING btree (key)
public,payment_statuses,payment_statuses_pkey,true,true,btree,CREATE UNIQUE INDEX payment_statuses_pkey ON payment_statuses USING btree (id)
public,payments,idx_payments_customer,false,false,btree,CREATE INDEX idx_payments_customer ON payments USING btree (customer_id)
public,payments,idx_payments_job,false,false,btree,CREATE INDEX idx_payments_job ON payments USING btree (job_id)
public,payments,idx_payments_org_customer_received_at,false,false,btree,"CREATE INDEX idx_payments_org_customer_received_at ON payments USING btree (org_id, customer_id, received_at DESC) WHERE customer_id IS NOT NULL"
public,payments,idx_payments_org_id,false,false,btree,CREATE INDEX idx_payments_org_id ON payments USING btree (org_id)
public,payments,idx_payments_org_payer_entity,false,false,btree,"CREATE INDEX idx_payments_org_payer_entity ON payments USING btree (org_id, payer_entity_type, payer_entity_id) WHERE payer_entity_id IS NOT NULL"
public,payments,idx_payments_org_posted_at,false,false,btree,"CREATE INDEX idx_payments_org_posted_at ON payments USING btree (org_id, posted_at DESC)"
public,payments,idx_payments_org_status_received_at,false,false,btree,"CREATE INDEX idx_payments_org_status_received_at ON payments USING btree (org_id, status, received_at DESC)"
public,payments,idx_payments_posted_to_ledger,false,false,btree,"CREATE INDEX idx_payments_posted_to_ledger ON payments USING btree (org_id, posted_to_ledger_at)"
public,payments,idx_payments_processor_transaction,false,false,btree,"CREATE INDEX idx_payments_processor_transaction ON payments USING btree (processor, processor_transaction_id) WHERE processor_transaction_id IS NOT NULL"
public,payments,idx_payments_provider,false,false,btree,"CREATE INDEX idx_payments_provider ON payments USING btree (provider, provider_payment_id)"
public,payments,idx_payments_status,false,false,btree,CREATE INDEX idx_payments_status ON payments USING btree (payment_status_id)
public,payments,payments_org_status_idx,false,false,btree,"CREATE INDEX payments_org_status_idx ON payments USING btree (org_id, status_key)"
public,payments,payments_pkey,true,true,btree,CREATE UNIQUE INDEX payments_pkey ON payments USING btree (id)
public,permission_definitions,permission_definitions_group_key_idx,false,false,btree,CREATE INDEX permission_definitions_group_key_idx ON permission_definitions USING btree (group_key)
public,permission_definitions,permission_definitions_is_active_idx,false,false,btree,CREATE INDEX permission_definitions_is_active_idx ON permission_definitions USING btree (is_active)
public,permission_definitions,permission_definitions_key_key,true,false,btree,CREATE UNIQUE INDEX permission_definitions_key_key ON permission_definitions USING btree (key)
public,permission_definitions,permission_definitions_pkey,true,true,btree,CREATE UNIQUE INDEX permission_definitions_pkey ON permission_definitions USING btree (id)
public,permission_keys,permission_keys_pkey,true,true,btree,CREATE UNIQUE INDEX permission_keys_pkey ON permission_keys USING btree (key)
public,permissions,permissions_pkey,true,true,btree,CREATE UNIQUE INDEX permissions_pkey ON permissions USING btree (key)
public,person_locations,idx_person_locations_location,false,false,btree,CREATE INDEX idx_person_locations_location ON person_locations USING btree (location_id)
public,person_locations,idx_person_locations_org,false,false,btree,CREATE INDEX idx_person_locations_org ON person_locations USING btree (org_id)
public,person_locations,idx_person_locations_person,false,false,btree,CREATE INDEX idx_person_locations_person ON person_locations USING btree (person_id)
public,person_locations,person_locations_pkey,true,true,btree,CREATE UNIQUE INDEX person_locations_pkey ON person_locations USING btree (id)
public,person_locations,uq_person_locations_person_location,true,false,btree,"CREATE UNIQUE INDEX uq_person_locations_person_location ON person_locations USING btree (person_id, location_id)"
public,person_relationship_type_settings,idx_person_relationship_type_settings_active,false,false,btree,"CREATE INDEX idx_person_relationship_type_settings_active ON person_relationship_type_settings USING btree (org_id, is_active, sort_order, label)"
public,person_relationship_type_settings,idx_person_relationship_type_settings_industry_id,false,false,btree,CREATE INDEX idx_person_relationship_type_settings_industry_id ON person_relationship_type_settings USING btree (industry_id)
public,person_relationship_type_settings,idx_person_relationship_type_settings_org_id,false,false,btree,CREATE INDEX idx_person_relationship_type_settings_org_id ON person_relationship_type_settings USING btree (org_id)
public,person_relationship_type_settings,idx_person_relationship_type_settings_vertical_id,false,false,btree,CREATE INDEX idx_person_relationship_type_settings_vertical_id ON person_relationship_type_settings USING btree (vertical_id)
public,person_relationship_type_settings,person_relationship_type_settings_pkey,true,true,btree,CREATE UNIQUE INDEX person_relationship_type_settings_pkey ON person_relationship_type_settings USING btree (id)
public,person_relationship_type_settings,uq_person_relationship_type_settings_scope_key,true,false,btree,"CREATE UNIQUE INDEX uq_person_relationship_type_settings_scope_key ON person_relationship_type_settings USING btree (org_id, COALESCE(industry_id, '00000000-0000-0000-0000-000000000000'::uuid), COALESCE(vertical_id, '00000000-0000-0000-0000-000000000000'::uuid), key)"
public,person_relationships,idx_person_relationships_from_person_id,false,false,btree,CREATE INDEX idx_person_relationships_from_person_id ON person_relationships USING btree (from_person_id)
public,person_relationships,idx_person_relationships_org_id,false,false,btree,CREATE INDEX idx_person_relationships_org_id ON person_relationships USING btree (org_id)
public,person_relationships,idx_person_relationships_to_person_id,false,false,btree,CREATE INDEX idx_person_relationships_to_person_id ON person_relationships USING btree (to_person_id)
public,person_relationships,person_relationships_pkey,true,true,btree,CREATE UNIQUE INDEX person_relationships_pkey ON person_relationships USING btree (id)
public,person_relationships,uq_person_relationships_unique,true,false,btree,"CREATE UNIQUE INDEX uq_person_relationships_unique ON person_relationships USING btree (org_id, from_person_id, to_person_id, relationship_type)"
public,persons,idx_persons_email,false,false,btree,CREATE INDEX idx_persons_email ON persons USING btree (email)
public,persons,idx_persons_full_name,false,false,btree,CREATE INDEX idx_persons_full_name ON persons USING btree (full_name)
public,persons,idx_persons_org_id,false,false,btree,CREATE INDEX idx_persons_org_id ON persons USING btree (org_id)
public,persons,idx_persons_phone,false,false,btree,CREATE INDEX idx_persons_phone ON persons USING btree (phone)
public,persons,persons_pkey,true,true,btree,CREATE UNIQUE INDEX persons_pkey ON persons USING btree (id)
public,persons,ux_persons_org_person_number,true,false,btree,"CREATE UNIQUE INDEX ux_persons_org_person_number ON persons USING btree (org_id, person_number)"
public,pipeline_stages,idx_pipeline_stages_org_key,false,false,btree,"CREATE INDEX idx_pipeline_stages_org_key ON pipeline_stages USING btree (org_id, key) WHERE key IS NOT NULL"
public,pipeline_stages,pipeline_stages_org_id_idx,false,false,btree,CREATE INDEX pipeline_stages_org_id_idx ON pipeline_stages USING btree (org_id)
public,pipeline_stages,pipeline_stages_pipeline_id_ghl_stage_uuid_key,true,false,btree,"CREATE UNIQUE INDEX pipeline_stages_pipeline_id_ghl_stage_uuid_key ON pipeline_stages USING btree (pipeline_id, ghl_stage_uuid)"
public,pipeline_stages,pipeline_stages_pkey,true,true,btree,CREATE UNIQUE INDEX pipeline_stages_pkey ON pipeline_stages USING btree (id)
public,pipeline_stages,ux_pipeline_stages_org_key,true,false,btree,"CREATE UNIQUE INDEX ux_pipeline_stages_org_key ON pipeline_stages USING btree (org_id, key) WHERE key IS NOT NULL"
public,pipelines,pipelines_ghl_pipeline_id_key,true,false,btree,CREATE UNIQUE INDEX pipelines_ghl_pipeline_id_key ON pipelines USING btree (ghl_pipeline_id)
public,pipelines,pipelines_org_id_idx,false,false,btree,CREATE INDEX pipelines_org_id_idx ON pipelines USING btree (org_id)
public,pipelines,pipelines_pkey,true,true,btree,CREATE UNIQUE INDEX pipelines_pkey ON pipelines USING btree (id)
public,placement_candidates,idx_placement_candidates_org_cohort_status,false,false,btree,"CREATE INDEX idx_placement_candidates_org_cohort_status ON placement_candidates USING btree (org_id, program_room_cohort_key, status)"
public,placement_candidates,idx_placement_candidates_org_customer_member,false,false,btree,"CREATE INDEX idx_placement_candidates_org_customer_member ON placement_candidates USING btree (org_id, customer_member_id) WHERE customer_member_id IS NOT NULL"
public,placement_candidates,idx_placement_candidates_org_ocm,false,false,btree,"CREATE INDEX idx_placement_candidates_org_ocm ON placement_candidates USING btree (org_id, opportunity_customer_member_id) WHERE opportunity_customer_member_id IS NOT NULL"
public,placement_candidates,idx_placement_candidates_org_opportunity,false,false,btree,"CREATE INDEX idx_placement_candidates_org_opportunity ON placement_candidates USING btree (org_id, opportunity_id)"
public,placement_candidates,idx_placement_candidates_org_status,false,false,btree,"CREATE INDEX idx_placement_candidates_org_status ON placement_candidates USING btree (org_id, status)"
public,placement_candidates,idx_placement_candidates_org_status_opportunity,false,false,btree,"CREATE INDEX idx_placement_candidates_org_status_opportunity ON placement_candidates USING btree (org_id, status, opportunity_id) WHERE status = ANY (ARRAY['active'::text, 'paused'::text])"
public,placement_candidates,placement_candidates_pkey,true,true,btree,CREATE UNIQUE INDEX placement_candidates_pkey ON placement_candidates USING btree (id)
public,placement_candidates,ux_placement_candidates_ocm_cohort_active,true,false,btree,"CREATE UNIQUE INDEX ux_placement_candidates_ocm_cohort_active ON placement_candidates USING btree (org_id, opportunity_customer_member_id, program_room_cohort_key) WHERE opportunity_customer_member_id IS NOT NULL AND (status = ANY (ARRAY['active'::text, 'paused'::text]))"
public,placement_candidates,ux_placement_candidates_org_seed_key,true,false,btree,"CREATE UNIQUE INDEX ux_placement_candidates_org_seed_key ON placement_candidates USING btree (org_id, seed_key) WHERE seed_key IS NOT NULL"
public,placement_candidates,ux_placement_candidates_synthetic_cohort_active,true,false,btree,"CREATE UNIQUE INDEX ux_placement_candidates_synthetic_cohort_active ON placement_candidates USING btree (org_id, opportunity_id, program_room_cohort_key) WHERE is_synthetic_fallback = true AND (status = ANY (ARRAY['active'::text, 'paused'::text]))"
public,placement_link_group_members,idx_placement_link_group_members_org_candidate,false,false,btree,"CREATE INDEX idx_placement_link_group_members_org_candidate ON placement_link_group_members USING btree (org_id, placement_candidate_id)"
public,placement_link_group_members,idx_placement_link_group_members_org_group,false,false,btree,"CREATE INDEX idx_placement_link_group_members_org_group ON placement_link_group_members USING btree (org_id, placement_link_group_id)"
public,placement_link_group_members,placement_link_group_members_pkey,true,true,btree,CREATE UNIQUE INDEX placement_link_group_members_pkey ON placement_link_group_members USING btree (id)
public,placement_link_group_members,uq_placement_link_group_members_group_candidate,true,false,btree,"CREATE UNIQUE INDEX uq_placement_link_group_members_group_candidate ON placement_link_group_members USING btree (placement_link_group_id, placement_candidate_id)"
public,placement_link_groups,idx_placement_link_groups_org_opportunity,false,false,btree,"CREATE INDEX idx_placement_link_groups_org_opportunity ON placement_link_groups USING btree (org_id, opportunity_id)"
public,placement_link_groups,placement_link_groups_pkey,true,true,btree,CREATE UNIQUE INDEX placement_link_groups_pkey ON placement_link_groups USING btree (id)
public,placement_overrides,idx_placement_overrides_org_candidate,false,false,btree,"CREATE INDEX idx_placement_overrides_org_candidate ON placement_overrides USING btree (org_id, placement_candidate_id)"
public,placement_overrides,idx_placement_overrides_org_cohort_active,false,false,btree,"CREATE INDEX idx_placement_overrides_org_cohort_active ON placement_overrides USING btree (org_id, program_room_cohort_key) WHERE is_active = true"
public,placement_overrides,placement_overrides_pkey,true,true,btree,CREATE UNIQUE INDEX placement_overrides_pkey ON placement_overrides USING btree (id)
public,placement_overrides,ux_placement_overrides_one_active_pin,true,false,btree,"CREATE UNIQUE INDEX ux_placement_overrides_one_active_pin ON placement_overrides USING btree (org_id, placement_candidate_id, program_room_cohort_key, override_kind) WHERE is_active = true AND override_kind = 'pin'::text"
public,pricing_addons,idx_addons_unique,true,false,btree,"CREATE UNIQUE INDEX idx_addons_unique ON pricing_addons USING btree (vertical_id, addon_key)"
public,pricing_addons,pricing_addons_pkey,true,true,btree,CREATE UNIQUE INDEX pricing_addons_pkey ON pricing_addons USING btree (id)
public,pricing_addons,pricing_addons_vertical_key_uniq,true,false,btree,"CREATE UNIQUE INDEX pricing_addons_vertical_key_uniq ON pricing_addons USING btree (vertical_id, addon_key)"
public,pricing_addons,ux_pricing_addons_vertical_addon_key,true,false,btree,"CREATE UNIQUE INDEX ux_pricing_addons_vertical_addon_key ON pricing_addons USING btree (vertical_id, addon_key)"
public,pricing_dimension_values,pricing_dimension_values_pkey,true,true,btree,CREATE UNIQUE INDEX pricing_dimension_values_pkey ON pricing_dimension_values USING btree (id)
public,pricing_dimension_values,ux_pricing_dimension_values_key,true,false,btree,"CREATE UNIQUE INDEX ux_pricing_dimension_values_key ON pricing_dimension_values USING btree (dimension_id, value_key)"
public,pricing_dimensions,pricing_dimensions_pkey,true,true,btree,CREATE UNIQUE INDEX pricing_dimensions_pkey ON pricing_dimensions USING btree (id)
public,pricing_dimensions,ux_pricing_dimensions_vertical_key,true,false,btree,"CREATE UNIQUE INDEX ux_pricing_dimensions_vertical_key ON pricing_dimensions USING btree (vertical_id, dimension_key)"
public,pricing_first_clean_prices,idx_first_clean_unique,true,false,btree,"CREATE UNIQUE INDEX idx_first_clean_unique ON pricing_first_clean_prices USING btree (vertical_id, sqft_tier_id)"
public,pricing_first_clean_prices,pricing_first_clean_prices_pkey,true,true,btree,CREATE UNIQUE INDEX pricing_first_clean_prices_pkey ON pricing_first_clean_prices USING btree (id)
public,pricing_first_clean_prices,pricing_first_clean_unique,true,false,btree,"CREATE UNIQUE INDEX pricing_first_clean_unique ON pricing_first_clean_prices USING btree (vertical_id, service_id, sqft_tier_id)"
public,pricing_first_clean_prices,ux_first_clean_prices,true,false,btree,"CREATE UNIQUE INDEX ux_first_clean_prices ON pricing_first_clean_prices USING btree (vertical_id, service_id, sqft_tier_id)"
public,pricing_first_clean_prices,ux_first_clean_vertical_service_sqft,true,false,btree,"CREATE UNIQUE INDEX ux_first_clean_vertical_service_sqft ON pricing_first_clean_prices USING btree (vertical_id, service_id, sqft_tier_id)"
public,pricing_first_clean_prices,ux_pricing_first_clean_unique,true,false,btree,"CREATE UNIQUE INDEX ux_pricing_first_clean_unique ON pricing_first_clean_prices USING btree (vertical_id, sqft_tier_id, service_id)"
public,pricing_frequencies,idx_pricing_freq_unique,true,false,btree,"CREATE UNIQUE INDEX idx_pricing_freq_unique ON pricing_frequencies USING btree (vertical_id, frequency_key)"
public,pricing_frequencies,pricing_frequencies_pkey,true,true,btree,CREATE UNIQUE INDEX pricing_frequencies_pkey ON pricing_frequencies USING btree (id)
public,pricing_frequencies,pricing_frequencies_recur_idx,false,false,btree,"CREATE INDEX pricing_frequencies_recur_idx ON pricing_frequencies USING btree (recurrence_unit, recurrence_interval)"
public,pricing_frequencies,ux_pricing_freq_vertical_key,true,false,btree,"CREATE UNIQUE INDEX ux_pricing_freq_vertical_key ON pricing_frequencies USING btree (vertical_id, frequency_key)"
public,pricing_matrix,pricing_matrix_dimension_idx,false,false,btree,CREATE INDEX pricing_matrix_dimension_idx ON pricing_matrix USING btree (pricing_dimension_value_id)
public,pricing_matrix,pricing_matrix_mode_idx,false,false,btree,CREATE INDEX pricing_matrix_mode_idx ON pricing_matrix USING btree (pricing_mode_id)
public,pricing_matrix,pricing_matrix_org_idx,false,false,btree,CREATE INDEX pricing_matrix_org_idx ON pricing_matrix USING btree (org_id)
public,pricing_matrix,pricing_matrix_pkey,true,true,btree,CREATE UNIQUE INDEX pricing_matrix_pkey ON pricing_matrix USING btree (id)
public,pricing_matrix,pricing_matrix_plan_idx,false,false,btree,CREATE INDEX pricing_matrix_plan_idx ON pricing_matrix USING btree (service_plan_template_id)
public,pricing_matrix,pricing_matrix_vertical_idx,false,false,btree,CREATE INDEX pricing_matrix_vertical_idx ON pricing_matrix USING btree (vertical_id)
public,pricing_matrix,uq_pricing_matrix_lookup,true,false,btree,"CREATE UNIQUE INDEX uq_pricing_matrix_lookup ON pricing_matrix USING btree (org_id, vertical_id, service_offering_id, COALESCE(service_plan_template_id, '00000000-0000-0000-0000-000000000000'::uuid), pricing_mode_id, COALESCE(pricing_dimension_value_id, '00000000-0000-0000-0000-000000000000'::uuid), currency)"
public,pricing_matrix,uq_pricing_matrix_source,true,false,btree,"CREATE UNIQUE INDEX uq_pricing_matrix_source ON pricing_matrix USING btree (source_table, source_id)"
public,pricing_matrix,ux_pricing_matrix_rule,true,false,btree,"CREATE UNIQUE INDEX ux_pricing_matrix_rule ON pricing_matrix USING btree (vertical_id, service_offering_id, service_plan_template_id, pricing_mode_id, pricing_dimension_value_id)"
public,pricing_modes,pricing_modes_pkey,true,true,btree,CREATE UNIQUE INDEX pricing_modes_pkey ON pricing_modes USING btree (id)
public,pricing_modes,ux_pricing_modes_vertical_key,true,false,btree,"CREATE UNIQUE INDEX ux_pricing_modes_vertical_key ON pricing_modes USING btree (vertical_id, mode_key)"
public,pricing_recurring_prices,idx_recurring_unique,true,false,btree,"CREATE UNIQUE INDEX idx_recurring_unique ON pricing_recurring_prices USING btree (vertical_id, frequency_id, sqft_tier_id)"
public,pricing_recurring_prices,pricing_recurring_prices_pkey,true,true,btree,CREATE UNIQUE INDEX pricing_recurring_prices_pkey ON pricing_recurring_prices USING btree (id)
public,pricing_recurring_prices,ux_pricing_recurring_unique,true,false,btree,"CREATE UNIQUE INDEX ux_pricing_recurring_unique ON pricing_recurring_prices USING btree (vertical_id, frequency_id, sqft_tier_id, service_id)"
public,pricing_recurring_prices,ux_recurring_prices,true,false,btree,"CREATE UNIQUE INDEX ux_recurring_prices ON pricing_recurring_prices USING btree (vertical_id, service_id, frequency_id, sqft_tier_id)"
public,pricing_recurring_prices,ux_recurring_vertical_frequency_sqft,true,false,btree,"CREATE UNIQUE INDEX ux_recurring_vertical_frequency_sqft ON pricing_recurring_prices USING btree (vertical_id, frequency_id, sqft_tier_id)"
public,pricing_services,idx_pricing_services_unique,true,false,btree,"CREATE UNIQUE INDEX idx_pricing_services_unique ON pricing_services USING btree (vertical_id, service_key)"
public,pricing_services,pricing_services_pkey,true,true,btree,CREATE UNIQUE INDEX pricing_services_pkey ON pricing_services USING btree (id)
public,pricing_services,pricing_services_unique_vertical_service,true,false,btree,"CREATE UNIQUE INDEX pricing_services_unique_vertical_service ON pricing_services USING btree (vertical_id, service_key)"
public,pricing_square_footage_tiers,idx_pricing_tier_unique,true,false,btree,"CREATE UNIQUE INDEX idx_pricing_tier_unique ON pricing_square_footage_tiers USING btree (vertical_id, tier_key)"
public,pricing_square_footage_tiers,pricing_square_footage_tiers_pkey,true,true,btree,CREATE UNIQUE INDEX pricing_square_footage_tiers_pkey ON pricing_square_footage_tiers USING btree (id)
public,process_instances,idx_process_instances_context,false,false,btree,"CREATE INDEX idx_process_instances_context ON process_instances USING btree (org_id, context_id) WHERE context_id IS NOT NULL"
public,process_instances,idx_process_instances_stage,false,false,btree,"CREATE INDEX idx_process_instances_stage ON process_instances USING btree (org_id, process_key, stage_key) WHERE stage_key IS NOT NULL"
public,process_instances,idx_process_instances_state,false,false,btree,"CREATE INDEX idx_process_instances_state ON process_instances USING btree (org_id, process_key, state) WHERE state IS NOT NULL"
public,process_instances,idx_process_instances_subject,false,false,btree,"CREATE INDEX idx_process_instances_subject ON process_instances USING btree (org_id, subject_id)"
public,process_instances,process_instances_pkey,true,true,btree,CREATE UNIQUE INDEX process_instances_pkey ON process_instances USING btree (id)
public,process_instances,ux_process_instances_scope,true,false,btree,"CREATE UNIQUE INDEX ux_process_instances_scope ON process_instances USING btree (org_id, process_key, subject_id, context_id)"
public,processing_approvals,idx_processing_approvals_case,false,false,btree,"CREATE INDEX idx_processing_approvals_case ON processing_approvals USING btree (org_id, case_id)"
public,processing_approvals,idx_processing_approvals_plan,false,false,btree,CREATE INDEX idx_processing_approvals_plan ON processing_approvals USING btree (plan_id)
public,processing_approvals,processing_approvals_pkey,true,true,btree,CREATE UNIQUE INDEX processing_approvals_pkey ON processing_approvals USING btree (id)
public,processing_approvals,uq_processing_approvals_active_plan,true,false,btree,CREATE UNIQUE INDEX uq_processing_approvals_active_plan ON processing_approvals USING btree (plan_id) WHERE invalidated_at IS NULL AND decision = 'approved'::text
public,processing_case_sources,idx_pcs_case,false,false,btree,CREATE INDEX idx_pcs_case ON processing_case_sources USING btree (processing_case_id)
public,processing_case_sources,idx_pcs_org_source,false,false,btree,"CREATE INDEX idx_pcs_org_source ON processing_case_sources USING btree (org_id, source_kind, source_id)"
public,processing_case_sources,processing_case_sources_pkey,true,true,btree,CREATE UNIQUE INDEX processing_case_sources_pkey ON processing_case_sources USING btree (id)
public,processing_case_sources,uq_pcs_one_primary_per_case,true,false,btree,CREATE UNIQUE INDEX uq_pcs_one_primary_per_case ON processing_case_sources USING btree (processing_case_id) WHERE role = 'primary'::text
public,processing_case_sources,uq_pcs_org_idempotency_key,true,false,btree,"CREATE UNIQUE INDEX uq_pcs_org_idempotency_key ON processing_case_sources USING btree (org_id, idempotency_key) WHERE idempotency_key IS NOT NULL"
public,processing_case_sources,uq_pcs_primary_source_once,true,false,btree,"CREATE UNIQUE INDEX uq_pcs_primary_source_once ON processing_case_sources USING btree (org_id, source_kind, source_id) WHERE role = 'primary'::text"
public,processing_cases,idx_processing_cases_org,false,false,btree,CREATE INDEX idx_processing_cases_org ON processing_cases USING btree (org_id)
public,processing_cases,idx_processing_cases_org_status,false,false,btree,"CREATE INDEX idx_processing_cases_org_status ON processing_cases USING btree (org_id, status)"
public,processing_cases,idx_processing_cases_org_status_created,false,false,btree,"CREATE INDEX idx_processing_cases_org_status_created ON processing_cases USING btree (org_id, status, created_at DESC)"
public,processing_cases,processing_cases_pkey,true,true,btree,CREATE UNIQUE INDEX processing_cases_pkey ON processing_cases USING btree (id)
public,processing_commit_attempts,idx_processing_commit_attempts_case,false,false,btree,"CREATE INDEX idx_processing_commit_attempts_case ON processing_commit_attempts USING btree (org_id, case_id)"
public,processing_commit_attempts,idx_processing_commit_attempts_idem,false,false,btree,"CREATE INDEX idx_processing_commit_attempts_idem ON processing_commit_attempts USING btree (plan_id, execution_idempotency_key)"
public,processing_commit_attempts,processing_commit_attempts_pkey,true,true,btree,CREATE UNIQUE INDEX processing_commit_attempts_pkey ON processing_commit_attempts USING btree (id)
public,processing_commit_attempts,uq_processing_commit_attempts_plan_attempt,true,false,btree,"CREATE UNIQUE INDEX uq_processing_commit_attempts_plan_attempt ON processing_commit_attempts USING btree (plan_id, attempt_no)"
public,processing_commit_plans,idx_processing_commit_plans_case,false,false,btree,"CREATE INDEX idx_processing_commit_plans_case ON processing_commit_plans USING btree (org_id, case_id)"
public,processing_commit_plans,processing_commit_plans_pkey,true,true,btree,CREATE UNIQUE INDEX processing_commit_plans_pkey ON processing_commit_plans USING btree (id)
public,processing_commit_plans,uq_processing_commit_plans_case_version,true,false,btree,"CREATE UNIQUE INDEX uq_processing_commit_plans_case_version ON processing_commit_plans USING btree (case_id, version)"
public,processing_exceptions,idx_processing_exceptions_open,false,false,btree,"CREATE INDEX idx_processing_exceptions_open ON processing_exceptions USING btree (org_id, exception_type, resolved_at)"
public,processing_exceptions,processing_exceptions_pkey,true,true,btree,CREATE UNIQUE INDEX processing_exceptions_pkey ON processing_exceptions USING btree (id)
public,processing_facts,idx_processing_facts_case_generation,false,false,btree,"CREATE INDEX idx_processing_facts_case_generation ON processing_facts USING btree (case_id, generation_id)"
public,processing_facts,idx_processing_facts_org_case,false,false,btree,"CREATE INDEX idx_processing_facts_org_case ON processing_facts USING btree (org_id, case_id)"
public,processing_facts,idx_processing_facts_subject_ref,false,false,btree,"CREATE INDEX idx_processing_facts_subject_ref ON processing_facts USING btree (case_id, subject_ref) WHERE subject_ref IS NOT NULL"
public,processing_facts,processing_facts_pkey,true,true,btree,CREATE UNIQUE INDEX processing_facts_pkey ON processing_facts USING btree (id)
public,processing_plan_operations,idx_processing_plan_operations_plan,false,false,btree,"CREATE INDEX idx_processing_plan_operations_plan ON processing_plan_operations USING btree (plan_id, op_order)"
public,processing_plan_operations,processing_plan_operations_pkey,true,true,btree,CREATE UNIQUE INDEX processing_plan_operations_pkey ON processing_plan_operations USING btree (id)
public,processing_plan_operations,uq_processing_plan_operations_plan_op,true,false,btree,"CREATE UNIQUE INDEX uq_processing_plan_operations_plan_op ON processing_plan_operations USING btree (plan_id, op_id)"
public,processing_resolutions,idx_processing_resolutions_case,false,false,btree,"CREATE INDEX idx_processing_resolutions_case ON processing_resolutions USING btree (org_id, case_id)"
public,processing_resolutions,idx_processing_resolutions_input_hash,false,false,btree,"CREATE INDEX idx_processing_resolutions_input_hash ON processing_resolutions USING btree (case_id, input_facts_hash)"
public,processing_resolutions,processing_resolutions_pkey,true,true,btree,CREATE UNIQUE INDEX processing_resolutions_pkey ON processing_resolutions USING btree (id)
public,processing_resolutions,uq_processing_resolutions_case_subject_generation,true,false,btree,"CREATE UNIQUE INDEX uq_processing_resolutions_case_subject_generation ON processing_resolutions USING btree (case_id, subject_ref, generation_id)"
public,program_offering_variants,idx_program_offering_variants_offering,false,false,btree,CREATE INDEX idx_program_offering_variants_offering ON program_offering_variants USING btree (offering_id)
public,program_offering_variants,idx_program_offering_variants_org,false,false,btree,CREATE INDEX idx_program_offering_variants_org ON program_offering_variants USING btree (org_id)
public,program_offering_variants,program_offering_variants_pkey,true,true,btree,CREATE UNIQUE INDEX program_offering_variants_pkey ON program_offering_variants USING btree (id)
public,program_offering_variants,program_offering_variants_unique,true,false,btree,"CREATE UNIQUE INDEX program_offering_variants_unique ON program_offering_variants USING btree (org_id, offering_id, quantity_type, quantity_value) NULLS NOT DISTINCT"
public,program_offerings,idx_program_offerings_org,false,false,btree,CREATE INDEX idx_program_offerings_org ON program_offerings USING btree (org_id)
public,program_offerings,idx_program_offerings_org_active,false,false,btree,"CREATE INDEX idx_program_offerings_org_active ON program_offerings USING btree (org_id, is_active) WHERE is_active = true"
public,program_offerings,idx_program_offerings_org_program,false,false,btree,"CREATE INDEX idx_program_offerings_org_program ON program_offerings USING btree (org_id, program_key)"
public,program_offerings,program_offerings_pkey,true,true,btree,CREATE UNIQUE INDEX program_offerings_pkey ON program_offerings USING btree (id)
public,program_offerings,program_offerings_unique,true,false,btree,"CREATE UNIQUE INDEX program_offerings_unique ON program_offerings USING btree (org_id, program_key, attendance_type)"
public,quotes,idx_quotes_job,false,false,btree,CREATE INDEX idx_quotes_job ON quotes USING btree (job_id)
public,quotes,idx_quotes_opp,false,false,btree,CREATE INDEX idx_quotes_opp ON quotes USING btree (opportunity_id)
public,quotes,idx_quotes_org_id,false,false,btree,CREATE INDEX idx_quotes_org_id ON quotes USING btree (org_id)
public,quotes,quotes_pkey,true,true,btree,CREATE UNIQUE INDEX quotes_pkey ON quotes USING btree (id)
public,record_actions,idx_record_actions_entity_active,false,false,btree,CREATE INDEX idx_record_actions_entity_active ON record_actions USING btree (entity_type) WHERE is_active = true
public,record_actions,record_actions_pkey,true,true,btree,CREATE UNIQUE INDEX record_actions_pkey ON record_actions USING btree (id)
public,record_actions,ux_record_actions_entity_action,true,false,btree,"CREATE UNIQUE INDEX ux_record_actions_entity_action ON record_actions USING btree (entity_type, action_key)"
public,record_drawer_layouts,idx_record_drawer_layouts_org_entity_surface,false,false,btree,"CREATE INDEX idx_record_drawer_layouts_org_entity_surface ON record_drawer_layouts USING btree (org_id, entity_type, surface) WHERE is_active = true"
public,record_drawer_layouts,record_drawer_layouts_pkey,true,true,btree,CREATE UNIQUE INDEX record_drawer_layouts_pkey ON record_drawer_layouts USING btree (id)
public,record_drawer_layouts,ux_record_drawer_layouts_org_entity_surface_key,true,false,btree,"CREATE UNIQUE INDEX ux_record_drawer_layouts_org_entity_surface_key ON record_drawer_layouts USING btree (org_id, entity_type, surface, key)"
public,record_layouts,idx_record_layouts_entity_active,false,false,btree,CREATE INDEX idx_record_layouts_entity_active ON record_layouts USING btree (entity_type) WHERE is_active = true
public,record_layouts,record_layouts_pkey,true,true,btree,CREATE UNIQUE INDEX record_layouts_pkey ON record_layouts USING btree (id)
public,record_layouts,ux_record_layouts_entity_key,true,false,btree,"CREATE UNIQUE INDEX ux_record_layouts_entity_key ON record_layouts USING btree (entity_type, key)"
public,record_overview_layouts,idx_record_overview_layouts_org_entity_active,false,false,btree,"CREATE INDEX idx_record_overview_layouts_org_entity_active ON record_overview_layouts USING btree (org_id, entity_type) WHERE is_active = true"
public,record_overview_layouts,idx_record_overview_layouts_org_id,false,false,btree,CREATE INDEX idx_record_overview_layouts_org_id ON record_overview_layouts USING btree (org_id)
public,record_overview_layouts,record_overview_layouts_pkey,true,true,btree,CREATE UNIQUE INDEX record_overview_layouts_pkey ON record_overview_layouts USING btree (id)
public,record_overview_layouts,ux_record_overview_layouts_org_entity_surface,true,false,btree,"CREATE UNIQUE INDEX ux_record_overview_layouts_org_entity_surface ON record_overview_layouts USING btree (org_id, entity_type, surface)"
public,recurrence_plans,recurrence_plans_job_id_key,true,false,btree,CREATE UNIQUE INDEX recurrence_plans_job_id_key ON recurrence_plans USING btree (job_id)
public,recurrence_plans,recurrence_plans_pkey,true,true,btree,CREATE UNIQUE INDEX recurrence_plans_pkey ON recurrence_plans USING btree (id)
public,resolved_obligations,idx_resolved_obligations_draft_charge,false,false,btree,CREATE INDEX idx_resolved_obligations_draft_charge ON resolved_obligations USING btree (draft_charge_id) WHERE draft_charge_id IS NOT NULL
public,resolved_obligations,idx_resolved_obligations_event,false,false,btree,CREATE INDEX idx_resolved_obligations_event ON resolved_obligations USING btree (consumption_event_id)
public,resolved_obligations,idx_resolved_obligations_org_kind,false,false,btree,"CREATE INDEX idx_resolved_obligations_org_kind ON resolved_obligations USING btree (org_id, obligation_kind) WHERE obligation_kind IS NOT NULL"
public,resolved_obligations,idx_resolved_obligations_org_resolution,true,false,btree,"CREATE UNIQUE INDEX idx_resolved_obligations_org_resolution ON resolved_obligations USING btree (org_id, resolution_key) WHERE resolution_key IS NOT NULL"
public,resolved_obligations,idx_resolved_obligations_org_review_status,false,false,btree,"CREATE INDEX idx_resolved_obligations_org_review_status ON resolved_obligations USING btree (org_id, review_status)"
public,resolved_obligations,idx_resolved_obligations_org_status,false,false,btree,"CREATE INDEX idx_resolved_obligations_org_status ON resolved_obligations USING btree (org_id, status)"
public,resolved_obligations,resolved_obligations_pkey,true,true,btree,CREATE UNIQUE INDEX resolved_obligations_pkey ON resolved_obligations USING btree (id)
public,role_definitions,role_definitions_org_role_key_uk,true,false,btree,"CREATE UNIQUE INDEX role_definitions_org_role_key_uk ON role_definitions USING btree (org_id, role_key)"
public,role_definitions,role_definitions_org_role_key_uq,true,false,btree,"CREATE UNIQUE INDEX role_definitions_org_role_key_uq ON role_definitions USING btree (org_id, role_key)"
public,role_definitions,role_definitions_pkey,true,true,btree,CREATE UNIQUE INDEX role_definitions_pkey ON role_definitions USING btree (id)
public,role_permission_grants,role_permission_grants_org_idx,false,false,btree,CREATE INDEX role_permission_grants_org_idx ON role_permission_grants USING btree (org_id)
public,role_permission_grants,role_permission_grants_org_role_idx,false,false,btree,"CREATE INDEX role_permission_grants_org_role_idx ON role_permission_grants USING btree (org_id, role_key)"
public,role_permission_grants,role_permission_grants_org_role_perm_uk,true,false,btree,"CREATE UNIQUE INDEX role_permission_grants_org_role_perm_uk ON role_permission_grants USING btree (org_id, role_key, permission_key)"
public,role_permission_grants,role_permission_grants_org_role_perm_uq,true,false,btree,"CREATE UNIQUE INDEX role_permission_grants_org_role_perm_uq ON role_permission_grants USING btree (org_id, role_key, permission_key)"
public,role_permission_grants,role_permission_grants_permission_idx,false,false,btree,CREATE INDEX role_permission_grants_permission_idx ON role_permission_grants USING btree (permission_key)
public,role_permission_grants,role_permission_grants_pkey,true,true,btree,CREATE UNIQUE INDEX role_permission_grants_pkey ON role_permission_grants USING btree (id)
public,role_permission_grants,role_permission_grants_unique,true,false,btree,"CREATE UNIQUE INDEX role_permission_grants_unique ON role_permission_grants USING btree (org_id, role_key, permission_key)"
public,schedule_assignments,idx_schedule_assignments_org_agreement,false,false,btree,"CREATE INDEX idx_schedule_assignments_org_agreement ON schedule_assignments USING btree (org_id, enrollment_agreement_id)"
public,schedule_assignments,idx_schedule_assignments_org_member_dates,false,false,btree,"CREATE INDEX idx_schedule_assignments_org_member_dates ON schedule_assignments USING btree (org_id, customer_member_id, start_date)"
public,schedule_assignments,schedule_assignments_pkey,true,true,btree,CREATE UNIQUE INDEX schedule_assignments_pkey ON schedule_assignments USING btree (id)
public,schedule_assignments,ux_schedule_assignments_one_operational_per_agreement,true,false,btree,"CREATE UNIQUE INDEX ux_schedule_assignments_one_operational_per_agreement ON schedule_assignments USING btree (org_id, enrollment_agreement_id) WHERE status = ANY (ARRAY['planned'::text, 'active'::text, 'ending'::text])"
public,schedule_patterns,idx_schedule_patterns_org_schedule_type,false,false,btree,"CREATE INDEX idx_schedule_patterns_org_schedule_type ON schedule_patterns USING btree (org_id, schedule_type_key)"
public,schedule_patterns,idx_schedule_patterns_org_site,false,false,btree,"CREATE INDEX idx_schedule_patterns_org_site ON schedule_patterns USING btree (org_id, site_location_id)"
public,schedule_patterns,schedule_patterns_org_site_key_unique,true,false,btree,"CREATE UNIQUE INDEX schedule_patterns_org_site_key_unique ON schedule_patterns USING btree (org_id, site_location_id, key)"
public,schedule_patterns,schedule_patterns_pkey,true,true,btree,CREATE UNIQUE INDEX schedule_patterns_pkey ON schedule_patterns USING btree (id)
public,schedule_statuses,schedule_statuses_key_key,true,false,btree,CREATE UNIQUE INDEX schedule_statuses_key_key ON schedule_statuses USING btree (key)
public,schedule_statuses,schedule_statuses_pkey,true,true,btree,CREATE UNIQUE INDEX schedule_statuses_pkey ON schedule_statuses USING btree (id)
public,schedule_tags,schedule_tags_pkey,true,true,btree,"CREATE UNIQUE INDEX schedule_tags_pkey ON schedule_tags USING btree (schedule_id, tag_id)"
public,schedules,idx_schedules_job,false,false,btree,CREATE INDEX idx_schedules_job ON schedules USING btree (job_id)
public,schedules,idx_schedules_org_id,false,false,btree,CREATE INDEX idx_schedules_org_id ON schedules USING btree (org_id)
public,schedules,idx_schedules_org_id_start_at,false,false,btree,"CREATE INDEX idx_schedules_org_id_start_at ON schedules USING btree (org_id, start_at)"
public,schedules,idx_schedules_org_location,false,false,btree,"CREATE INDEX idx_schedules_org_location ON schedules USING btree (org_id, location_id)"
public,schedules,idx_schedules_start_at,false,false,btree,CREATE INDEX idx_schedules_start_at ON schedules USING btree (start_at)
public,schedules,idx_schedules_status,false,false,btree,CREATE INDEX idx_schedules_status ON schedules USING btree (schedule_status_id)
public,schedules,idx_schedules_subscription,false,false,btree,"CREATE INDEX idx_schedules_subscription ON schedules USING btree (customer_subscription_id, subscription_sequence)"
public,schedules,schedules_job_status_idx,false,false,btree,"CREATE INDEX schedules_job_status_idx ON schedules USING btree (org_id, job_id, status_key)"
public,schedules,schedules_job_vendor_status_idx,false,false,btree,"CREATE INDEX schedules_job_vendor_status_idx ON schedules USING btree (org_id, job_id, assigned_vendor_id, status_key)"
public,schedules,schedules_org_assigned_vendor_idx,false,false,btree,"CREATE INDEX schedules_org_assigned_vendor_idx ON schedules USING btree (org_id, assigned_vendor_id)"
public,schedules,schedules_org_job_start_idx,false,false,btree,"CREATE INDEX schedules_org_job_start_idx ON schedules USING btree (org_id, job_id, start_at)"
public,schedules,schedules_org_job_status_idx,false,false,btree,"CREATE INDEX schedules_org_job_status_idx ON schedules USING btree (org_id, job_id, status_key)"
public,schedules,schedules_org_job_vendor_status_idx,false,false,btree,"CREATE INDEX schedules_org_job_vendor_status_idx ON schedules USING btree (org_id, job_id, assigned_vendor_id, status_key)"
public,schedules,schedules_org_status_idx,false,false,btree,"CREATE INDEX schedules_org_status_idx ON schedules USING btree (org_id, status_key)"
public,schedules,schedules_pkey,true,true,btree,CREATE UNIQUE INDEX schedules_pkey ON schedules USING btree (id)
public,schedules,schedules_subscription_idx,false,false,btree,CREATE INDEX schedules_subscription_idx ON schedules USING btree (customer_subscription_id)
public,schedules,ux_schedules_org_schedule_number,true,false,btree,"CREATE UNIQUE INDEX ux_schedules_org_schedule_number ON schedules USING btree (org_id, schedule_number)"
public,service_offerings,service_offerings_org_active_idx,false,false,btree,"CREATE INDEX service_offerings_org_active_idx ON service_offerings USING btree (org_id, is_active)"
public,service_offerings,service_offerings_org_key_uidx,true,false,btree,"CREATE UNIQUE INDEX service_offerings_org_key_uidx ON service_offerings USING btree (org_id, offering_key)"
public,service_offerings,service_offerings_pkey,true,true,btree,CREATE UNIQUE INDEX service_offerings_pkey ON service_offerings USING btree (id)
public,service_plan_templates,service_plan_templates_org_active_idx,false,false,btree,"CREATE INDEX service_plan_templates_org_active_idx ON service_plan_templates USING btree (org_id, is_active)"
public,service_plan_templates,service_plan_templates_org_key_uidx,true,false,btree,"CREATE UNIQUE INDEX service_plan_templates_org_key_uidx ON service_plan_templates USING btree (org_id, plan_key)"
public,service_plan_templates,service_plan_templates_pkey,true,true,btree,CREATE UNIQUE INDEX service_plan_templates_pkey ON service_plan_templates USING btree (id)
public,service_price_dimensions,service_price_dimensions_pkey,true,true,btree,CREATE UNIQUE INDEX service_price_dimensions_pkey ON service_price_dimensions USING btree (id)
public,service_price_dimensions,service_price_dimensions_rule_idx,false,false,btree,CREATE INDEX service_price_dimensions_rule_idx ON service_price_dimensions USING btree (pricing_rule_id)
public,service_pricing_rules,service_pricing_rules_offering_idx,false,false,btree,CREATE INDEX service_pricing_rules_offering_idx ON service_pricing_rules USING btree (service_offering_id)
public,service_pricing_rules,service_pricing_rules_org_active_idx,false,false,btree,"CREATE INDEX service_pricing_rules_org_active_idx ON service_pricing_rules USING btree (org_id, is_active)"
public,service_pricing_rules,service_pricing_rules_org_idx,false,false,btree,CREATE INDEX service_pricing_rules_org_idx ON service_pricing_rules USING btree (org_id)
public,service_pricing_rules,service_pricing_rules_pkey,true,true,btree,CREATE UNIQUE INDEX service_pricing_rules_pkey ON service_pricing_rules USING btree (id)
public,service_pricing_rules,service_pricing_rules_plan_idx,false,false,btree,CREATE INDEX service_pricing_rules_plan_idx ON service_pricing_rules USING btree (service_plan_template_id)
public,sla_events,idx_sla_events_org_thread,false,false,btree,"CREATE INDEX idx_sla_events_org_thread ON sla_events USING btree (org_id, thread_id, occurred_at DESC)"
public,sla_events,idx_sla_events_org_type_state,false,false,btree,"CREATE INDEX idx_sla_events_org_type_state ON sla_events USING btree (org_id, sla_type, state)"
public,sla_events,sla_events_pkey,true,true,btree,CREATE UNIQUE INDEX sla_events_pkey ON sla_events USING btree (id)
public,sqft_bands,sqft_bands_key_key,true,false,btree,CREATE UNIQUE INDEX sqft_bands_key_key ON sqft_bands USING btree (key)
public,sqft_bands,sqft_bands_pkey,true,true,btree,CREATE UNIQUE INDEX sqft_bands_pkey ON sqft_bands USING btree (id)
public,status_definitions,status_definitions_org_entity_sort_idx,false,false,btree,"CREATE INDEX status_definitions_org_entity_sort_idx ON status_definitions USING btree (org_id, entity_type, sort_order)"
public,status_definitions,status_definitions_pkey,true,true,btree,CREATE UNIQUE INDEX status_definitions_pkey ON status_definitions USING btree (id)
public,status_definitions,status_definitions_unique_scope,true,false,btree,"CREATE UNIQUE INDEX status_definitions_unique_scope ON status_definitions USING btree (COALESCE(org_id, '00000000-0000-0000-0000-000000000000'::uuid), COALESCE(industry_key, ''::text), entity_type, status_key)"
public,status_transition_rules,idx_status_transition_rules_org_entity_action,false,false,btree,"CREATE INDEX idx_status_transition_rules_org_entity_action ON status_transition_rules USING btree (org_id, entity_type, action_key) WHERE is_active = true AND action_key IS NOT NULL"
public,status_transition_rules,idx_status_transition_rules_org_entity_scope,false,false,btree,"CREATE INDEX idx_status_transition_rules_org_entity_scope ON status_transition_rules USING btree (org_id, entity_type, department_id, work_unit_id) WHERE is_active = true"
public,status_transition_rules,idx_status_transition_rules_org_entity_to,false,false,btree,"CREATE INDEX idx_status_transition_rules_org_entity_to ON status_transition_rules USING btree (org_id, entity_type, to_status_key) WHERE is_active = true"
public,status_transition_rules,status_transition_rules_pkey,true,true,btree,CREATE UNIQUE INDEX status_transition_rules_pkey ON status_transition_rules USING btree (id)
public,tags,tags_name_key,true,false,btree,CREATE UNIQUE INDEX tags_name_key ON tags USING btree (name)
public,tags,tags_pkey,true,true,btree,CREATE UNIQUE INDEX tags_pkey ON tags USING btree (id)
public,task_assist_proposals,idx_task_assist_proposals_org_entity_status,false,false,btree,"CREATE INDEX idx_task_assist_proposals_org_entity_status ON task_assist_proposals USING btree (org_id, entity_type, entity_id, status)"
public,task_assist_proposals,idx_task_assist_proposals_org_expires,false,false,btree,"CREATE INDEX idx_task_assist_proposals_org_expires ON task_assist_proposals USING btree (org_id, expires_at) WHERE status = 'draft'::text"
public,task_assist_proposals,task_assist_proposals_pkey,true,true,btree,CREATE UNIQUE INDEX task_assist_proposals_pkey ON task_assist_proposals USING btree (id)
public,tour_availability_rules,idx_tour_availability_rules_org_active,false,false,btree,"CREATE INDEX idx_tour_availability_rules_org_active ON tour_availability_rules USING btree (org_id, is_active)"
public,tour_availability_rules,idx_tour_availability_rules_org_dow,false,false,btree,"CREATE INDEX idx_tour_availability_rules_org_dow ON tour_availability_rules USING btree (org_id, day_of_week)"
public,tour_availability_rules,idx_tour_availability_rules_org_location,false,false,btree,"CREATE INDEX idx_tour_availability_rules_org_location ON tour_availability_rules USING btree (org_id, location_id)"
public,tour_availability_rules,idx_tour_availability_rules_org_user,false,false,btree,"CREATE INDEX idx_tour_availability_rules_org_user ON tour_availability_rules USING btree (org_id, user_id)"
public,tour_availability_rules,tour_availability_rules_pkey,true,true,btree,CREATE UNIQUE INDEX tour_availability_rules_pkey ON tour_availability_rules USING btree (id)
public,tour_bookings,idx_tour_bookings_form_public_link,false,false,btree,CREATE INDEX idx_tour_bookings_form_public_link ON tour_bookings USING btree (form_public_link_id) WHERE form_public_link_id IS NOT NULL
public,tour_bookings,idx_tour_bookings_form_submission,false,false,btree,CREATE INDEX idx_tour_bookings_form_submission ON tour_bookings USING btree (form_submission_id) WHERE form_submission_id IS NOT NULL
public,tour_bookings,idx_tour_bookings_org_location_start,false,false,btree,"CREATE INDEX idx_tour_bookings_org_location_start ON tour_bookings USING btree (org_id, location_id, start_at)"
public,tour_bookings,idx_tour_bookings_org_opportunity,false,false,btree,"CREATE INDEX idx_tour_bookings_org_opportunity ON tour_bookings USING btree (org_id, opportunity_id)"
public,tour_bookings,idx_tour_bookings_org_status_start,false,false,btree,"CREATE INDEX idx_tour_bookings_org_status_start ON tour_bookings USING btree (org_id, status_key, start_at)"
public,tour_bookings,idx_tour_bookings_org_window,false,false,btree,"CREATE INDEX idx_tour_bookings_org_window ON tour_bookings USING btree (org_id, start_at, end_at)"
public,tour_bookings,tour_bookings_pkey,true,true,btree,CREATE UNIQUE INDEX tour_bookings_pkey ON tour_bookings USING btree (id)
public,tour_bookings,ux_tour_bookings_one_active_non_terminal_per_opportunity,true,false,btree,"CREATE UNIQUE INDEX ux_tour_bookings_one_active_non_terminal_per_opportunity ON tour_bookings USING btree (org_id, opportunity_id) WHERE status_key = ANY (ARRAY['requested'::text, 'pending_approval'::text, 'confirmed'::text, 'rescheduled'::text])"
public,tour_public_booking_links,idx_tour_public_booking_links_org_opportunity,false,false,btree,"CREATE INDEX idx_tour_public_booking_links_org_opportunity ON tour_public_booking_links USING btree (org_id, opportunity_id)"
public,tour_public_booking_links,tour_public_booking_links_pkey,true,true,btree,CREATE UNIQUE INDEX tour_public_booking_links_pkey ON tour_public_booking_links USING btree (id)
public,tour_public_booking_links,ux_tour_public_booking_links_token_hash,true,false,btree,CREATE UNIQUE INDEX ux_tour_public_booking_links_token_hash ON tour_public_booking_links USING btree (token_hash)
public,user_access_profiles,idx_user_access_profiles_org_id,false,false,btree,CREATE INDEX idx_user_access_profiles_org_id ON user_access_profiles USING btree (org_id)
public,user_access_profiles,idx_user_access_profiles_user_id,false,false,btree,CREATE INDEX idx_user_access_profiles_user_id ON user_access_profiles USING btree (user_id)
public,user_access_profiles,uq_user_access_profiles_user_org,true,false,btree,"CREATE UNIQUE INDEX uq_user_access_profiles_user_org ON user_access_profiles USING btree (user_id, org_id)"
public,user_access_profiles,user_access_profiles_pkey,true,true,btree,CREATE UNIQUE INDEX user_access_profiles_pkey ON user_access_profiles USING btree (id)
public,user_department_access,idx_user_department_access_department_id,false,false,btree,CREATE INDEX idx_user_department_access_department_id ON user_department_access USING btree (department_id)
public,user_department_access,idx_user_department_access_user_org,false,false,btree,"CREATE INDEX idx_user_department_access_user_org ON user_department_access USING btree (user_id, org_id)"
public,user_department_access,uq_user_department_access_user_org_dept,true,false,btree,"CREATE UNIQUE INDEX uq_user_department_access_user_org_dept ON user_department_access USING btree (user_id, org_id, department_id)"
public,user_department_access,user_department_access_pkey,true,true,btree,CREATE UNIQUE INDEX user_department_access_pkey ON user_department_access USING btree (id)
public,user_profiles,user_profiles_pkey,true,true,btree,CREATE UNIQUE INDEX user_profiles_pkey ON user_profiles USING btree (id)
public,user_roles,idx_user_roles_org_id,false,false,btree,CREATE INDEX idx_user_roles_org_id ON user_roles USING btree (org_id)
public,user_roles,idx_user_roles_role,false,false,btree,CREATE INDEX idx_user_roles_role ON user_roles USING btree (role)
public,user_roles,idx_user_roles_user_id,false,false,btree,CREATE INDEX idx_user_roles_user_id ON user_roles USING btree (user_id)
public,user_roles,idx_user_roles_user_id_org_id,false,false,btree,"CREATE INDEX idx_user_roles_user_id_org_id ON user_roles USING btree (user_id, org_id)"
public,user_roles,user_roles_org_user_idx,false,false,btree,"CREATE INDEX user_roles_org_user_idx ON user_roles USING btree (org_id, user_id)"
public,user_roles,user_roles_pkey,true,true,btree,"CREATE UNIQUE INDEX user_roles_pkey ON user_roles USING btree (user_id, org_id, role)"
public,user_site_access,idx_user_site_access_location_id,false,false,btree,CREATE INDEX idx_user_site_access_location_id ON user_site_access USING btree (location_id)
public,user_site_access,idx_user_site_access_user_org,false,false,btree,"CREATE INDEX idx_user_site_access_user_org ON user_site_access USING btree (user_id, org_id)"
public,user_site_access,uq_user_site_access_user_org_location,true,false,btree,"CREATE UNIQUE INDEX uq_user_site_access_user_org_location ON user_site_access USING btree (user_id, org_id, location_id)"
public,user_site_access,user_site_access_pkey,true,true,btree,CREATE UNIQUE INDEX user_site_access_pkey ON user_site_access USING btree (id)
public,vendor_statuses,vendor_statuses_key_key,true,false,btree,CREATE UNIQUE INDEX vendor_statuses_key_key ON vendor_statuses USING btree (key)
public,vendor_statuses,vendor_statuses_pkey,true,true,btree,CREATE UNIQUE INDEX vendor_statuses_pkey ON vendor_statuses USING btree (id)
public,vendor_tags,vendor_tags_pkey,true,true,btree,"CREATE UNIQUE INDEX vendor_tags_pkey ON vendor_tags USING btree (vendor_id, tag_id)"
public,vendor_users,idx_vendor_users_external,false,false,btree,"CREATE INDEX idx_vendor_users_external ON vendor_users USING btree (external_source, external_id)"
public,vendor_users,idx_vendor_users_org_id,false,false,btree,CREATE INDEX idx_vendor_users_org_id ON vendor_users USING btree (org_id)
public,vendor_users,idx_vendor_users_vendor_id,false,false,btree,CREATE INDEX idx_vendor_users_vendor_id ON vendor_users USING btree (vendor_id)
public,vendor_users,vendor_users_pkey,true,true,btree,CREATE UNIQUE INDEX vendor_users_pkey ON vendor_users USING btree (id)
public,vendor_users,vendor_users_vendor_id_contact_id_key,true,false,btree,"CREATE UNIQUE INDEX vendor_users_vendor_id_contact_id_key ON vendor_users USING btree (vendor_id, contact_id)"
public,vendor_verticals,idx_vendor_verticals_vertical_id,false,false,btree,CREATE INDEX idx_vendor_verticals_vertical_id ON vendor_verticals USING btree (vertical_id)
public,vendor_verticals,vendor_verticals_pkey,true,true,btree,"CREATE UNIQUE INDEX vendor_verticals_pkey ON vendor_verticals USING btree (vendor_id, vertical_id)"
public,vendors,idx_vendors_company_name,false,false,btree,CREATE INDEX idx_vendors_company_name ON vendors USING btree (company_name)
public,vendors,idx_vendors_days_available_gin,false,false,gin,CREATE INDEX idx_vendors_days_available_gin ON vendors USING gin (days_available)
public,vendors,idx_vendors_external,false,false,btree,"CREATE INDEX idx_vendors_external ON vendors USING btree (external_source, external_id)"
public,vendors,idx_vendors_org_id,false,false,btree,CREATE INDEX idx_vendors_org_id ON vendors USING btree (org_id)
public,vendors,idx_vendors_service_area_zip_codes_gin,false,false,gin,CREATE INDEX idx_vendors_service_area_zip_codes_gin ON vendors USING gin (service_area_zip_codes)
public,vendors,idx_vendors_status,false,false,btree,CREATE INDEX idx_vendors_status ON vendors USING btree (status)
public,vendors,idx_vendors_submitted_at,false,false,btree,CREATE INDEX idx_vendors_submitted_at ON vendors USING btree (submitted_at)
public,vendors,ux_vendors_org_vendor_number,true,false,btree,"CREATE UNIQUE INDEX ux_vendors_org_vendor_number ON vendors USING btree (org_id, vendor_number)"
public,vendors,vendors_drivers_license_doc_path_idx,false,false,btree,CREATE INDEX vendors_drivers_license_doc_path_idx ON vendors USING btree (drivers_license_doc_path)
public,vendors,vendors_insurance_doc_path_idx,false,false,btree,CREATE INDEX vendors_insurance_doc_path_idx ON vendors USING btree (insurance_doc_path)
public,vendors,vendors_org_payout_override_idx,false,false,btree,"CREATE INDEX vendors_org_payout_override_idx ON vendors USING btree (org_id, payout_override_type)"
public,vendors,vendors_org_status_idx,false,false,btree,"CREATE INDEX vendors_org_status_idx ON vendors USING btree (org_id, status_key)"
public,vendors,vendors_pkey,true,true,btree,CREATE UNIQUE INDEX vendors_pkey ON vendors USING btree (id)
public,verticals,verticals_pkey,true,true,btree,CREATE UNIQUE INDEX verticals_pkey ON verticals USING btree (id)
public,verticals,verticals_slug_key,true,false,btree,CREATE UNIQUE INDEX verticals_slug_key ON verticals USING btree (slug)
public,work_units,idx_work_units_department_id,false,false,btree,CREATE INDEX idx_work_units_department_id ON work_units USING btree (department_id)
public,work_units,idx_work_units_org_department_active_sort,false,false,btree,"CREATE INDEX idx_work_units_org_department_active_sort ON work_units USING btree (org_id, department_id, is_active, sort_order)"
public,work_units,idx_work_units_org_id,false,false,btree,CREATE INDEX idx_work_units_org_id ON work_units USING btree (org_id)
public,work_units,uq_work_units_department_key,true,false,btree,"CREATE UNIQUE INDEX uq_work_units_department_key ON work_units USING btree (department_id, key)"
public,work_units,work_units_pkey,true,true,btree,CREATE UNIQUE INDEX work_units_pkey ON work_units USING btree (id)
public,workflow_action_runs,workflow_action_runs_org_run_idx,false,false,btree,"CREATE INDEX workflow_action_runs_org_run_idx ON workflow_action_runs USING btree (org_id, workflow_run_id, started_at DESC)"
public,workflow_action_runs,workflow_action_runs_org_status_idx,false,false,btree,"CREATE INDEX workflow_action_runs_org_status_idx ON workflow_action_runs USING btree (org_id, status, started_at DESC)"
public,workflow_action_runs,workflow_action_runs_pkey,true,true,btree,CREATE UNIQUE INDEX workflow_action_runs_pkey ON workflow_action_runs USING btree (id)
public,workflow_actions,idx_workflow_actions_order,false,false,btree,"CREATE INDEX idx_workflow_actions_order ON workflow_actions USING btree (workflow_id, action_order)"
public,workflow_actions,idx_workflow_actions_workflow,false,false,btree,CREATE INDEX idx_workflow_actions_workflow ON workflow_actions USING btree (workflow_id)
public,workflow_actions,uniq_workflow_action_order,true,false,btree,"CREATE UNIQUE INDEX uniq_workflow_action_order ON workflow_actions USING btree (workflow_id, action_order)"
public,workflow_actions,uniq_workflow_actions_order,true,false,btree,"CREATE UNIQUE INDEX uniq_workflow_actions_order ON workflow_actions USING btree (workflow_id, action_order)"
public,workflow_actions,workflow_actions_org_id_idx,false,false,btree,CREATE INDEX workflow_actions_org_id_idx ON workflow_actions USING btree (org_id)
public,workflow_actions,workflow_actions_pkey,true,true,btree,CREATE UNIQUE INDEX workflow_actions_pkey ON workflow_actions USING btree (id)
public,workflow_conditions,idx_workflow_conditions_workflow,false,false,btree,CREATE INDEX idx_workflow_conditions_workflow ON workflow_conditions USING btree (workflow_id)
public,workflow_conditions,workflow_conditions_org_id_idx,false,false,btree,CREATE INDEX workflow_conditions_org_id_idx ON workflow_conditions USING btree (org_id)
public,workflow_conditions,workflow_conditions_pkey,true,true,btree,CREATE UNIQUE INDEX workflow_conditions_pkey ON workflow_conditions USING btree (id)
public,workflow_events,workflow_events_entity_idx,false,false,btree,"CREATE INDEX workflow_events_entity_idx ON workflow_events USING btree (entity_type, entity_id)"
public,workflow_events,workflow_events_event_type_idx,false,false,btree,CREATE INDEX workflow_events_event_type_idx ON workflow_events USING btree (event_type)
public,workflow_events,workflow_events_org_entity_idx,false,false,btree,"CREATE INDEX workflow_events_org_entity_idx ON workflow_events USING btree (org_id, entity_type, entity_id)"
public,workflow_events,workflow_events_org_event_occurred_idx,false,false,btree,"CREATE INDEX workflow_events_org_event_occurred_idx ON workflow_events USING btree (org_id, event_type, occurred_at DESC)"
public,workflow_events,workflow_events_org_occurred_idx,false,false,btree,"CREATE INDEX workflow_events_org_occurred_idx ON workflow_events USING btree (org_id, occurred_at DESC)"
public,workflow_events,workflow_events_payload_gin_idx,false,false,gin,CREATE INDEX workflow_events_payload_gin_idx ON workflow_events USING gin (payload)
public,workflow_events,workflow_events_pkey,true,true,btree,CREATE UNIQUE INDEX workflow_events_pkey ON workflow_events USING btree (id)
public,workflow_runs,idx_workflow_runs_workflow,false,false,btree,CREATE INDEX idx_workflow_runs_workflow ON workflow_runs USING btree (workflow_id)
public,workflow_runs,workflow_runs_event_id_idx,false,false,btree,CREATE INDEX workflow_runs_event_id_idx ON workflow_runs USING btree (event_id)
public,workflow_runs,workflow_runs_failed_idx,false,false,btree,"CREATE INDEX workflow_runs_failed_idx ON workflow_runs USING btree (org_id, status) WHERE status = 'failed'::text"
public,workflow_runs,workflow_runs_org_completed_idx,false,false,btree,"CREATE INDEX workflow_runs_org_completed_idx ON workflow_runs USING btree (org_id, completed_at DESC)"
public,workflow_runs,workflow_runs_org_id_idx,false,false,btree,CREATE INDEX workflow_runs_org_id_idx ON workflow_runs USING btree (org_id)
public,workflow_runs,workflow_runs_org_started_desc,false,false,btree,"CREATE INDEX workflow_runs_org_started_desc ON workflow_runs USING btree (org_id, started_at DESC)"
public,workflow_runs,workflow_runs_org_started_idx,false,false,btree,"CREATE INDEX workflow_runs_org_started_idx ON workflow_runs USING btree (org_id, started_at DESC)"
public,workflow_runs,workflow_runs_org_status_started_idx,false,false,btree,"CREATE INDEX workflow_runs_org_status_started_idx ON workflow_runs USING btree (org_id, status, started_at DESC)"
public,workflow_runs,workflow_runs_org_workflow_started_idx,false,false,btree,"CREATE INDEX workflow_runs_org_workflow_started_idx ON workflow_runs USING btree (org_id, workflow_id, started_at DESC)"
public,workflow_runs,workflow_runs_pkey,true,true,btree,CREATE UNIQUE INDEX workflow_runs_pkey ON workflow_runs USING btree (id)
public,workflow_runs,workflow_runs_status_idx,false,false,btree,CREATE INDEX workflow_runs_status_idx ON workflow_runs USING btree (status)
public,workflows,idx_workflows_enabled,false,false,btree,CREATE INDEX idx_workflows_enabled ON workflows USING btree (enabled) WHERE enabled = true
public,workflows,idx_workflows_entity,false,false,btree,CREATE INDEX idx_workflows_entity ON workflows USING btree (entity_type)
public,workflows,idx_workflows_metadata_scope_department,false,false,btree,CREATE INDEX idx_workflows_metadata_scope_department ON workflows USING btree (((metadata -> 'scope'::text) ->> 'department_id'::text)) WHERE ((metadata -> 'scope'::text) ->> 'department_id'::text) IS NOT NULL
public,workflows,idx_workflows_metadata_scope_work_unit,false,false,btree,CREATE INDEX idx_workflows_metadata_scope_work_unit ON workflows USING btree (((metadata -> 'scope'::text) ->> 'work_unit_id'::text)) WHERE ((metadata -> 'scope'::text) ->> 'work_unit_id'::text) IS NOT NULL
public,workflows,idx_workflows_trigger,false,false,btree,CREATE INDEX idx_workflows_trigger ON workflows USING btree (event_type)
public,workflows,workflows_org_id_idx,false,false,btree,CREATE INDEX workflows_org_id_idx ON workflows USING btree (org_id)
public,workflows,workflows_org_id_name_uniq,true,false,btree,"CREATE UNIQUE INDEX workflows_org_id_name_uniq ON workflows USING btree (org_id, name)"
public,workflows,workflows_pkey,true,true,btree,CREATE UNIQUE INDEX workflows_pkey ON workflows USING btree (id)
public,workspace_kpi_placement,idx_workspace_kpi_placement_org_surface,false,false,btree,"CREATE INDEX idx_workspace_kpi_placement_org_surface ON workspace_kpi_placement USING btree (org_id, surface) WHERE is_visible = true"
public,workspace_kpi_placement,ux_workspace_kpi_placement_department_active,true,false,btree,"CREATE UNIQUE INDEX ux_workspace_kpi_placement_department_active ON workspace_kpi_placement USING btree (org_id, department_id, metric_key) WHERE surface = 'department'::text AND work_unit_id IS NULL AND is_visible = true"
public,workspace_kpi_placement,ux_workspace_kpi_placement_work_unit_active,true,false,btree,"CREATE UNIQUE INDEX ux_workspace_kpi_placement_work_unit_active ON workspace_kpi_placement USING btree (org_id, work_unit_id, metric_key) WHERE surface = 'work_unit'::text AND is_visible = true"
public,workspace_kpi_placement,ux_workspace_kpi_placement_workspace_active,true,false,btree,"CREATE UNIQUE INDEX ux_workspace_kpi_placement_workspace_active ON workspace_kpi_placement USING btree (org_id, metric_key) WHERE surface = 'workspace'::text AND department_id IS NULL AND work_unit_id IS NULL AND is_visible = true"
public,workspace_kpi_placement,workspace_kpi_placement_pkey,true,true,btree,CREATE UNIQUE INDEX workspace_kpi_placement_pkey ON workspace_kpi_placement USING btree (id)
