table_catalog,table_schema,table_name,column_name,ordinal_position,column_default,is_nullable,data_type,udt_schema,udt_name,character_maximum_length,numeric_precision,numeric_scale,datetime_precision,is_generated,generation_expression
postgres,public,access_methods,id,1,gen_random_uuid(),NO,uuid,pg_catalog,uuid,,,,,,
postgres,public,access_methods,key,2,,NO,text,pg_catalog,text,,,,,,
postgres,public,access_methods,label,3,,NO,text,pg_catalog,text,,,,,,
postgres,public,access_methods,position,4,0,NO,integer,pg_catalog,int4,,32,0,,,
postgres,public,access_methods,is_active,5,true,NO,boolean,pg_catalog,bool,,,,,,
postgres,public,action_definitions,id,1,gen_random_uuid(),NO,uuid,pg_catalog,uuid,,,,,,
postgres,public,action_definitions,org_id,2,,YES,uuid,pg_catalog,uuid,,,,,,
postgres,public,action_definitions,key,3,,NO,text,pg_catalog,text,,,,,,
postgres,public,action_definitions,label,4,,NO,text,pg_catalog,text,,,,,,
postgres,public,action_definitions,description,5,,YES,text,pg_catalog,text,,,,,,
postgres,public,action_definitions,entity_type,6,,YES,text,pg_catalog,text,,,,,,
postgres,public,action_definitions,action_type,7,,NO,text,pg_catalog,text,,,,,,
postgres,public,action_definitions,icon,8,,YES,text,pg_catalog,text,,,,,,
postgres,public,action_definitions,style,9,,YES,text,pg_catalog,text,,,,,,
postgres,public,action_definitions,priority,10,100,NO,integer,pg_catalog,int4,,32,0,,,
postgres,public,action_definitions,required_permissions,11,'{}'::jsonb,NO,jsonb,pg_catalog,jsonb,,,,,,
postgres,public,action_definitions,condition_config,12,'{}'::jsonb,NO,jsonb,pg_catalog,jsonb,,,,,,
postgres,public,action_definitions,payload_schema,13,'{}'::jsonb,NO,jsonb,pg_catalog,jsonb,,,,,,
postgres,public,action_definitions,workflow_id,14,,YES,uuid,pg_catalog,uuid,,,,,,
postgres,public,action_definitions,is_active,15,true,NO,boolean,pg_catalog,bool,,,,,,
postgres,public,action_definitions,created_at,16,now(),NO,timestamp with time zone,pg_catalog,timestamptz,,,,6,,
postgres,public,action_definitions,updated_at,17,now(),NO,timestamp with time zone,pg_catalog,timestamptz,,,,6,,
postgres,public,action_definitions,metadata,18,'{}'::jsonb,NO,jsonb,pg_catalog,jsonb,,,,,,
postgres,public,action_links,id,1,gen_random_uuid(),NO,uuid,pg_catalog,uuid,,,,,,
postgres,public,action_links,org_id,2,,NO,uuid,pg_catalog,uuid,,,,,,
postgres,public,action_links,action_type,3,,NO,text,pg_catalog,text,,,,,,
postgres,public,action_links,entity_type,4,,NO,text,pg_catalog,text,,,,,,
postgres,public,action_links,entity_id,5,,NO,uuid,pg_catalog,uuid,,,,,,
postgres,public,action_links,token,6,,NO,text,pg_catalog,text,,,,,,
postgres,public,action_links,expires_at,7,(now() + '02:00:00'::interval),YES,timestamp with time zone,pg_catalog,timestamptz,,,,6,,
postgres,public,action_links,consumed_at,8,,YES,timestamp with time zone,pg_catalog,timestamptz,,,,6,,
postgres,public,action_links,metadata,9,'{}'::jsonb,NO,jsonb,pg_catalog,jsonb,,,,,,
postgres,public,action_links,created_at,10,now(),NO,timestamp with time zone,pg_catalog,timestamptz,,,,6,,
postgres,public,action_links,short_code,11,,YES,text,pg_catalog,text,,,,,,
postgres,public,action_placements,id,1,gen_random_uuid(),NO,uuid,pg_catalog,uuid,,,,,,
postgres,public,action_placements,org_id,2,,YES,uuid,pg_catalog,uuid,,,,,,
postgres,public,action_placements,action_definition_id,3,,NO,uuid,pg_catalog,uuid,,,,,,
postgres,public,action_placements,surface,4,,NO,text,pg_catalog,text,,,,,,
postgres,public,action_placements,slot,5,,NO,text,pg_catalog,text,,,,,,
postgres,public,action_placements,entity_type,6,,YES,text,pg_catalog,text,,,,,,
postgres,public,action_placements,department_id,7,,YES,uuid,pg_catalog,uuid,,,,,,
postgres,public,action_placements,work_unit_id,8,,YES,uuid,pg_catalog,uuid,,,,,,
postgres,public,action_placements,order_index,9,100,NO,integer,pg_catalog,int4,,32,0,,,
postgres,public,action_placements,display_style,10,'button'::text,NO,text,pg_catalog,text,,,,,,
postgres,public,action_placements,condition_config,11,'{}'::jsonb,NO,jsonb,pg_catalog,jsonb,,,,,,
postgres,public,action_placements,is_active,12,true,NO,boolean,pg_catalog,bool,,,,,,
postgres,public,action_placements,created_at,13,now(),NO,timestamp with time zone,pg_catalog,timestamptz,,,,6,,
postgres,public,action_placements,updated_at,14,now(),NO,timestamp with time zone,pg_catalog,timestamptz,,,,6,,
postgres,public,action_placements,section_key,15,,YES,text,pg_catalog,text,,,,,,
postgres,public,activity_log,id,1,gen_random_uuid(),NO,uuid,pg_catalog,uuid,,,,,,
postgres,public,activity_log,entity_type,2,,NO,text,pg_catalog,text,,,,,,
postgres,public,activity_log,entity_id,3,,NO,uuid,pg_catalog,uuid,,,,,,
postgres,public,activity_log,action,4,,NO,text,pg_catalog,text,,,,,,
postgres,public,activity_log,actor_type,5,,YES,text,pg_catalog,text,,,,,,
postgres,public,activity_log,actor_id,6,,YES,uuid,pg_catalog,uuid,,,,,,
postgres,public,activity_log,summary,7,,YES,text,pg_catalog,text,,,,,,
postgres,public,activity_log,diff,8,'{}'::jsonb,NO,jsonb,pg_catalog,jsonb,,,,,,
postgres,public,activity_log,created_at,9,now(),NO,timestamp with time zone,pg_catalog,timestamptz,,,,6,,
postgres,public,addon_frequencies,id,1,gen_random_uuid(),NO,uuid,pg_catalog,uuid,,,,,,
postgres,public,addon_frequencies,key,2,,NO,text,pg_catalog,text,,,,,,
postgres,public,addon_frequencies,label,3,,NO,text,pg_catalog,text,,,,,,
postgres,public,addon_frequencies,position,4,0,NO,integer,pg_catalog,int4,,32,0,,,
postgres,public,addon_frequencies,is_active,5,true,NO,boolean,pg_catalog,bool,,,,,,
postgres,public,addon_types,id,1,gen_random_uuid(),NO,uuid,pg_catalog,uuid,,,,,,
postgres,public,addon_types,key,2,,NO,text,pg_catalog,text,,,,,,
postgres,public,addon_types,label,3,,NO,text,pg_catalog,text,,,,,,
postgres,public,addon_types,position,4,0,NO,integer,pg_catalog,int4,,32,0,,,
postgres,public,addon_types,is_active,5,true,NO,boolean,pg_catalog,bool,,,,,,
postgres,public,addon_types,vertical_id,6,,NO,uuid,pg_catalog,uuid,,,,,,
postgres,public,agent_v0_apply_audit,id,1,gen_random_uuid(),NO,uuid,pg_catalog,uuid,,,,,,
postgres,public,agent_v0_apply_audit,result_id,2,,NO,uuid,pg_catalog,uuid,,,,,,
postgres,public,agent_v0_apply_audit,proposal_id,3,,NO,uuid,pg_catalog,uuid,,,,,,
postgres,public,agent_v0_apply_audit,org_id,4,,NO,uuid,pg_catalog,uuid,,,,,,
postgres,public,agent_v0_apply_audit,user_id,5,,NO,uuid,pg_catalog,uuid,,,,,,
postgres,public,agent_v0_apply_audit,work_unit_id,6,,NO,uuid,pg_catalog,uuid,,,,,,
postgres,public,agent_v0_apply_audit,terminal_status,7,,NO,text,pg_catalog,text,,,,,,
postgres,public,agent_v0_apply_audit,applied_queue_definition_version,8,0,NO,integer,pg_catalog,int4,,32,0,,,
postgres,public,agent_v0_apply_audit,created_at,9,now(),NO,timestamp with time zone,pg_catalog,timestamptz,,,,6,,
postgres,public,agent_v0_proposals,id,1,gen_random_uuid(),NO,uuid,pg_catalog,uuid,,,,,,
postgres,public,agent_v0_proposals,proposal_id,2,,NO,uuid,pg_catalog,uuid,,,,,,
postgres,public,agent_v0_proposals,request_id,3,,NO,uuid,pg_catalog,uuid,,,,,,
postgres,public,agent_v0_proposals,correlation_id,4,,NO,uuid,pg_catalog,uuid,,,,,,
postgres,public,agent_v0_proposals,org_id,5,,NO,uuid,pg_catalog,uuid,,,,,,
postgres,public,agent_v0_proposals,user_id,6,,NO,uuid,pg_catalog,uuid,,,,,,
postgres,public,agent_v0_proposals,work_unit_id,7,,NO,uuid,pg_catalog,uuid,,,,,,
postgres,public,agent_v0_proposals,intent_json,8,,NO,jsonb,pg_catalog,jsonb,,,,,,
postgres,public,agent_v0_proposals,before_hash,9,,NO,text,pg_catalog,text,,,,,,
postgres,public,agent_v0_proposals,after_hash,10,,NO,text,pg_catalog,text,,,,,,
postgres,public,agent_v0_proposals,created_at,11,now(),NO,timestamp with time zone,pg_catalog,timestamptz,,,,6,,
postgres,public,agent_v1_record_layout_apply_audit,id,1,gen_random_uuid(),NO,uuid,pg_catalog,uuid,,,,,,
postgres,public,agent_v1_record_layout_apply_audit,result_id,2,,NO,uuid,pg_catalog,uuid,,,,,,
postgres,public,agent_v1_record_layout_apply_audit,proposal_id,3,,NO,uuid,pg_catalog,uuid,,,,,,
postgres,public,agent_v1_record_layout_apply_audit,org_id,4,,NO,uuid,pg_catalog,uuid,,,,,,
postgres,public,agent_v1_record_layout_apply_audit,user_id,5,,NO,uuid,pg_catalog,uuid,,,,,,
postgres,public,agent_v1_record_layout_apply_audit,record_overview_layout_id,6,,NO,uuid,pg_catalog,uuid,,,,,,
postgres,public,agent_v1_record_layout_apply_audit,terminal_status,7,,NO,text,pg_catalog,text,,,,,,
postgres,public,agent_v1_record_layout_apply_audit,applied_config_version,8,0,NO,integer,pg_catalog,int4,,32,0,,,
postgres,public,agent_v1_record_layout_apply_audit,created_at,9,now(),NO,timestamp with time zone,pg_catalog,timestamptz,,,,6,,
postgres,public,agent_v1_record_layout_proposals,id,1,gen_random_uuid(),NO,uuid,pg_catalog,uuid,,,,,,
postgres,public,agent_v1_record_layout_proposals,proposal_id,2,,NO,uuid,pg_catalog,uuid,,,,,,
postgres,public,agent_v1_record_layout_proposals,request_id,3,,NO,uuid,pg_catalog,uuid,,,,,,
postgres,public,agent_v1_record_layout_proposals,correlation_id,4,,NO,uuid,pg_catalog,uuid,,,,,,
postgres,public,agent_v1_record_layout_proposals,org_id,5,,NO,uuid,pg_catalog,uuid,,,,,,
postgres,public,agent_v1_record_layout_proposals,user_id,6,,NO,uuid,pg_catalog,uuid,,,,,,
postgres,public,agent_v1_record_layout_proposals,record_overview_layout_id,7,,NO,uuid,pg_catalog,uuid,,,,,,
postgres,public,agent_v1_record_layout_proposals,intent_json,8,,NO,jsonb,pg_catalog,jsonb,,,,,,
postgres,public,agent_v1_record_layout_proposals,before_hash,9,,NO,text,pg_catalog,text,,,,,,
postgres,public,agent_v1_record_layout_proposals,after_hash,10,,NO,text,pg_catalog,text,,,,,,
postgres,public,agent_v1_record_layout_proposals,created_at,11,now(),NO,timestamp with time zone,pg_catalog,timestamptz,,,,6,,
postgres,public,agent_v2_field_visibility_apply_audit,id,1,gen_random_uuid(),NO,uuid,pg_catalog,uuid,,,,,,
postgres,public,agent_v2_field_visibility_apply_audit,result_id,2,,NO,uuid,pg_catalog,uuid,,,,,,
postgres,public,agent_v2_field_visibility_apply_audit,proposal_id,3,,NO,uuid,pg_catalog,uuid,,,,,,
postgres,public,agent_v2_field_visibility_apply_audit,org_id,4,,NO,uuid,pg_catalog,uuid,,,,,,
postgres,public,agent_v2_field_visibility_apply_audit,user_id,5,,NO,uuid,pg_catalog,uuid,,,,,,
postgres,public,agent_v2_field_visibility_apply_audit,field_definition_id,6,,NO,uuid,pg_catalog,uuid,,,,,,
postgres,public,agent_v2_field_visibility_apply_audit,terminal_status,7,,NO,text,pg_catalog,text,,,,,,
postgres,public,agent_v2_field_visibility_apply_audit,applied_updated_at,8,,YES,timestamp with time zone,pg_catalog,timestamptz,,,,6,,
postgres,public,agent_v2_field_visibility_apply_audit,created_at,9,now(),NO,timestamp with time zone,pg_catalog,timestamptz,,,,6,,
postgres,public,agent_v2_field_visibility_proposals,id,1,gen_random_uuid(),NO,uuid,pg_catalog,uuid,,,,,,
postgres,public,agent_v2_field_visibility_proposals,proposal_id,2,,NO,uuid,pg_catalog,uuid,,,,,,
postgres,public,agent_v2_field_visibility_proposals,request_id,3,,NO,uuid,pg_catalog,uuid,,,,,,
postgres,public,agent_v2_field_visibility_proposals,correlation_id,4,,NO,uuid,pg_catalog,uuid,,,,,,
postgres,public,agent_v2_field_visibility_proposals,org_id,5,,NO,uuid,pg_catalog,uuid,,,,,,
postgres,public,agent_v2_field_visibility_proposals,user_id,6,,NO,uuid,pg_catalog,uuid,,,,,,
postgres,public,agent_v2_field_visibility_proposals,field_definition_id,7,,NO,uuid,pg_catalog,uuid,,,,,,
postgres,public,agent_v2_field_visibility_proposals,intent_json,8,,NO,jsonb,pg_catalog,jsonb,,,,,,
postgres,public,agent_v2_field_visibility_proposals,before_hash,9,,NO,text,pg_catalog,text,,,,,,
postgres,public,agent_v2_field_visibility_proposals,after_hash,10,,NO,text,pg_catalog,text,,,,,,
postgres,public,agent_v2_field_visibility_proposals,created_at,11,now(),NO,timestamp with time zone,pg_catalog,timestamptz,,,,6,,
postgres,public,announcement_deliveries,id,1,gen_random_uuid(),NO,uuid,pg_catalog,uuid,,,,,,
postgres,public,announcement_deliveries,org_id,2,,NO,uuid,pg_catalog,uuid,,,,,,
postgres,public,announcement_deliveries,announcement_id,3,,NO,uuid,pg_catalog,uuid,,,,,,
postgres,public,announcement_deliveries,person_id,4,,YES,uuid,pg_catalog,uuid,,,,,,
postgres,public,announcement_deliveries,message_id,5,,YES,uuid,pg_catalog,uuid,,,,,,
postgres,public,announcement_deliveries,status,6,,YES,text,pg_catalog,text,,,,,,
postgres,public,announcement_deliveries,delivered_at,7,,YES,timestamp with time zone,pg_catalog,timestamptz,,,,6,,
postgres,public,announcement_deliveries,opened_at,8,,YES,timestamp with time zone,pg_catalog,timestamptz,,,,6,,
postgres,public,announcement_deliveries,clicked_at,9,,YES,timestamp with time zone,pg_catalog,timestamptz,,,,6,,
postgres,public,announcement_deliveries,created_at,10,now(),NO,timestamp with time zone,pg_catalog,timestamptz,,,,6,,
postgres,public,announcement_deliveries,metadata,11,'{}'::jsonb,NO,jsonb,pg_catalog,jsonb,,,,,,
postgres,public,announcement_recipients,id,1,gen_random_uuid(),NO,uuid,pg_catalog,uuid,,,,,,
postgres,public,announcement_recipients,org_id,2,,NO,uuid,pg_catalog,uuid,,,,,,
postgres,public,announcement_recipients,announcement_id,3,,NO,uuid,pg_catalog,uuid,,,,,,
postgres,public,announcement_recipients,person_id,4,,YES,uuid,pg_catalog,uuid,,,,,,
postgres,public,announcement_recipients,channel,5,,NO,text,pg_catalog,text,,,,,,
postgres,public,announcement_recipients,address,6,,YES,text,pg_catalog,text,,,,,,
postgres,public,announcement_recipients,consent_state,7,,YES,text,pg_catalog,text,,,,,,
postgres,public,announcement_recipients,suppressed_reason,8,,YES,text,pg_catalog,text,,,,,,
postgres,public,announcement_recipients,status,9,'pending'::text,NO,text,pg_catalog,text,,,,,,
postgres,public,announcement_recipients,communication_message_id,10,,YES,uuid,pg_catalog,uuid,,,,,,
postgres,public,announcement_recipients,created_at,11,now(),NO,timestamp with time zone,pg_catalog,timestamptz,,,,6,,
postgres,public,announcement_recipients,communication_scheduled_send_id,12,,YES,uuid,pg_catalog,uuid,,,,,,
postgres,public,announcement_targets,id,1,gen_random_uuid(),NO,uuid,pg_catalog,uuid,,,,,,
postgres,public,announcement_targets,org_id,2,,NO,uuid,pg_catalog,uuid,,,,,,
postgres,public,announcement_targets,announcement_id,3,,NO,uuid,pg_catalog,uuid,,,,,,
postgres,public,announcement_targets,target_spec,4,'{}'::jsonb,NO,jsonb,pg_catalog,jsonb,,,,,,
postgres,public,announcement_targets,resolved_count,5,,YES,integer,pg_catalog,int4,,32,0,,,
postgres,public,announcement_targets,created_at,6,now(),NO,timestamp with time zone,pg_catalog,timestamptz,,,,6,,
postgres,public,announcements,id,1,gen_random_uuid(),NO,uuid,pg_catalog,uuid,,,,,,
postgres,public,announcements,org_id,2,,NO,uuid,pg_catalog,uuid,,,,,,
postgres,public,announcements,title,3,,NO,text,pg_catalog,text,,,,,,
postgres,public,announcements,channel_set,4,'[]'::jsonb,NO,jsonb,pg_catalog,jsonb,,,,,,
postgres,public,announcements,classification,5,,YES,text,pg_catalog,text,,,,,,
postgres,public,announcements,status,6,'draft'::text,NO,text,pg_catalog,text,,,,,,
postgres,public,announcements,template_id,7,,YES,uuid,pg_catalog,uuid,,,,,,
postgres,public,announcements,subject,8,,YES,text,pg_catalog,text,,,,,,
postgres,public,announcements,body,9,,YES,text,pg_catalog,text,,,,,,
postgres,public,announcements,scheduled_at,10,,YES,timestamp with time zone,pg_catalog,timestamptz,,,,6,,
postgres,public,announcements,created_by_user_id,11,,YES,uuid,pg_catalog,uuid,,,,,,
postgres,public,announcements,created_at,12,now(),NO,timestamp with time zone,pg_catalog,timestamptz,,,,6,,
postgres,public,announcements,updated_at,13,now(),NO,timestamp with time zone,pg_catalog,timestamptz,,,,6,,
postgres,public,announcements,created_by,14,,YES,uuid,pg_catalog,uuid,,,,,,
postgres,public,announcements,channels,15,'{}'::text[],NO,ARRAY,pg_catalog,_text,,,,,,
postgres,public,announcements,body_format,16,'text'::text,NO,text,pg_catalog,text,,,,,,
postgres,public,announcements,send_at,17,,YES,timestamp with time zone,pg_catalog,timestamptz,,,,6,,
postgres,public,announcements,sent_at,18,,YES,timestamp with time zone,pg_catalog,timestamptz,,,,6,,
postgres,public,announcements,archived_at,19,,YES,timestamp with time zone,pg_catalog,timestamptz,,,,6,,
postgres,public,announcements,metadata,20,'{}'::jsonb,NO,jsonb,pg_catalog,jsonb,,,,,,
postgres,public,app_users,id,1,,NO,uuid,pg_catalog,uuid,,,,,,
postgres,public,app_users,role,2,,NO,text,pg_catalog,text,,,,,,
postgres,public,app_users,vendor_id,3,,YES,uuid,pg_catalog,uuid,,,,,,
postgres,public,app_users,created_at,4,now(),NO,timestamp with time zone,pg_catalog,timestamptz,,,,6,,
postgres,public,app_users,updated_at,5,,YES,timestamp with time zone,pg_catalog,timestamptz,,,,6,,
postgres,public,app_users,org_id,6,,YES,uuid,pg_catalog,uuid,,,,,,
postgres,public,app_users,auth_user_id,7,,YES,uuid,pg_catalog,uuid,,,,,,
postgres,public,assignment_statuses,id,1,gen_random_uuid(),NO,uuid,pg_catalog,uuid,,,,,,
postgres,public,assignment_statuses,key,2,,NO,text,pg_catalog,text,,,,,,
postgres,public,assignment_statuses,label,3,,NO,text,pg_catalog,text,,,,,,
postgres,public,assignment_statuses,position,4,0,NO,integer,pg_catalog,int4,,32,0,,,
postgres,public,assignment_statuses,is_active,5,true,NO,boolean,pg_catalog,bool,,,,,,
postgres,public,assignments,id,1,gen_random_uuid(),NO,uuid,pg_catalog,uuid,,,,,,
postgres,public,assignments,job_id,2,,NO,uuid,pg_catalog,uuid,,,,,,
postgres,public,assignments,schedule_id,3,,YES,uuid,pg_catalog,uuid,,,,,,
postgres,public,assignments,vendor_id,4,,NO,uuid,pg_catalog,uuid,,,,,,
postgres,public,assignments,vendor_user_id,5,,YES,uuid,pg_catalog,uuid,,,,,,
postgres,public,assignments,assignment_status_id,6,,YES,uuid,pg_catalog,uuid,,,,,,
postgres,public,assignments,offered_at,7,,YES,timestamp with time zone,pg_catalog,timestamptz,,,,6,,
postgres,public,assignments,respond_by,8,,YES,timestamp with time zone,pg_catalog,timestamptz,,,,6,,
postgres,public,assignments,accepted_at,9,,YES,timestamp with time zone,pg_catalog,timestamptz,,,,6,,
postgres,public,assignments,assigned_worker_at,10,,YES,timestamp with time zone,pg_catalog,timestamptz,,,,6,,
postgres,public,assignments,payout_percent,11,,YES,numeric,pg_catalog,numeric,,,,,,
postgres,public,assignments,payout_amount_cents,12,,YES,integer,pg_catalog,int4,,32,0,,,
postgres,public,assignments,external_contractor_id,13,,YES,text,pg_catalog,text,,,,,,
postgres,public,assignments,metadata,14,'{}'::jsonb,NO,jsonb,pg_catalog,jsonb,,,,,,
postgres,public,assignments,created_at,15,now(),NO,timestamp with time zone,pg_catalog,timestamptz,,,,6,,
postgres,public,assignments,updated_at,16,,YES,timestamp with time zone,pg_catalog,timestamptz,,,,6,,
postgres,public,assignments,org_id,17,,NO,uuid,pg_catalog,uuid,,,,,,
postgres,public,assignments,status_key,18,,YES,text,pg_catalog,text,,,,,,
postgres,public,business_process_layout_assignments,id,1,gen_random_uuid(),NO,uuid,pg_catalog,uuid,,,,,,
postgres,public,business_process_layout_assignments,org_id,2,,NO,uuid,pg_catalog,uuid,,,,,,
postgres,public,business_process_layout_assignments,business_process_key,3,,NO,text,pg_catalog,text,,,,,,
postgres,public,business_process_layout_assignments,stage_key,4,,YES,text,pg_catalog,text,,,,,,
postgres,public,business_process_layout_assignments,status_key,5,,YES,text,pg_catalog,text,,,,,,
postgres,public,business_process_layout_assignments,surface_key,6,,NO,text,pg_catalog,text,,,,,,
postgres,public,business_process_layout_assignments,entity_type,7,,NO,text,pg_catalog,text,,,,,,
postgres,public,business_process_layout_assignments,surface,8,,NO,text,pg_catalog,text,,,,,,
postgres,public,business_process_layout_assignments,layout_key,9,,NO,text,pg_catalog,text,,,,,,
postgres,public,business_process_layout_assignments,entity_layout_id,10,,YES,uuid,pg_catalog,uuid,,,,,,
postgres,public,business_process_layout_assignments,priority,11,0,NO,integer,pg_catalog,int4,,32,0,,,
postgres,public,business_process_layout_assignments,is_active,12,true,NO,boolean,pg_catalog,bool,,,,,,
postgres,public,business_process_layout_assignments,version,13,1,NO,integer,pg_catalog,int4,,32,0,,,
postgres,public,business_process_layout_assignments,metadata,14,'{}'::jsonb,NO,jsonb,pg_catalog,jsonb,,,,,,
postgres,public,business_process_layout_assignments,created_by,15,,YES,uuid,pg_catalog,uuid,,,,,,
postgres,public,business_process_layout_assignments,created_at,16,now(),NO,timestamp with time zone,pg_catalog,timestamptz,,,,6,,
postgres,public,business_process_layout_assignments,updated_at,17,,YES,timestamp with time zone,pg_catalog,timestamptz,,,,6,,
postgres,public,campaigns,id,1,gen_random_uuid(),NO,uuid,pg_catalog,uuid,,,,,,
postgres,public,campaigns,name,2,,NO,text,pg_catalog,text,,,,,,
postgres,public,campaigns,channel,3,,YES,text,pg_catalog,text,,,,,,
postgres,public,campaigns,status,4,'active'::text,NO,text,pg_catalog,text,,,,,,
postgres,public,campaigns,starts_at,5,,YES,date,pg_catalog,date,,,,0,,
postgres,public,campaigns,ends_at,6,,YES,date,pg_catalog,date,,,,0,,
postgres,public,campaigns,metadata,7,'{}'::jsonb,NO,jsonb,pg_catalog,jsonb,,,,,,
postgres,public,campaigns,created_at,8,now(),NO,timestamp with time zone,pg_catalog,timestamptz,,,,6,,
postgres,public,campaigns,updated_at,9,,YES,timestamp with time zone,pg_catalog,timestamptz,,,,6,,
postgres,public,charge_line_items,id,1,gen_random_uuid(),NO,uuid,pg_catalog,uuid,,,,,,
postgres,public,charge_line_items,org_id,2,,NO,uuid,pg_catalog,uuid,,,,,,
postgres,public,charge_line_items,charge_id,3,,NO,uuid,pg_catalog,uuid,,,,,,
postgres,public,charge_line_items,job_line_item_id,4,,YES,uuid,pg_catalog,uuid,,,,,,
postgres,public,charge_line_items,description_snapshot,5,,YES,text,pg_catalog,text,,,,,,
postgres,public,charge_line_items,amount_cents,6,,NO,bigint,pg_catalog,int8,,64,0,,,
postgres,public,charge_line_items,metadata,7,'{}'::jsonb,NO,jsonb,pg_catalog,jsonb,,,,,,
postgres,public,charge_line_items,created_at,8,now(),NO,timestamp with time zone,pg_catalog,timestamptz,,,,6,,
postgres,public,charges,id,1,gen_random_uuid(),NO,uuid,pg_catalog,uuid,,,,,,
postgres,public,charges,org_id,2,,NO,uuid,pg_catalog,uuid,,,,,,
postgres,public,charges,job_id,3,,YES,uuid,pg_catalog,uuid,,,,,,
postgres,public,charges,schedule_id,4,,YES,uuid,pg_catalog,uuid,,,,,,
postgres,public,charges,subscription_id,5,,YES,uuid,pg_catalog,uuid,,,,,,
postgres,public,charges,source_charge_id,6,,YES,uuid,pg_catalog,uuid,,,,,,
postgres,public,charges,charge_type,7,,NO,text,pg_catalog,text,,,,,,
postgres,public,charges,status,8,,NO,text,pg_catalog,text,,,,,,
postgres,public,charges,currency_code,9,,NO,text,pg_catalog,text,,,,,,
postgres,public,charges,amount_cents,10,,NO,bigint,pg_catalog,int8,,64,0,,,
postgres,public,charges,service_date,11,,YES,date,pg_catalog,date,,,,0,,
postgres,public,charges,due_date,12,,YES,date,pg_catalog,date,,,,0,,
postgres,public,charges,posted_at,13,,YES,timestamp with time zone,pg_catalog,timestamptz,,,,6,,
postgres,public,charges,voided_at,14,,YES,timestamp with time zone,pg_catalog,timestamptz,,,,6,,
postgres,public,charges,description,15,,YES,text,pg_catalog,text,,,,,,
postgres,public,charges,metadata,16,'{}'::jsonb,NO,jsonb,pg_catalog,jsonb,,,,,,
postgres,public,charges,created_at,17,now(),NO,timestamp with time zone,pg_catalog,timestamptz,,,,6,,
postgres,public,charges,updated_at,18,now(),NO,timestamp with time zone,pg_catalog,timestamptz,,,,6,,
postgres,public,charges,charge_category,19,,YES,text,pg_catalog,text,,,,,,
postgres,public,charges,billable_source_type,20,,YES,text,pg_catalog,text,,,,,,
postgres,public,charges,billable_source_id,21,,YES,uuid,pg_catalog,uuid,,,,,,
postgres,public,charges,occurs_on,22,,YES,date,pg_catalog,date,,,,0,,
postgres,public,charges,billable_on,23,,YES,date,pg_catalog,date,,,,0,,
postgres,public,charges,charge_template_id,24,,YES,uuid,pg_catalog,uuid,,,,,,
postgres,public,charges,service_id,25,,YES,uuid,pg_catalog,uuid,,,,,,
postgres,public,child_attendance_events,id,1,gen_random_uuid(),NO,uuid,pg_catalog,uuid,,,,,,
postgres,public,child_attendance_events,org_id,2,,NO,uuid,pg_catalog,uuid,,,,,,
postgres,public,child_attendance_events,enrollment_agreement_id,3,,NO,uuid,pg_catalog,uuid,,,,,,
postgres,public,child_attendance_events,customer_member_id,4,,NO,uuid,pg_catalog,uuid,,,,,,
postgres,public,child_attendance_events,site_location_id,5,,NO,uuid,pg_catalog,uuid,,,,,,
postgres,public,child_attendance_events,event_kind,6,,NO,text,pg_catalog,text,,,,,,
postgres,public,child_attendance_events,entry_type,7,'original'::text,NO,text,pg_catalog,text,,,,,,
postgres,public,child_attendance_events,corrects_event_id,8,,YES,uuid,pg_catalog,uuid,,,,,,
postgres,public,child_attendance_events,event_at,9,,NO,timestamp with time zone,pg_catalog,timestamptz,,,,6,,
postgres,public,child_attendance_events,service_date,10,,NO,date,pg_catalog,date,,,,0,,
postgres,public,child_attendance_events,room_location_id,11,,YES,uuid,pg_catalog,uuid,,,,,,
postgres,public,child_attendance_events,from_room_location_id,12,,YES,uuid,pg_catalog,uuid,,,,,,
postgres,public,child_attendance_events,to_room_location_id,13,,YES,uuid,pg_catalog,uuid,,,,,,
postgres,public,child_attendance_events,actor_type,14,,NO,text,pg_catalog,text,,,,,,
postgres,public,child_attendance_events,actor_user_id,15,,YES,uuid,pg_catalog,uuid,,,,,,
postgres,public,child_attendance_events,actor_person_id,16,,YES,uuid,pg_catalog,uuid,,,,,,
postgres,public,child_attendance_events,actor_label,17,,YES,text,pg_catalog,text,,,,,,
postgres,public,child_attendance_events,source_type,18,'operator_action'::text,NO,text,pg_catalog,text,,,,,,
postgres,public,child_attendance_events,source_key,19,'operator_action'::text,NO,text,pg_catalog,text,,,,,,
postgres,public,child_attendance_events,reason_key,20,,YES,text,pg_catalog,text,,,,,,
postgres,public,child_attendance_events,note,21,,YES,text,pg_catalog,text,,,,,,
postgres,public,child_attendance_events,metadata,22,'{}'::jsonb,NO,jsonb,pg_catalog,jsonb,,,,,,
postgres,public,child_attendance_events,created_by,23,,YES,uuid,pg_catalog,uuid,,,,,,
postgres,public,child_attendance_events,created_at,24,now(),NO,timestamp with time zone,pg_catalog,timestamptz,,,,6,,
postgres,public,child_enrollment_agreements,id,1,gen_random_uuid(),NO,uuid,pg_catalog,uuid,,,,,,
postgres,public,child_enrollment_agreements,org_id,2,,NO,uuid,pg_catalog,uuid,,,,,,
postgres,public,child_enrollment_agreements,opportunity_id,3,,YES,uuid,pg_catalog,uuid,,,,,,
postgres,public,child_enrollment_agreements,opportunity_customer_member_id,4,,YES,uuid,pg_catalog,uuid,,,,,,
postgres,public,child_enrollment_agreements,customer_member_id,5,,NO,uuid,pg_catalog,uuid,,,,,,
postgres,public,child_enrollment_agreements,customer_id,6,,YES,uuid,pg_catalog,uuid,,,,,,
postgres,public,child_enrollment_agreements,person_id,7,,YES,uuid,pg_catalog,uuid,,,,,,
postgres,public,child_enrollment_agreements,site_location_id,8,,NO,uuid,pg_catalog,uuid,,,,,,
postgres,public,child_enrollment_agreements,status,9,,NO,text,pg_catalog,text,,,,,,
postgres,public,child_enrollment_agreements,start_date,10,,YES,date,pg_catalog,date,,,,0,,
postgres,public,child_enrollment_agreements,end_date,11,,YES,date,pg_catalog,date,,,,0,,
postgres,public,child_enrollment_agreements,activation_policy_key,12,,YES,text,pg_catalog,text,,,,,,
postgres,public,child_enrollment_agreements,source_key,13,'manual'::text,NO,text,pg_catalog,text,,,,,,
postgres,public,child_enrollment_agreements,metadata,14,'{}'::jsonb,NO,jsonb,pg_catalog,jsonb,,,,,,
postgres,public,child_enrollment_agreements,created_by,15,,YES,uuid,pg_catalog,uuid,,,,,,
postgres,public,child_enrollment_agreements,updated_by,16,,YES,uuid,pg_catalog,uuid,,,,,,
postgres,public,child_enrollment_agreements,created_at,17,now(),NO,timestamp with time zone,pg_catalog,timestamptz,,,,6,,
postgres,public,child_enrollment_agreements,updated_at,18,now(),NO,timestamp with time zone,pg_catalog,timestamptz,,,,6,,
postgres,public,child_placements,id,1,gen_random_uuid(),NO,uuid,pg_catalog,uuid,,,,,,
postgres,public,child_placements,org_id,2,,NO,uuid,pg_catalog,uuid,,,,,,
postgres,public,child_placements,enrollment_agreement_id,3,,NO,uuid,pg_catalog,uuid,,,,,,
postgres,public,child_placements,customer_member_id,4,,NO,uuid,pg_catalog,uuid,,,,,,
postgres,public,child_placements,site_location_id,5,,NO,uuid,pg_catalog,uuid,,,,,,
postgres,public,child_placements,program_category_id,6,,YES,uuid,pg_catalog,uuid,,,,,,
postgres,public,child_placements,room_location_id,7,,YES,uuid,pg_catalog,uuid,,,,,,
postgres,public,child_placements,start_date,8,,NO,date,pg_catalog,date,,,,0,,
postgres,public,child_placements,end_date,9,,YES,date,pg_catalog,date,,,,0,,
postgres,public,child_placements,status,10,,NO,text,pg_catalog,text,,,,,,
postgres,public,child_placements,reason_key,11,,YES,text,pg_catalog,text,,,,,,
postgres,public,child_placements,source_key,12,'operator'::text,NO,text,pg_catalog,text,,,,,,
postgres,public,child_placements,supersedes_placement_id,13,,YES,uuid,pg_catalog,uuid,,,,,,
postgres,public,child_placements,metadata,14,'{}'::jsonb,NO,jsonb,pg_catalog,jsonb,,,,,,
postgres,public,child_placements,created_by,15,,YES,uuid,pg_catalog,uuid,,,,,,
postgres,public,child_placements,updated_by,16,,YES,uuid,pg_catalog,uuid,,,,,,
postgres,public,child_placements,created_at,17,now(),NO,timestamp with time zone,pg_catalog,timestamptz,,,,6,,
postgres,public,child_placements,updated_at,18,now(),NO,timestamp with time zone,pg_catalog,timestamptz,,,,6,,
postgres,public,childcare_capacity_rules,id,1,gen_random_uuid(),NO,uuid,pg_catalog,uuid,,,,,,
postgres,public,childcare_capacity_rules,org_id,2,,NO,uuid,pg_catalog,uuid,,,,,,
postgres,public,childcare_capacity_rules,scope_type,3,,NO,text,pg_catalog,text,,,,,,
postgres,public,childcare_capacity_rules,site_location_id,4,,YES,uuid,pg_catalog,uuid,,,,,,
postgres,public,childcare_capacity_rules,program_category_id,5,,YES,uuid,pg_catalog,uuid,,,,,,
postgres,public,childcare_capacity_rules,room_location_id,6,,YES,uuid,pg_catalog,uuid,,,,,,
postgres,public,childcare_capacity_rules,age_group_key,7,,YES,text,pg_catalog,text,,,,,,
postgres,public,childcare_capacity_rules,capacity_kind,8,,NO,text,pg_catalog,text,,,,,,
postgres,public,childcare_capacity_rules,capacity,9,,NO,integer,pg_catalog,int4,,32,0,,,
postgres,public,childcare_capacity_rules,effective_start,10,,NO,date,pg_catalog,date,,,,0,,
postgres,public,childcare_capacity_rules,effective_end,11,,YES,date,pg_catalog,date,,,,0,,
postgres,public,childcare_capacity_rules,source_key,12,'config'::text,NO,text,pg_catalog,text,,,,,,
postgres,public,childcare_capacity_rules,metadata,13,'{}'::jsonb,NO,jsonb,pg_catalog,jsonb,,,,,,
postgres,public,childcare_capacity_rules,created_by,14,,YES,uuid,pg_catalog,uuid,,,,,,
postgres,public,childcare_capacity_rules,updated_by,15,,YES,uuid,pg_catalog,uuid,,,,,,
postgres,public,childcare_capacity_rules,created_at,16,now(),NO,timestamp with time zone,pg_catalog,timestamptz,,,,6,,
postgres,public,childcare_capacity_rules,updated_at,17,now(),NO,timestamp with time zone,pg_catalog,timestamptz,,,,6,,
postgres,public,childcare_operating_windows,id,1,gen_random_uuid(),NO,uuid,pg_catalog,uuid,,,,,,
postgres,public,childcare_operating_windows,org_id,2,,NO,uuid,pg_catalog,uuid,,,,,,
postgres,public,childcare_operating_windows,scope_type,3,,NO,text,pg_catalog,text,,,,,,
postgres,public,childcare_operating_windows,site_location_id,4,,YES,uuid,pg_catalog,uuid,,,,,,
postgres,public,childcare_operating_windows,program_category_id,5,,YES,uuid,pg_catalog,uuid,,,,,,
postgres,public,childcare_operating_windows,room_location_id,6,,YES,uuid,pg_catalog,uuid,,,,,,
postgres,public,childcare_operating_windows,weekday,7,,NO,smallint,pg_catalog,int2,,16,0,,,
postgres,public,childcare_operating_windows,open_time,8,,NO,time without time zone,pg_catalog,time,,,,6,,
postgres,public,childcare_operating_windows,close_time,9,,NO,time without time zone,pg_catalog,time,,,,6,,
postgres,public,childcare_operating_windows,effective_start,10,,NO,date,pg_catalog,date,,,,0,,
postgres,public,childcare_operating_windows,effective_end,11,,YES,date,pg_catalog,date,,,,0,,
postgres,public,childcare_operating_windows,source_key,12,'config'::text,NO,text,pg_catalog,text,,,,,,
postgres,public,childcare_operating_windows,metadata,13,'{}'::jsonb,NO,jsonb,pg_catalog,jsonb,,,,,,
postgres,public,childcare_operating_windows,created_by,14,,YES,uuid,pg_catalog,uuid,,,,,,
postgres,public,childcare_operating_windows,updated_by,15,,YES,uuid,pg_catalog,uuid,,,,,,
postgres,public,childcare_operating_windows,created_at,16,now(),NO,timestamp with time zone,pg_catalog,timestamptz,,,,6,,
postgres,public,childcare_operating_windows,updated_at,17,now(),NO,timestamp with time zone,pg_catalog,timestamptz,,,,6,,
postgres,public,childcare_rate_plans,id,1,gen_random_uuid(),NO,uuid,pg_catalog,uuid,,,,,,
postgres,public,childcare_rate_plans,org_id,2,,NO,uuid,pg_catalog,uuid,,,,,,
postgres,public,childcare_rate_plans,scope_type,3,,NO,text,pg_catalog,text,,,,,,
postgres,public,childcare_rate_plans,site_location_id,4,,YES,uuid,pg_catalog,uuid,,,,,,
postgres,public,childcare_rate_plans,program_category_id,5,,YES,uuid,pg_catalog,uuid,,,,,,
postgres,public,childcare_rate_plans,room_location_id,6,,YES,uuid,pg_catalog,uuid,,,,,,
postgres,public,childcare_rate_plans,age_group_key,7,,YES,text,pg_catalog,text,,,,,,
postgres,public,childcare_rate_plans,plan_key,8,,NO,text,pg_catalog,text,,,,,,
postgres,public,childcare_rate_plans,label,9,,YES,text,pg_catalog,text,,,,,,
postgres,public,childcare_rate_plans,currency_code,10,'USD'::text,NO,text,pg_catalog,text,,,,,,
postgres,public,childcare_rate_plans,billing_basis,11,,NO,text,pg_catalog,text,,,,,,
postgres,public,childcare_rate_plans,calculation_strategy,12,'scheduled'::text,NO,text,pg_catalog,text,,,,,,
postgres,public,childcare_rate_plans,proration_method,13,,YES,text,pg_catalog,text,,,,,,
postgres,public,childcare_rate_plans,billing_cadence,14,,YES,text,pg_catalog,text,,,,,,
postgres,public,childcare_rate_plans,is_active,15,true,NO,boolean,pg_catalog,bool,,,,,,
postgres,public,childcare_rate_plans,effective_start,16,,NO,date,pg_catalog,date,,,,0,,
postgres,public,childcare_rate_plans,effective_end,17,,YES,date,pg_catalog,date,,,,0,,
postgres,public,childcare_rate_plans,source_key,18,'config'::text,NO,text,pg_catalog,text,,,,,,
postgres,public,childcare_rate_plans,metadata,19,'{}'::jsonb,NO,jsonb,pg_catalog,jsonb,,,,,,
postgres,public,childcare_rate_plans,created_by,20,,YES,uuid,pg_catalog,uuid,,,,,,
postgres,public,childcare_rate_plans,updated_by,21,,YES,uuid,pg_catalog,uuid,,,,,,
postgres,public,childcare_rate_plans,created_at,22,now(),NO,timestamp with time zone,pg_catalog,timestamptz,,,,6,,
postgres,public,childcare_rate_plans,updated_at,23,now(),NO,timestamp with time zone,pg_catalog,timestamptz,,,,6,,
postgres,public,childcare_rate_plans,service_id,24,,YES,uuid,pg_catalog,uuid,,,,,,
postgres,public,childcare_rate_rules,id,1,gen_random_uuid(),NO,uuid,pg_catalog,uuid,,,,,,
postgres,public,childcare_rate_rules,org_id,2,,NO,uuid,pg_catalog,uuid,,,,,,
postgres,public,childcare_rate_rules,rate_plan_id,3,,NO,uuid,pg_catalog,uuid,,,,,,
postgres,public,childcare_rate_rules,schedule_basis,4,,NO,text,pg_catalog,text,,,,,,
postgres,public,childcare_rate_rules,rate_basis,5,,NO,text,pg_catalog,text,,,,,,
postgres,public,childcare_rate_rules,age_group_key,6,,YES,text,pg_catalog,text,,,,,,
postgres,public,childcare_rate_rules,amount_cents,7,,NO,bigint,pg_catalog,int8,,64,0,,,
postgres,public,childcare_rate_rules,effective_start,8,,NO,date,pg_catalog,date,,,,0,,
postgres,public,childcare_rate_rules,effective_end,9,,YES,date,pg_catalog,date,,,,0,,
postgres,public,childcare_rate_rules,source_key,10,'config'::text,NO,text,pg_catalog,text,,,,,,
postgres,public,childcare_rate_rules,metadata,11,'{}'::jsonb,NO,jsonb,pg_catalog,jsonb,,,,,,
postgres,public,childcare_rate_rules,created_by,12,,YES,uuid,pg_catalog,uuid,,,,,,
postgres,public,childcare_rate_rules,updated_by,13,,YES,uuid,pg_catalog,uuid,,,,,,
postgres,public,childcare_rate_rules,created_at,14,now(),NO,timestamp with time zone,pg_catalog,timestamptz,,,,6,,
postgres,public,childcare_rate_rules,updated_at,15,now(),NO,timestamp with time zone,pg_catalog,timestamptz,,,,6,,
postgres,public,childcare_ratio_rule_tiers,id,1,gen_random_uuid(),NO,uuid,pg_catalog,uuid,,,,,,
postgres,public,childcare_ratio_rule_tiers,org_id,2,,NO,uuid,pg_catalog,uuid,,,,,,
postgres,public,childcare_ratio_rule_tiers,ratio_rule_id,3,,NO,uuid,pg_catalog,uuid,,,,,,
postgres,public,childcare_ratio_rule_tiers,max_children,4,,NO,integer,pg_catalog,int4,,32,0,,,
postgres,public,childcare_ratio_rule_tiers,required_staff,5,,NO,integer,pg_catalog,int4,,32,0,,,
postgres,public,childcare_ratio_rule_tiers,sort_order,6,100,NO,integer,pg_catalog,int4,,32,0,,,
postgres,public,childcare_ratio_rule_tiers,metadata,7,'{}'::jsonb,NO,jsonb,pg_catalog,jsonb,,,,,,
postgres,public,childcare_ratio_rule_tiers,created_at,8,now(),NO,timestamp with time zone,pg_catalog,timestamptz,,,,6,,
postgres,public,childcare_ratio_rule_tiers,updated_at,9,now(),NO,timestamp with time zone,pg_catalog,timestamptz,,,,6,,
postgres,public,childcare_ratio_rules,id,1,gen_random_uuid(),NO,uuid,pg_catalog,uuid,,,,,,
postgres,public,childcare_ratio_rules,org_id,2,,NO,uuid,pg_catalog,uuid,,,,,,
postgres,public,childcare_ratio_rules,scope_type,3,,NO,text,pg_catalog,text,,,,,,
postgres,public,childcare_ratio_rules,site_location_id,4,,YES,uuid,pg_catalog,uuid,,,,,,
postgres,public,childcare_ratio_rules,program_category_id,5,,YES,uuid,pg_catalog,uuid,,,,,,
postgres,public,childcare_ratio_rules,room_location_id,6,,YES,uuid,pg_catalog,uuid,,,,,,
postgres,public,childcare_ratio_rules,age_group_key,7,,YES,text,pg_catalog,text,,,,,,
postgres,public,childcare_ratio_rules,jurisdiction_key,8,,YES,text,pg_catalog,text,,,,,,
postgres,public,childcare_ratio_rules,effective_start,9,,NO,date,pg_catalog,date,,,,0,,
postgres,public,childcare_ratio_rules,effective_end,10,,YES,date,pg_catalog,date,,,,0,,
postgres,public,childcare_ratio_rules,source_key,11,'config'::text,NO,text,pg_catalog,text,,,,,,
postgres,public,childcare_ratio_rules,metadata,12,'{}'::jsonb,NO,jsonb,pg_catalog,jsonb,,,,,,
postgres,public,childcare_ratio_rules,created_by,13,,YES,uuid,pg_catalog,uuid,,,,,,
postgres,public,childcare_ratio_rules,updated_by,14,,YES,uuid,pg_catalog,uuid,,,,,,
postgres,public,childcare_ratio_rules,created_at,15,now(),NO,timestamp with time zone,pg_catalog,timestamptz,,,,6,,
postgres,public,childcare_ratio_rules,updated_at,16,now(),NO,timestamp with time zone,pg_catalog,timestamptz,,,,6,,
postgres,public,childcare_schedule_rules,id,1,gen_random_uuid(),NO,uuid,pg_catalog,uuid,,,,,,
postgres,public,childcare_schedule_rules,org_id,2,,NO,uuid,pg_catalog,uuid,,,,,,
postgres,public,childcare_schedule_rules,scope_type,3,,NO,text,pg_catalog,text,,,,,,
postgres,public,childcare_schedule_rules,site_location_id,4,,YES,uuid,pg_catalog,uuid,,,,,,
postgres,public,childcare_schedule_rules,program_category_id,5,,YES,uuid,pg_catalog,uuid,,,,,,
postgres,public,childcare_schedule_rules,room_location_id,6,,YES,uuid,pg_catalog,uuid,,,,,,
postgres,public,childcare_schedule_rules,age_group_key,7,,YES,text,pg_catalog,text,,,,,,
postgres,public,childcare_schedule_rules,eligible_schedule_type_keys,8,,YES,ARRAY,pg_catalog,_text,,,,,,
postgres,public,childcare_schedule_rules,eligible_age_group_keys,9,,YES,ARRAY,pg_catalog,_text,,,,,,
postgres,public,childcare_schedule_rules,min_days_per_week,10,,YES,smallint,pg_catalog,int2,,16,0,,,
postgres,public,childcare_schedule_rules,max_days_per_week,11,,YES,smallint,pg_catalog,int2,,16,0,,,
postgres,public,childcare_schedule_rules,effective_start,12,,NO,date,pg_catalog,date,,,,0,,
postgres,public,childcare_schedule_rules,effective_end,13,,YES,date,pg_catalog,date,,,,0,,
postgres,public,childcare_schedule_rules,source_key,14,'config'::text,NO,text,pg_catalog,text,,,,,,
postgres,public,childcare_schedule_rules,metadata,15,'{}'::jsonb,NO,jsonb,pg_catalog,jsonb,,,,,,
postgres,public,childcare_schedule_rules,created_by,16,,YES,uuid,pg_catalog,uuid,,,,,,
postgres,public,childcare_schedule_rules,updated_by,17,,YES,uuid,pg_catalog,uuid,,,,,,
postgres,public,childcare_schedule_rules,created_at,18,now(),NO,timestamp with time zone,pg_catalog,timestamptz,,,,6,,
postgres,public,childcare_schedule_rules,updated_at,19,now(),NO,timestamp with time zone,pg_catalog,timestamptz,,,,6,,
postgres,public,cleaning_job_addons,job_id,1,,NO,uuid,pg_catalog,uuid,,,,,,
postgres,public,cleaning_job_addons,addon_type_id,2,,NO,uuid,pg_catalog,uuid,,,,,,
postgres,public,cleaning_job_details,job_id,1,,NO,uuid,pg_catalog,uuid,,,,,,
postgres,public,cleaning_job_details,service_type_id,3,,YES,uuid,pg_catalog,uuid,,,,,,
postgres,public,cleaning_job_details,square_footage,7,,YES,integer,pg_catalog,int4,,32,0,,,
postgres,public,cleaning_job_details,addon_frequency_id,8,,YES,uuid,pg_catalog,uuid,,,,,,
postgres,public,cleaning_job_details,preferred_service_date,9,,YES,date,pg_catalog,date,,,,0,,
postgres,public,cleaning_job_details,special_instructions,10,,YES,text,pg_catalog,text,,,,,,
postgres,public,cleaning_job_details,estimate_photos,11,,YES,text,pg_catalog,text,,,,,,
postgres,public,cleaning_job_details,access_notes,13,,YES,text,pg_catalog,text,,,,,,
postgres,public,cleaning_job_details,metadata,14,'{}'::jsonb,NO,jsonb,pg_catalog,jsonb,,,,,,
postgres,public,cleaning_job_details,beds,15,,YES,numeric,pg_catalog,numeric,,5,1,,,
postgres,public,cleaning_job_details,baths,16,,YES,numeric,pg_catalog,numeric,,4,1,,,
postgres,public,cleaning_job_details,home_type_key,17,,YES,text,pg_catalog,text,,,,,,
postgres,public,cleaning_job_details,access_method_key,18,,YES,text,pg_catalog,text,,,,,,
postgres,public,cleaning_job_details,square_footage_tier_key,19,,YES,text,pg_catalog,text,,,,,,
postgres,public,cleaning_service_types,id,1,gen_random_uuid(),NO,uuid,pg_catalog,uuid,,,,,,
postgres,public,cleaning_service_types,key,2,,NO,text,pg_catalog,text,,,,,,
postgres,public,cleaning_service_types,label,3,,NO,text,pg_catalog,text,,,,,,
postgres,public,cleaning_service_types,position,4,0,NO,integer,pg_catalog,int4,,32,0,,,
postgres,public,cleaning_service_types,is_active,5,true,NO,boolean,pg_catalog,bool,,,,,,
postgres,public,commercial_addons,id,1,gen_random_uuid(),NO,uuid,pg_catalog,uuid,,,,,,
postgres,public,commercial_addons,org_id,2,,NO,uuid,pg_catalog,uuid,,,,,,
postgres,public,commercial_addons,location_id,3,,YES,uuid,pg_catalog,uuid,,,,,,
postgres,public,commercial_addons,program_key,4,,YES,text,pg_catalog,text,,,,,,
postgres,public,commercial_addons,name,5,,NO,text,pg_catalog,text,,,,,,
postgres,public,commercial_addons,description,6,,YES,text,pg_catalog,text,,,,,,
postgres,public,commercial_addons,addon_type,7,,NO,text,pg_catalog,text,,,,,,
postgres,public,commercial_addons,amount_cents,8,,NO,integer,pg_catalog,int4,,32,0,,,
postgres,public,commercial_addons,cadence_key,9,,NO,text,pg_catalog,text,,,,,,
postgres,public,commercial_addons,is_active,10,true,NO,boolean,pg_catalog,bool,,,,,,
postgres,public,commercial_addons,metadata,11,'{}'::jsonb,NO,jsonb,pg_catalog,jsonb,,,,,,
postgres,public,commercial_addons,created_at,12,now(),NO,timestamp with time zone,pg_catalog,timestamptz,,,,6,,
postgres,public,commercial_addons,updated_at,13,,YES,timestamp with time zone,pg_catalog,timestamptz,,,,6,,
postgres,public,commercial_addons,effective_start,14,,YES,date,pg_catalog,date,,,,0,,
postgres,public,commercial_addons,effective_end,15,,YES,date,pg_catalog,date,,,,0,,
postgres,public,commercial_addons,revenue_category,16,,YES,text,pg_catalog,text,,,,,,
postgres,public,commercial_addons,package_unit_count,17,,YES,integer,pg_catalog,int4,,32,0,,,
postgres,public,commercial_addons,package_unit_type,18,,YES,text,pg_catalog,text,,,,,,
postgres,public,commercial_addons,package_expires_days,19,,YES,integer,pg_catalog,int4,,32,0,,,
postgres,public,commercial_categories,id,1,gen_random_uuid(),NO,uuid,pg_catalog,uuid,,,,,,
postgres,public,commercial_categories,org_id,2,,NO,uuid,pg_catalog,uuid,,,,,,
postgres,public,commercial_categories,key,3,,NO,text,pg_catalog,text,,,,,,
postgres,public,commercial_categories,label,4,,NO,text,pg_catalog,text,,,,,,
postgres,public,commercial_categories,sort_order,5,100,NO,integer,pg_catalog,int4,,32,0,,,
postgres,public,commercial_categories,is_active,6,true,NO,boolean,pg_catalog,bool,,,,,,
postgres,public,commercial_categories,metadata,7,'{}'::jsonb,NO,jsonb,pg_catalog,jsonb,,,,,,
postgres,public,commercial_categories,created_at,8,now(),NO,timestamp with time zone,pg_catalog,timestamptz,,,,6,,
postgres,public,commercial_categories,updated_at,9,,YES,timestamp with time zone,pg_catalog,timestamptz,,,,6,,
postgres,public,commercial_deposits,id,1,gen_random_uuid(),NO,uuid,pg_catalog,uuid,,,,,,
postgres,public,commercial_deposits,org_id,2,,NO,uuid,pg_catalog,uuid,,,,,,
postgres,public,commercial_deposits,location_id,3,,YES,uuid,pg_catalog,uuid,,,,,,
postgres,public,commercial_deposits,program_key,4,,YES,text,pg_catalog,text,,,,,,
postgres,public,commercial_deposits,name,5,,NO,text,pg_catalog,text,,,,,,
postgres,public,commercial_deposits,description,6,,YES,text,pg_catalog,text,,,,,,
postgres,public,commercial_deposits,amount_cents,7,,NO,integer,pg_catalog,int4,,32,0,,,
postgres,public,commercial_deposits,is_refundable,8,true,NO,boolean,pg_catalog,bool,,,,,,
postgres,public,commercial_deposits,apply_to_balance,9,false,NO,boolean,pg_catalog,bool,,,,,,
postgres,public,commercial_deposits,due_timing,10,'at_enrollment'::text,NO,text,pg_catalog,text,,,,,,
postgres,public,commercial_deposits,is_active,11,true,NO,boolean,pg_catalog,bool,,,,,,
postgres,public,commercial_deposits,metadata,12,'{}'::jsonb,NO,jsonb,pg_catalog,jsonb,,,,,,
postgres,public,commercial_deposits,created_at,13,now(),NO,timestamp with time zone,pg_catalog,timestamptz,,,,6,,
postgres,public,commercial_deposits,updated_at,14,,YES,timestamp with time zone,pg_catalog,timestamptz,,,,6,,
postgres,public,commercial_deposits,effective_start,15,,YES,date,pg_catalog,date,,,,0,,
postgres,public,commercial_deposits,effective_end,16,,YES,date,pg_catalog,date,,,,0,,
postgres,public,commercial_deposits,revenue_category,17,,YES,text,pg_catalog,text,,,,,,
postgres,public,commercial_fees,id,1,gen_random_uuid(),NO,uuid,pg_catalog,uuid,,,,,,
postgres,public,commercial_fees,org_id,2,,NO,uuid,pg_catalog,uuid,,,,,,
postgres,public,commercial_fees,location_id,3,,YES,uuid,pg_catalog,uuid,,,,,,
postgres,public,commercial_fees,program_key,4,,YES,text,pg_catalog,text,,,,,,
postgres,public,commercial_fees,name,5,,NO,text,pg_catalog,text,,,,,,
postgres,public,commercial_fees,description,6,,YES,text,pg_catalog,text,,,,,,
postgres,public,commercial_fees,fee_type,7,,NO,text,pg_catalog,text,,,,,,
postgres,public,commercial_fees,amount_cents,8,,NO,integer,pg_catalog,int4,,32,0,,,
postgres,public,commercial_fees,is_required,9,true,NO,boolean,pg_catalog,bool,,,,,,
postgres,public,commercial_fees,cadence_key,10,,YES,text,pg_catalog,text,,,,,,
postgres,public,commercial_fees,is_active,11,true,NO,boolean,pg_catalog,bool,,,,,,
postgres,public,commercial_fees,metadata,12,'{}'::jsonb,NO,jsonb,pg_catalog,jsonb,,,,,,
postgres,public,commercial_fees,created_at,13,now(),NO,timestamp with time zone,pg_catalog,timestamptz,,,,6,,
postgres,public,commercial_fees,updated_at,14,,YES,timestamp with time zone,pg_catalog,timestamptz,,,,6,,
postgres,public,commercial_fees,effective_start,15,,YES,date,pg_catalog,date,,,,0,,
postgres,public,commercial_fees,effective_end,16,,YES,date,pg_catalog,date,,,,0,,
postgres,public,commercial_fees,revenue_category,17,,YES,text,pg_catalog,text,,,,,,
postgres,public,commercial_policies,id,1,gen_random_uuid(),NO,uuid,pg_catalog,uuid,,,,,,
postgres,public,commercial_policies,org_id,2,,NO,uuid,pg_catalog,uuid,,,,,,
postgres,public,commercial_policies,scope_type,3,,NO,text,pg_catalog,text,,,,,,
postgres,public,commercial_policies,location_id,4,,YES,uuid,pg_catalog,uuid,,,,,,
postgres,public,commercial_policies,program_key,5,,YES,text,pg_catalog,text,,,,,,
postgres,public,commercial_policies,offering_id,6,,YES,uuid,pg_catalog,uuid,,,,,,
postgres,public,commercial_policies,variant_id,7,,YES,uuid,pg_catalog,uuid,,,,,,
postgres,public,commercial_policies,policy_type,8,,NO,text,pg_catalog,text,,,,,,
postgres,public,commercial_policies,label,9,,YES,text,pg_catalog,text,,,,,,
postgres,public,commercial_policies,description,10,,YES,text,pg_catalog,text,,,,,,
postgres,public,commercial_policies,value,11,'{}'::jsonb,NO,jsonb,pg_catalog,jsonb,,,,,,
postgres,public,commercial_policies,effective_start,12,'2000-01-01'::date,NO,date,pg_catalog,date,,,,0,,
postgres,public,commercial_policies,effective_end,13,,YES,date,pg_catalog,date,,,,0,,
postgres,public,commercial_policies,is_active,14,true,NO,boolean,pg_catalog,bool,,,,,,
postgres,public,commercial_policies,source_key,15,'config'::text,NO,text,pg_catalog,text,,,,,,
postgres,public,commercial_policies,metadata,16,'{}'::jsonb,NO,jsonb,pg_catalog,jsonb,,,,,,
postgres,public,commercial_policies,created_by,17,,YES,uuid,pg_catalog,uuid,,,,,,
postgres,public,commercial_policies,updated_by,18,,YES,uuid,pg_catalog,uuid,,,,,,
postgres,public,commercial_policies,created_at,19,now(),NO,timestamp with time zone,pg_catalog,timestamptz,,,,6,,
postgres,public,commercial_policies,updated_at,20,now(),NO,timestamp with time zone,pg_catalog,timestamptz,,,,6,,
postgres,public,commercial_products,id,1,gen_random_uuid(),NO,uuid,pg_catalog,uuid,,,,,,
postgres,public,commercial_products,org_id,2,,NO,uuid,pg_catalog,uuid,,,,,,
postgres,public,commercial_products,location_id,3,,YES,uuid,pg_catalog,uuid,,,,,,
postgres,public,commercial_products,program_key,4,,YES,text,pg_catalog,text,,,,,,
postgres,public,commercial_products,name,5,,NO,text,pg_catalog,text,,,,,,
postgres,public,commercial_products,description,6,,YES,text,pg_catalog,text,,,,,,
postgres,public,commercial_products,commercial_type,7,,NO,text,pg_catalog,text,,,,,,
postgres,public,commercial_products,category_id,8,,YES,uuid,pg_catalog,uuid,,,,,,
postgres,public,commercial_products,amount_cents,9,,NO,integer,pg_catalog,int4,,32,0,,,
postgres,public,commercial_products,cadence_key,10,,YES,text,pg_catalog,text,,,,,,
postgres,public,commercial_products,revenue_category,11,,YES,text,pg_catalog,text,,,,,,
postgres,public,commercial_products,effective_start,12,,YES,date,pg_catalog,date,,,,0,,
postgres,public,commercial_products,effective_end,13,,YES,date,pg_catalog,date,,,,0,,
postgres,public,commercial_products,behavior,14,'{}'::jsonb,NO,jsonb,pg_catalog,jsonb,,,,,,
postgres,public,commercial_products,is_active,15,true,NO,boolean,pg_catalog,bool,,,,,,
postgres,public,commercial_products,metadata,16,'{}'::jsonb,NO,jsonb,pg_catalog,jsonb,,,,,,
postgres,public,commercial_products,source_table,17,,YES,text,pg_catalog,text,,,,,,
postgres,public,commercial_products,source_id,18,,YES,uuid,pg_catalog,uuid,,,,,,
postgres,public,commercial_products,created_at,19,now(),NO,timestamp with time zone,pg_catalog,timestamptz,,,,6,,
postgres,public,commercial_products,updated_at,20,,YES,timestamp with time zone,pg_catalog,timestamptz,,,,6,,
postgres,public,commercial_products,revenue_category_id,21,,YES,uuid,pg_catalog,uuid,,,,,,
postgres,public,commercial_revenue_categories,id,1,gen_random_uuid(),NO,uuid,pg_catalog,uuid,,,,,,
postgres,public,commercial_revenue_categories,org_id,2,,NO,uuid,pg_catalog,uuid,,,,,,
postgres,public,commercial_revenue_categories,label,3,,NO,text,pg_catalog,text,,,,,,
postgres,public,commercial_revenue_categories,gl_code,4,,YES,text,pg_catalog,text,,,,,,
postgres,public,commercial_revenue_categories,sort_order,5,100,NO,integer,pg_catalog,int4,,32,0,,,
postgres,public,commercial_revenue_categories,is_active,6,true,NO,boolean,pg_catalog,bool,,,,,,
postgres,public,commercial_revenue_categories,metadata,7,'{}'::jsonb,NO,jsonb,pg_catalog,jsonb,,,,,,
postgres,public,commercial_revenue_categories,created_at,8,now(),NO,timestamp with time zone,pg_catalog,timestamptz,,,,6,,
postgres,public,commercial_revenue_categories,updated_at,9,,YES,timestamp with time zone,pg_catalog,timestamptz,,,,6,,
postgres,public,commercial_revenue_categories,mapped_gl_account_id,10,,YES,uuid,pg_catalog,uuid,,,,,,
postgres,public,commercial_tuition_rates,id,1,gen_random_uuid(),NO,uuid,pg_catalog,uuid,,,,,,
postgres,public,commercial_tuition_rates,org_id,2,,NO,uuid,pg_catalog,uuid,,,,,,
postgres,public,commercial_tuition_rates,location_id,3,,YES,uuid,pg_catalog,uuid,,,,,,
postgres,public,commercial_tuition_rates,rate_cents,6,,NO,integer,pg_catalog,int4,,32,0,,,
postgres,public,commercial_tuition_rates,is_active,8,true,NO,boolean,pg_catalog,bool,,,,,,
postgres,public,commercial_tuition_rates,metadata,9,'{}'::jsonb,NO,jsonb,pg_catalog,jsonb,,,,,,
postgres,public,commercial_tuition_rates,created_at,10,now(),NO,timestamp with time zone,pg_catalog,timestamptz,,,,6,,
postgres,public,commercial_tuition_rates,updated_at,11,,YES,timestamp with time zone,pg_catalog,timestamptz,,,,6,,
postgres,public,commercial_tuition_rates,not_offered,12,false,NO,boolean,pg_catalog,bool,,,,,,
postgres,public,commercial_tuition_rates,cadence_key,14,,NO,text,pg_catalog,text,,,,,,
postgres,public,commercial_tuition_rates,payer_type,15,'private_pay'::text,NO,text,pg_catalog,text,,,,,,
postgres,public,commercial_tuition_rates,variant_id,16,,NO,uuid,pg_catalog,uuid,,,,,,
postgres,public,commercial_tuition_rates,effective_start,17,,YES,date,pg_catalog,date,,,,0,,
postgres,public,commercial_tuition_rates,effective_end,18,,YES,date,pg_catalog,date,,,,0,,
postgres,public,commercial_tuition_rates,revenue_category_id,19,,YES,uuid,pg_catalog,uuid,,,,,,
postgres,public,communication_delivery_events,id,1,gen_random_uuid(),NO,uuid,pg_catalog,uuid,,,,,,
postgres,public,communication_delivery_events,org_id,2,,NO,uuid,pg_catalog,uuid,,,,,,
postgres,public,communication_delivery_events,message_id,3,,NO,uuid,pg_catalog,uuid,,,,,,
postgres,public,communication_delivery_events,event_type,4,,NO,text,pg_catalog,text,,,,,,
postgres,public,communication_delivery_events,provider,5,,YES,text,pg_catalog,text,,,,,,
postgres,public,communication_delivery_events,occurred_at,6,now(),NO,timestamp with time zone,pg_catalog,timestamptz,,,,6,,
postgres,public,communication_delivery_events,payload,7,'{}'::jsonb,NO,jsonb,pg_catalog,jsonb,,,,,,
postgres,public,communication_delivery_events,recipient_id,8,,YES,uuid,pg_catalog,uuid,,,,,,
postgres,public,communication_delivery_events,channel,9,,YES,text,pg_catalog,text,,,,,,
postgres,public,communication_delivery_events,provider_message_id,10,,YES,text,pg_catalog,text,,,,,,
postgres,public,communication_delivery_events,provider_event_id,11,,YES,text,pg_catalog,text,,,,,,
postgres,public,communication_delivery_events,event_status,12,,YES,text,pg_catalog,text,,,,,,
postgres,public,communication_delivery_events,received_at,13,now(),NO,timestamp with time zone,pg_catalog,timestamptz,,,,6,,
postgres,public,communication_delivery_events,raw_payload,14,'{}'::jsonb,NO,jsonb,pg_catalog,jsonb,,,,,,
postgres,public,communication_delivery_events,metadata,15,'{}'::jsonb,NO,jsonb,pg_catalog,jsonb,,,,,,
postgres,public,communication_identities,id,1,gen_random_uuid(),NO,uuid,pg_catalog,uuid,,,,,,
postgres,public,communication_identities,org_id,2,,NO,uuid,pg_catalog,uuid,,,,,,
postgres,public,communication_identities,provider_account_id,3,,NO,uuid,pg_catalog,uuid,,,,,,
postgres,public,communication_identities,channel,4,,NO,text,pg_catalog,text,,,,,,
postgres,public,communication_identities,identity_type,5,,NO,text,pg_catalog,text,,,,,,
postgres,public,communication_identities,canonical_address,6,,NO,text,pg_catalog,text,,,,,,
postgres,public,communication_identities,normalized_address,7,,NO,text,pg_catalog,text,,,,,,
postgres,public,communication_identities,display_name,8,,YES,text,pg_catalog,text,,,,,,
postgres,public,communication_identities,inbound_enabled,9,true,NO,boolean,pg_catalog,bool,,,,,,
postgres,public,communication_identities,outbound_enabled,10,true,NO,boolean,pg_catalog,bool,,,,,,
postgres,public,communication_identities,verification_state,11,'unverified'::text,NO,text,pg_catalog,text,,,,,,
postgres,public,communication_identities,status,12,'active'::text,NO,text,pg_catalog,text,,,,,,
postgres,public,communication_identities,health_status,13,'unknown'::text,NO,text,pg_catalog,text,,,,,,
postgres,public,communication_identities,capabilities,14,'{}'::jsonb,NO,jsonb,pg_catalog,jsonb,,,,,,
postgres,public,communication_identities,provider_resource_ref,15,,YES,text,pg_catalog,text,,,,,,
postgres,public,communication_identities,scope,16,'tenant'::text,NO,text,pg_catalog,text,,,,,,
postgres,public,communication_identities,is_default_for_scope,17,false,NO,boolean,pg_catalog,bool,,,,,,
postgres,public,communication_identities,legacy_binding_id,18,,YES,uuid,pg_catalog,uuid,,,,,,
postgres,public,communication_identities,metadata,19,'{}'::jsonb,NO,jsonb,pg_catalog,jsonb,,,,,,
postgres,public,communication_identities,created_at,20,now(),NO,timestamp with time zone,pg_catalog,timestamptz,,,,6,,
postgres,public,communication_identities,updated_at,21,now(),NO,timestamp with time zone,pg_catalog,timestamptz,,,,6,,
postgres,public,communication_identity_grants,id,1,gen_random_uuid(),NO,uuid,pg_catalog,uuid,,,,,,
postgres,public,communication_identity_grants,org_id,2,,NO,uuid,pg_catalog,uuid,,,,,,
postgres,public,communication_identity_grants,identity_id,3,,NO,uuid,pg_catalog,uuid,,,,,,
postgres,public,communication_identity_grants,user_id,4,,NO,uuid,pg_catalog,uuid,,,,,,
postgres,public,communication_identity_grants,can_send,5,false,NO,boolean,pg_catalog,bool,,,,,,
postgres,public,communication_identity_grants,can_receive,6,false,NO,boolean,pg_catalog,bool,,,,,,
postgres,public,communication_identity_grants,can_configure,7,false,NO,boolean,pg_catalog,bool,,,,,,
postgres,public,communication_identity_grants,can_manage,8,false,NO,boolean,pg_catalog,bool,,,,,,
postgres,public,communication_identity_grants,can_override_default,9,false,NO,boolean,pg_catalog,bool,,,,,,
postgres,public,communication_identity_grants,can_use_across_locations,10,false,NO,boolean,pg_catalog,bool,,,,,,
postgres,public,communication_identity_grants,status,11,'active'::text,NO,text,pg_catalog,text,,,,,,
postgres,public,communication_identity_grants,created_at,12,now(),NO,timestamp with time zone,pg_catalog,timestamptz,,,,6,,
postgres,public,communication_identity_grants,updated_at,13,now(),NO,timestamp with time zone,pg_catalog,timestamptz,,,,6,,
postgres,public,communication_identity_location_bindings,id,1,gen_random_uuid(),NO,uuid,pg_catalog,uuid,,,,,,
postgres,public,communication_identity_location_bindings,org_id,2,,NO,uuid,pg_catalog,uuid,,,,,,
postgres,public,communication_identity_location_bindings,identity_id,3,,NO,uuid,pg_catalog,uuid,,,,,,
postgres,public,communication_identity_location_bindings,location_id,4,,NO,uuid,pg_catalog,uuid,,,,,,
postgres,public,communication_identity_location_bindings,channel,5,,NO,text,pg_catalog,text,,,,,,
postgres,public,communication_identity_location_bindings,priority,6,100,NO,integer,pg_catalog,int4,,32,0,,,
postgres,public,communication_identity_location_bindings,is_default,7,false,NO,boolean,pg_catalog,bool,,,,,,
postgres,public,communication_identity_location_bindings,inbound_routing_enabled,8,true,NO,boolean,pg_catalog,bool,,,,,,
postgres,public,communication_identity_location_bindings,outbound_sending_enabled,9,true,NO,boolean,pg_catalog,bool,,,,,,
postgres,public,communication_identity_location_bindings,status,10,'active'::text,NO,text,pg_catalog,text,,,,,,
postgres,public,communication_identity_location_bindings,created_at,11,now(),NO,timestamp with time zone,pg_catalog,timestamptz,,,,6,,
postgres,public,communication_identity_location_bindings,updated_at,12,now(),NO,timestamp with time zone,pg_catalog,timestamptz,,,,6,,
postgres,public,communication_message_reads,org_id,1,,NO,uuid,pg_catalog,uuid,,,,,,
postgres,public,communication_message_reads,message_id,2,,NO,uuid,pg_catalog,uuid,,,,,,
postgres,public,communication_message_reads,user_id,3,,NO,uuid,pg_catalog,uuid,,,,,,
postgres,public,communication_message_reads,read_at,4,now(),NO,timestamp with time zone,pg_catalog,timestamptz,,,,6,,
postgres,public,communication_message_recipients,id,1,gen_random_uuid(),NO,uuid,pg_catalog,uuid,,,,,,
postgres,public,communication_message_recipients,org_id,2,,NO,uuid,pg_catalog,uuid,,,,,,
postgres,public,communication_message_recipients,message_id,3,,NO,uuid,pg_catalog,uuid,,,,,,
postgres,public,communication_message_recipients,person_id,4,,YES,uuid,pg_catalog,uuid,,,,,,
postgres,public,communication_message_recipients,address,5,,YES,text,pg_catalog,text,,,,,,
postgres,public,communication_message_recipients,recipient_role,6,'to'::text,NO,text,pg_catalog,text,,,,,,
postgres,public,communication_message_recipients,status,7,,YES,text,pg_catalog,text,,,,,,
postgres,public,communication_message_recipients,delivered_at,8,,YES,timestamp with time zone,pg_catalog,timestamptz,,,,6,,
postgres,public,communication_message_recipients,opened_at,9,,YES,timestamp with time zone,pg_catalog,timestamptz,,,,6,,
postgres,public,communication_message_recipients,clicked_at,10,,YES,timestamp with time zone,pg_catalog,timestamptz,,,,6,,
postgres,public,communication_message_recipients,replied_at,11,,YES,timestamp with time zone,pg_catalog,timestamptz,,,,6,,
postgres,public,communication_message_recipients,created_at,12,now(),NO,timestamp with time zone,pg_catalog,timestamptz,,,,6,,
postgres,public,communication_message_recipients,metadata,13,'{}'::jsonb,NO,jsonb,pg_catalog,jsonb,,,,,,
postgres,public,communication_message_recipients,recipient_key,14,,YES,text,pg_catalog,text,,,,,,
postgres,public,communication_message_recipients,channel,15,,YES,text,pg_catalog,text,,,,,,
postgres,public,communication_message_recipients,provider,16,,YES,text,pg_catalog,text,,,,,,
postgres,public,communication_message_recipients,provider_message_id,17,,YES,text,pg_catalog,text,,,,,,
postgres,public,communication_message_recipients,queued_at,18,,YES,timestamp with time zone,pg_catalog,timestamptz,,,,6,,
postgres,public,communication_message_recipients,sent_at,19,,YES,timestamp with time zone,pg_catalog,timestamptz,,,,6,,
postgres,public,communication_message_recipients,bounced_at,20,,YES,timestamp with time zone,pg_catalog,timestamptz,,,,6,,
postgres,public,communication_message_recipients,complained_at,21,,YES,timestamp with time zone,pg_catalog,timestamptz,,,,6,,
postgres,public,communication_message_recipients,failed_at,22,,YES,timestamp with time zone,pg_catalog,timestamptz,,,,6,,
postgres,public,communication_message_recipients,last_event_at,23,,YES,timestamp with time zone,pg_catalog,timestamptz,,,,6,,
postgres,public,communication_messages,id,1,gen_random_uuid(),NO,uuid,pg_catalog,uuid,,,,,,
postgres,public,communication_messages,org_id,2,,NO,uuid,pg_catalog,uuid,,,,,,
postgres,public,communication_messages,thread_id,3,,NO,uuid,pg_catalog,uuid,,,,,,
postgres,public,communication_messages,channel,4,,NO,text,pg_catalog,text,,,,,,
postgres,public,communication_messages,direction,5,,NO,text,pg_catalog,text,,,,,,
postgres,public,communication_messages,status,6,'queued'::text,NO,text,pg_catalog,text,,,,,,
postgres,public,communication_messages,body,7,,YES,text,pg_catalog,text,,,,,,
postgres,public,communication_messages,body_format,8,'plain'::text,NO,text,pg_catalog,text,,,,,,
postgres,public,communication_messages,from_address,9,,YES,text,pg_catalog,text,,,,,,
postgres,public,communication_messages,to_address,10,,YES,text,pg_catalog,text,,,,,,
postgres,public,communication_messages,provider,11,,YES,text,pg_catalog,text,,,,,,
postgres,public,communication_messages,provider_message_id,12,,YES,text,pg_catalog,text,,,,,,
postgres,public,communication_messages,error,13,,YES,text,pg_catalog,text,,,,,,
postgres,public,communication_messages,workflow_run_id,14,,YES,uuid,pg_catalog,uuid,,,,,,
postgres,public,communication_messages,communication_provider_binding_id,15,,YES,uuid,pg_catalog,uuid,,,,,,
postgres,public,communication_messages,metadata,16,'{}'::jsonb,NO,jsonb,pg_catalog,jsonb,,,,,,
postgres,public,communication_messages,created_at,17,now(),NO,timestamp with time zone,pg_catalog,timestamptz,,,,6,,
postgres,public,communication_messages,sent_at,18,,YES,timestamp with time zone,pg_catalog,timestamptz,,,,6,,
postgres,public,communication_messages,delivered_at,19,,YES,timestamp with time zone,pg_catalog,timestamptz,,,,6,,
postgres,public,communication_messages,subject,20,,YES,text,pg_catalog,text,,,,,,
postgres,public,communication_messages,opened_at,21,,YES,timestamp with time zone,pg_catalog,timestamptz,,,,6,,
postgres,public,communication_messages,clicked_at,22,,YES,timestamp with time zone,pg_catalog,timestamptz,,,,6,,
postgres,public,communication_messages,replied_at,23,,YES,timestamp with time zone,pg_catalog,timestamptz,,,,6,,
postgres,public,communication_messages,communication_identity_id,24,,YES,uuid,pg_catalog,uuid,,,,,,
postgres,public,communication_messages,communication_provider_account_id,25,,YES,uuid,pg_catalog,uuid,,,,,,
postgres,public,communication_preference_events,id,1,gen_random_uuid(),NO,uuid,pg_catalog,uuid,,,,,,
postgres,public,communication_preference_events,org_id,2,,NO,uuid,pg_catalog,uuid,,,,,,
postgres,public,communication_preference_events,person_id,3,,NO,uuid,pg_catalog,uuid,,,,,,
postgres,public,communication_preference_events,category,4,,NO,text,pg_catalog,text,,,,,,
postgres,public,communication_preference_events,from_state,5,,YES,text,pg_catalog,text,,,,,,
postgres,public,communication_preference_events,to_state,6,,NO,text,pg_catalog,text,,,,,,
postgres,public,communication_preference_events,source,7,,YES,text,pg_catalog,text,,,,,,
postgres,public,communication_preference_events,method,8,,YES,text,pg_catalog,text,,,,,,
postgres,public,communication_preference_events,actor_user_id,9,,YES,uuid,pg_catalog,uuid,,,,,,
postgres,public,communication_preference_events,occurred_at,10,now(),NO,timestamp with time zone,pg_catalog,timestamptz,,,,6,,
postgres,public,communication_preference_events,metadata,11,'{}'::jsonb,NO,jsonb,pg_catalog,jsonb,,,,,,
postgres,public,communication_preferences,id,1,gen_random_uuid(),NO,uuid,pg_catalog,uuid,,,,,,
postgres,public,communication_preferences,org_id,2,,NO,uuid,pg_catalog,uuid,,,,,,
postgres,public,communication_preferences,person_id,3,,NO,uuid,pg_catalog,uuid,,,,,,
postgres,public,communication_preferences,category,4,,NO,text,pg_catalog,text,,,,,,
postgres,public,communication_preferences,state,5,'unset'::text,NO,text,pg_catalog,text,,,,,,
postgres,public,communication_preferences,source,6,,YES,text,pg_catalog,text,,,,,,
postgres,public,communication_preferences,method,7,,YES,text,pg_catalog,text,,,,,,
postgres,public,communication_preferences,updated_by_user_id,8,,YES,uuid,pg_catalog,uuid,,,,,,
postgres,public,communication_preferences,created_at,9,now(),NO,timestamp with time zone,pg_catalog,timestamptz,,,,6,,
postgres,public,communication_preferences,updated_at,10,now(),NO,timestamp with time zone,pg_catalog,timestamptz,,,,6,,
postgres,public,communication_provider_accounts,id,1,gen_random_uuid(),NO,uuid,pg_catalog,uuid,,,,,,
postgres,public,communication_provider_accounts,org_id,2,,NO,uuid,pg_catalog,uuid,,,,,,
postgres,public,communication_provider_accounts,provider_type,3,,NO,text,pg_catalog,text,,,,,,
postgres,public,communication_provider_accounts,display_label,4,,YES,text,pg_catalog,text,,,,,,
postgres,public,communication_provider_accounts,status,5,'active'::text,NO,text,pg_catalog,text,,,,,,
postgres,public,communication_provider_accounts,verification_state,6,'unverified'::text,NO,text,pg_catalog,text,,,,,,
postgres,public,communication_provider_accounts,health_status,7,'unknown'::text,NO,text,pg_catalog,text,,,,,,
postgres,public,communication_provider_accounts,secret_ref,8,'unconfigured'::text,NO,text,pg_catalog,text,,,,,,
postgres,public,communication_provider_accounts,capabilities,9,'{}'::jsonb,NO,jsonb,pg_catalog,jsonb,,,,,,
postgres,public,communication_provider_accounts,config,10,'{}'::jsonb,NO,jsonb,pg_catalog,jsonb,,,,,,
postgres,public,communication_provider_accounts,provider_account_ref,11,,YES,text,pg_catalog,text,,,,,,
postgres,public,communication_provider_accounts,legacy_binding_id,12,,YES,uuid,pg_catalog,uuid,,,,,,
postgres,public,communication_provider_accounts,metadata,13,'{}'::jsonb,NO,jsonb,pg_catalog,jsonb,,,,,,
postgres,public,communication_provider_accounts,created_at,14,now(),NO,timestamp with time zone,pg_catalog,timestamptz,,,,6,,
postgres,public,communication_provider_accounts,updated_at,15,now(),NO,timestamp with time zone,pg_catalog,timestamptz,,,,6,,
postgres,public,communication_provider_bindings,id,1,gen_random_uuid(),NO,uuid,pg_catalog,uuid,,,,,,
postgres,public,communication_provider_bindings,org_id,2,,NO,uuid,pg_catalog,uuid,,,,,,
postgres,public,communication_provider_bindings,channel,3,,NO,text,pg_catalog,text,,,,,,
postgres,public,communication_provider_bindings,provider,4,,NO,text,pg_catalog,text,,,,,,
postgres,public,communication_provider_bindings,scope,5,'org'::text,NO,text,pg_catalog,text,,,,,,
postgres,public,communication_provider_bindings,location_id,6,,YES,uuid,pg_catalog,uuid,,,,,,
postgres,public,communication_provider_bindings,user_id,7,,YES,uuid,pg_catalog,uuid,,,,,,
postgres,public,communication_provider_bindings,inbound_to_e164,8,,YES,text,pg_catalog,text,,,,,,
postgres,public,communication_provider_bindings,display_label,9,,YES,text,pg_catalog,text,,,,,,
postgres,public,communication_provider_bindings,status,10,'active'::text,NO,text,pg_catalog,text,,,,,,
postgres,public,communication_provider_bindings,is_primary,11,false,NO,boolean,pg_catalog,bool,,,,,,
postgres,public,communication_provider_bindings,config,12,'{}'::jsonb,NO,jsonb,pg_catalog,jsonb,,,,,,
postgres,public,communication_provider_bindings,secret_ref,13,'unconfigured'::text,NO,text,pg_catalog,text,,,,,,
postgres,public,communication_provider_bindings,created_at,14,now(),NO,timestamp with time zone,pg_catalog,timestamptz,,,,6,,
postgres,public,communication_provider_bindings,updated_at,15,now(),NO,timestamp with time zone,pg_catalog,timestamptz,,,,6,,
postgres,public,communication_scheduled_sends,id,1,gen_random_uuid(),NO,uuid,pg_catalog,uuid,,,,,,
postgres,public,communication_scheduled_sends,org_id,2,,NO,uuid,pg_catalog,uuid,,,,,,
postgres,public,communication_scheduled_sends,created_by,3,,NO,uuid,pg_catalog,uuid,,,,,,
postgres,public,communication_scheduled_sends,proposal_id,4,,YES,uuid,pg_catalog,uuid,,,,,,
postgres,public,communication_scheduled_sends,entity_type,5,'opportunities'::text,NO,text,pg_catalog,text,,,,,,
postgres,public,communication_scheduled_sends,entity_id,6,,YES,uuid,pg_catalog,uuid,,,,,,
postgres,public,communication_scheduled_sends,recipient_person_id,7,,NO,uuid,pg_catalog,uuid,,,,,,
postgres,public,communication_scheduled_sends,channel,8,,NO,text,pg_catalog,text,,,,,,
postgres,public,communication_scheduled_sends,subject_snapshot,9,,YES,text,pg_catalog,text,,,,,,
postgres,public,communication_scheduled_sends,body_snapshot,10,,NO,text,pg_catalog,text,,,,,,
postgres,public,communication_scheduled_sends,communication_provider_binding_id,11,,YES,uuid,pg_catalog,uuid,,,,,,
postgres,public,communication_scheduled_sends,scheduled_for,12,,NO,timestamp with time zone,pg_catalog,timestamptz,,,,6,,
postgres,public,communication_scheduled_sends,status,13,'pending'::text,NO,text,pg_catalog,text,,,,,,
postgres,public,communication_scheduled_sends,approved_at,14,,NO,timestamp with time zone,pg_catalog,timestamptz,,,,6,,
postgres,public,communication_scheduled_sends,approved_by,15,,NO,uuid,pg_catalog,uuid,,,,,,
postgres,public,communication_scheduled_sends,communication_message_id,16,,YES,uuid,pg_catalog,uuid,,,,,,
postgres,public,communication_scheduled_sends,source,17,'task_assist'::text,NO,text,pg_catalog,text,,,,,,
postgres,public,communication_scheduled_sends,metadata,18,'{}'::jsonb,NO,jsonb,pg_catalog,jsonb,,,,,,
postgres,public,communication_scheduled_sends,claimed_at,19,,YES,timestamp with time zone,pg_catalog,timestamptz,,,,6,,
postgres,public,communication_scheduled_sends,claim_token,20,,YES,uuid,pg_catalog,uuid,,,,,,
postgres,public,communication_scheduled_sends,created_at,21,now(),NO,timestamp with time zone,pg_catalog,timestamptz,,,,6,,
postgres,public,communication_scheduled_sends,updated_at,22,now(),NO,timestamp with time zone,pg_catalog,timestamptz,,,,6,,
postgres,public,communication_scheduled_sends,announcement_id,23,,YES,uuid,pg_catalog,uuid,,,,,,
postgres,public,communication_snippets,id,1,gen_random_uuid(),NO,uuid,pg_catalog,uuid,,,,,,
postgres,public,communication_snippets,org_id,2,,NO,uuid,pg_catalog,uuid,,,,,,
postgres,public,communication_snippets,name,3,,NO,text,pg_catalog,text,,,,,,
postgres,public,communication_snippets,body,4,,NO,text,pg_catalog,text,,,,,,
postgres,public,communication_snippets,category,5,,YES,text,pg_catalog,text,,,,,,
postgres,public,communication_snippets,created_by_user_id,6,,YES,uuid,pg_catalog,uuid,,,,,,
postgres,public,communication_snippets,created_at,7,now(),NO,timestamp with time zone,pg_catalog,timestamptz,,,,6,,
postgres,public,communication_snippets,updated_at,8,now(),NO,timestamp with time zone,pg_catalog,timestamptz,,,,6,,
postgres,public,communication_template_versions,id,1,gen_random_uuid(),NO,uuid,pg_catalog,uuid,,,,,,
postgres,public,communication_template_versions,org_id,2,,NO,uuid,pg_catalog,uuid,,,,,,
postgres,public,communication_template_versions,template_id,3,,NO,uuid,pg_catalog,uuid,,,,,,
postgres,public,communication_template_versions,version,4,,NO,integer,pg_catalog,int4,,32,0,,,
postgres,public,communication_template_versions,subject,5,,YES,text,pg_catalog,text,,,,,,
postgres,public,communication_template_versions,body,6,,YES,text,pg_catalog,text,,,,,,
postgres,public,communication_template_versions,body_format,7,'html'::text,NO,text,pg_catalog,text,,,,,,
postgres,public,communication_template_versions,variables,8,'[]'::jsonb,NO,jsonb,pg_catalog,jsonb,,,,,,
postgres,public,communication_template_versions,created_by_user_id,9,,YES,uuid,pg_catalog,uuid,,,,,,
postgres,public,communication_template_versions,created_at,10,now(),NO,timestamp with time zone,pg_catalog,timestamptz,,,,6,,
postgres,public,communication_template_versions,version_number,11,,YES,integer,pg_catalog,int4,,32,0,,,
postgres,public,communication_template_versions,token_paths,12,'{}'::text[],NO,ARRAY,pg_catalog,_text,,,,,,
postgres,public,communication_template_versions,metadata,13,'{}'::jsonb,NO,jsonb,pg_catalog,jsonb,,,,,,
postgres,public,communication_template_versions,created_by,14,,YES,uuid,pg_catalog,uuid,,,,,,
postgres,public,communication_templates,id,1,gen_random_uuid(),NO,uuid,pg_catalog,uuid,,,,,,
postgres,public,communication_templates,org_id,2,,NO,uuid,pg_catalog,uuid,,,,,,
postgres,public,communication_templates,name,3,,NO,text,pg_catalog,text,,,,,,
postgres,public,communication_templates,channel,4,,NO,text,pg_catalog,text,,,,,,
postgres,public,communication_templates,category,5,'general'::text,YES,text,pg_catalog,text,,,,,,
postgres,public,communication_templates,approval_status,6,'draft'::text,NO,text,pg_catalog,text,,,,,,
postgres,public,communication_templates,current_version_id,7,,YES,uuid,pg_catalog,uuid,,,,,,
postgres,public,communication_templates,created_by_user_id,8,,YES,uuid,pg_catalog,uuid,,,,,,
postgres,public,communication_templates,created_at,9,now(),NO,timestamp with time zone,pg_catalog,timestamptz,,,,6,,
postgres,public,communication_templates,updated_at,10,now(),NO,timestamp with time zone,pg_catalog,timestamptz,,,,6,,
postgres,public,communication_templates,description,11,,YES,text,pg_catalog,text,,,,,,
postgres,public,communication_templates,status,12,'draft'::text,YES,text,pg_catalog,text,,,,,,
postgres,public,communication_templates,created_by,13,,YES,uuid,pg_catalog,uuid,,,,,,
postgres,public,communication_templates,updated_by,14,,YES,uuid,pg_catalog,uuid,,,,,,
postgres,public,communication_threads,id,1,gen_random_uuid(),NO,uuid,pg_catalog,uuid,,,,,,
postgres,public,communication_threads,org_id,2,,NO,uuid,pg_catalog,uuid,,,,,,
postgres,public,communication_threads,primary_entity_type,3,,NO,text,pg_catalog,text,,,,,,
postgres,public,communication_threads,primary_entity_id,4,,NO,uuid,pg_catalog,uuid,,,,,,
postgres,public,communication_threads,channel,5,,NO,text,pg_catalog,text,,,,,,
postgres,public,communication_threads,recipient_key,6,''::text,NO,text,pg_catalog,text,,,,,,
postgres,public,communication_threads,location_id,7,,YES,uuid,pg_catalog,uuid,,,,,,
postgres,public,communication_threads,metadata,8,'{}'::jsonb,NO,jsonb,pg_catalog,jsonb,,,,,,
postgres,public,communication_threads,created_at,9,now(),NO,timestamp with time zone,pg_catalog,timestamptz,,,,6,,
postgres,public,communication_threads,updated_at,10,now(),NO,timestamp with time zone,pg_catalog,timestamptz,,,,6,,
postgres,public,communication_threads,archived_at,11,,YES,timestamp with time zone,pg_catalog,timestamptz,,,,6,,
postgres,public,communication_threads,last_message_at,12,,YES,timestamp with time zone,pg_catalog,timestamptz,,,,6,,
postgres,public,communication_threads,assigned_user_id,13,,YES,uuid,pg_catalog,uuid,,,,,,
postgres,public,communication_threads,assigned_team_id,14,,YES,uuid,pg_catalog,uuid,,,,,,
postgres,public,communication_threads,assignment_state,15,'unassigned'::text,NO,text,pg_catalog,text,,,,,,
postgres,public,communication_threads,attention_state,16,,YES,text,pg_catalog,text,,,,,,
postgres,public,communication_threads,first_response_at,17,,YES,timestamp with time zone,pg_catalog,timestamptz,,,,6,,
postgres,public,communication_threads,sla_due_at,18,,YES,timestamp with time zone,pg_catalog,timestamptz,,,,6,,
postgres,public,communication_threads,sla_state,19,,YES,text,pg_catalog,text,,,,,,
postgres,public,communication_threads,last_read_at,20,,YES,timestamp with time zone,pg_catalog,timestamptz,,,,6,,
postgres,public,config_layout_assist_proposals,id,1,gen_random_uuid(),NO,uuid,pg_catalog,uuid,,,,,,
postgres,public,config_layout_assist_proposals,org_id,2,,NO,uuid,pg_catalog,uuid,,,,,,
postgres,public,config_layout_assist_proposals,proposal_version,3,1,NO,integer,pg_catalog,int4,,32,0,,,
postgres,public,config_layout_assist_proposals,proposal_json,4,,NO,jsonb,pg_catalog,jsonb,,,,,,
postgres,public,config_layout_assist_proposals,proposal_hash,5,,NO,text,pg_catalog,text,,,,,,
postgres,public,config_layout_assist_proposals,state,6,'draft'::text,NO,text,pg_catalog,text,,,,,,
postgres,public,config_layout_assist_proposals,category,7,,NO,text,pg_catalog,text,,,,,,
postgres,public,config_layout_assist_proposals,summary,8,,NO,text,pg_catalog,text,,,,,,
postgres,public,config_layout_assist_proposals,risk_level,9,,NO,text,pg_catalog,text,,,,,,
postgres,public,config_layout_assist_proposals,apply_mode,10,,NO,text,pg_catalog,text,,,,,,
postgres,public,config_layout_assist_proposals,permission_requirements,11,'{}'::text[],NO,ARRAY,pg_catalog,_text,,,,,,
postgres,public,config_layout_assist_proposals,created_by,12,,YES,uuid,pg_catalog,uuid,,,,,,
postgres,public,config_layout_assist_proposals,reviewed_by,13,,YES,uuid,pg_catalog,uuid,,,,,,
postgres,public,config_layout_assist_proposals,approved_by,14,,YES,uuid,pg_catalog,uuid,,,,,,
postgres,public,config_layout_assist_proposals,applied_by,15,,YES,uuid,pg_catalog,uuid,,,,,,
postgres,public,config_layout_assist_proposals,rejected_by,16,,YES,uuid,pg_catalog,uuid,,,,,,
postgres,public,config_layout_assist_proposals,failed_reason,17,,YES,text,pg_catalog,text,,,,,,
postgres,public,config_layout_assist_proposals,rejection_reason,18,,YES,text,pg_catalog,text,,,,,,
postgres,public,config_layout_assist_proposals,created_at,19,now(),NO,timestamp with time zone,pg_catalog,timestamptz,,,,6,,
postgres,public,config_layout_assist_proposals,updated_at,20,now(),NO,timestamp with time zone,pg_catalog,timestamptz,,,,6,,
postgres,public,config_layout_assist_proposals,reviewed_at,21,,YES,timestamp with time zone,pg_catalog,timestamptz,,,,6,,
postgres,public,config_layout_assist_proposals,approved_at,22,,YES,timestamp with time zone,pg_catalog,timestamptz,,,,6,,
postgres,public,config_layout_assist_proposals,applied_at,23,,YES,timestamp with time zone,pg_catalog,timestamptz,,,,6,,
postgres,public,config_layout_assist_proposals,rejected_at,24,,YES,timestamp with time zone,pg_catalog,timestamptz,,,,6,,
postgres,public,config_layout_assist_proposals,failed_at,25,,YES,timestamp with time zone,pg_catalog,timestamptz,,,,6,,
postgres,public,config_layout_assist_proposals,rolled_back_at,26,,YES,timestamp with time zone,pg_catalog,timestamptz,,,,6,,
postgres,public,configuration_consumptions,id,1,gen_random_uuid(),NO,uuid,pg_catalog,uuid,,,,,,
postgres,public,configuration_consumptions,org_id,2,,NO,uuid,pg_catalog,uuid,,,,,,
postgres,public,configuration_consumptions,domain_key,3,,NO,text,pg_catalog,text,,,,,,
postgres,public,configuration_consumptions,subject_id,4,,NO,uuid,pg_catalog,uuid,,,,,,
postgres,public,configuration_consumptions,location_id,5,,NO,uuid,pg_catalog,uuid,,,,,,
postgres,public,configuration_consumptions,publication_id,6,,NO,uuid,pg_catalog,uuid,,,,,,
postgres,public,configuration_consumptions,revision_id,7,,NO,uuid,pg_catalog,uuid,,,,,,
postgres,public,configuration_consumptions,consumed_at,8,now(),NO,timestamp with time zone,pg_catalog,timestamptz,,,,6,,
postgres,public,configuration_consumptions,delivered_by_run_id,9,,NO,uuid,pg_catalog,uuid,,,,,,
postgres,public,configuration_consumptions,updated_at,10,now(),NO,timestamp with time zone,pg_catalog,timestamptz,,,,6,,
postgres,public,configuration_delivery_attempts,id,1,gen_random_uuid(),NO,uuid,pg_catalog,uuid,,,,,,
postgres,public,configuration_delivery_attempts,org_id,2,,NO,uuid,pg_catalog,uuid,,,,,,
postgres,public,configuration_delivery_attempts,run_id,3,,NO,uuid,pg_catalog,uuid,,,,,,
postgres,public,configuration_delivery_attempts,target_id,4,,NO,uuid,pg_catalog,uuid,,,,,,
postgres,public,configuration_delivery_attempts,location_id,5,,NO,uuid,pg_catalog,uuid,,,,,,
postgres,public,configuration_delivery_attempts,attempt_number,6,,NO,integer,pg_catalog,int4,,32,0,,,
postgres,public,configuration_delivery_attempts,status,7,,NO,text,pg_catalog,text,,,,,,
postgres,public,configuration_delivery_attempts,result,8,'{}'::jsonb,NO,jsonb,pg_catalog,jsonb,,,,,,
postgres,public,configuration_delivery_attempts,error_code,9,,YES,text,pg_catalog,text,,,,,,
postgres,public,configuration_delivery_attempts,error_message,10,,YES,text,pg_catalog,text,,,,,,
postgres,public,configuration_delivery_attempts,audit_event_id,11,,YES,uuid,pg_catalog,uuid,,,,,,
postgres,public,configuration_delivery_attempts,attempted_by,12,,YES,uuid,pg_catalog,uuid,,,,,,
postgres,public,configuration_delivery_attempts,attempted_at,13,now(),NO,timestamp with time zone,pg_catalog,timestamptz,,,,6,,
postgres,public,configuration_distribution_runs,id,1,gen_random_uuid(),NO,uuid,pg_catalog,uuid,,,,,,
postgres,public,configuration_distribution_runs,org_id,2,,NO,uuid,pg_catalog,uuid,,,,,,
postgres,public,configuration_distribution_runs,publication_id,3,,NO,uuid,pg_catalog,uuid,,,,,,
postgres,public,configuration_distribution_runs,domain_key,4,,NO,text,pg_catalog,text,,,,,,
postgres,public,configuration_distribution_runs,provider_key,5,,NO,text,pg_catalog,text,,,,,,
postgres,public,configuration_distribution_runs,provider_version,6,1,NO,integer,pg_catalog,int4,,32,0,,,
postgres,public,configuration_distribution_runs,idempotency_key,7,,NO,text,pg_catalog,text,,,,,,
postgres,public,configuration_distribution_runs,target_set_checksum,8,,NO,text,pg_catalog,text,,,,,,
postgres,public,configuration_distribution_runs,status,9,'planned'::text,NO,text,pg_catalog,text,,,,,,
postgres,public,configuration_distribution_runs,created_by,10,,YES,uuid,pg_catalog,uuid,,,,,,
postgres,public,configuration_distribution_runs,created_at,11,now(),NO,timestamp with time zone,pg_catalog,timestamptz,,,,6,,
postgres,public,configuration_distribution_runs,started_at,12,,YES,timestamp with time zone,pg_catalog,timestamptz,,,,6,,
postgres,public,configuration_distribution_runs,completed_at,13,,YES,timestamp with time zone,pg_catalog,timestamptz,,,,6,,
postgres,public,configuration_distribution_targets,id,1,gen_random_uuid(),NO,uuid,pg_catalog,uuid,,,,,,
postgres,public,configuration_distribution_targets,org_id,2,,NO,uuid,pg_catalog,uuid,,,,,,
postgres,public,configuration_distribution_targets,run_id,3,,NO,uuid,pg_catalog,uuid,,,,,,
postgres,public,configuration_distribution_targets,location_id,4,,NO,uuid,pg_catalog,uuid,,,,,,
postgres,public,configuration_distribution_targets,status,5,'pending'::text,NO,text,pg_catalog,text,,,,,,
postgres,public,configuration_distribution_targets,attempt_count,6,0,NO,integer,pg_catalog,int4,,32,0,,,
postgres,public,configuration_distribution_targets,result,7,'{}'::jsonb,NO,jsonb,pg_catalog,jsonb,,,,,,
postgres,public,configuration_distribution_targets,error_code,8,,YES,text,pg_catalog,text,,,,,,
postgres,public,configuration_distribution_targets,error_message,9,,YES,text,pg_catalog,text,,,,,,
postgres,public,configuration_distribution_targets,updated_at,10,now(),NO,timestamp with time zone,pg_catalog,timestamptz,,,,6,,
postgres,public,configuration_publications,id,1,gen_random_uuid(),NO,uuid,pg_catalog,uuid,,,,,,
postgres,public,configuration_publications,org_id,2,,NO,uuid,pg_catalog,uuid,,,,,,
postgres,public,configuration_publications,domain_key,3,,NO,text,pg_catalog,text,,,,,,
postgres,public,configuration_publications,subject_id,4,,NO,uuid,pg_catalog,uuid,,,,,,
postgres,public,configuration_publications,revision_id,5,,NO,uuid,pg_catalog,uuid,,,,,,
postgres,public,configuration_publications,revision_number,6,,NO,integer,pg_catalog,int4,,32,0,,,
postgres,public,configuration_publications,payload_checksum,7,,NO,text,pg_catalog,text,,,,,,
postgres,public,configuration_publications,published_by,8,,YES,uuid,pg_catalog,uuid,,,,,,
postgres,public,configuration_publications,published_at,9,now(),NO,timestamp with time zone,pg_catalog,timestamptz,,,,6,,
postgres,public,configuration_publications,audit_event_id,10,,YES,uuid,pg_catalog,uuid,,,,,,
postgres,public,consumption_event_types,id,1,gen_random_uuid(),NO,uuid,pg_catalog,uuid,,,,,,
postgres,public,consumption_event_types,org_id,2,,YES,uuid,pg_catalog,uuid,,,,,,
postgres,public,consumption_event_types,event_key,3,,NO,text,pg_catalog,text,,,,,,
postgres,public,consumption_event_types,label,4,,NO,text,pg_catalog,text,,,,,,
postgres,public,consumption_event_types,source_family,5,,NO,text,pg_catalog,text,,,,,,
postgres,public,consumption_event_types,description,6,,YES,text,pg_catalog,text,,,,,,
postgres,public,consumption_event_types,charge_template_key,7,,YES,text,pg_catalog,text,,,,,,
postgres,public,consumption_event_types,default_responsibility_key,8,,YES,text,pg_catalog,text,,,,,,
postgres,public,consumption_event_types,is_active,9,true,NO,boolean,pg_catalog,bool,,,,,,
postgres,public,consumption_event_types,effective_start,10,'2000-01-01'::date,NO,date,pg_catalog,date,,,,0,,
postgres,public,consumption_event_types,effective_end,11,,YES,date,pg_catalog,date,,,,0,,
postgres,public,consumption_event_types,metadata,12,'{}'::jsonb,NO,jsonb,pg_catalog,jsonb,,,,,,
postgres,public,consumption_event_types,created_by,13,,YES,uuid,pg_catalog,uuid,,,,,,
postgres,public,consumption_event_types,updated_by,14,,YES,uuid,pg_catalog,uuid,,,,,,
postgres,public,consumption_event_types,created_at,15,now(),NO,timestamp with time zone,pg_catalog,timestamptz,,,,6,,
postgres,public,consumption_event_types,updated_at,16,now(),NO,timestamp with time zone,pg_catalog,timestamptz,,,,6,,
postgres,public,consumption_events,id,1,gen_random_uuid(),NO,uuid,pg_catalog,uuid,,,,,,
postgres,public,consumption_events,org_id,2,,NO,uuid,pg_catalog,uuid,,,,,,
postgres,public,consumption_events,location_id,3,,YES,uuid,pg_catalog,uuid,,,,,,
postgres,public,consumption_events,event_type_id,4,,YES,uuid,pg_catalog,uuid,,,,,,
postgres,public,consumption_events,source_family,5,,NO,text,pg_catalog,text,,,,,,
postgres,public,consumption_events,event_key,6,,NO,text,pg_catalog,text,,,,,,
postgres,public,consumption_events,source_entity_type,7,,NO,text,pg_catalog,text,,,,,,
postgres,public,consumption_events,source_entity_id,8,,NO,uuid,pg_catalog,uuid,,,,,,
postgres,public,consumption_events,subject_type,9,,YES,text,pg_catalog,text,,,,,,
postgres,public,consumption_events,subject_id,10,,YES,uuid,pg_catalog,uuid,,,,,,
postgres,public,consumption_events,occurs_on,11,,NO,date,pg_catalog,date,,,,0,,
postgres,public,consumption_events,effective_on,12,,YES,date,pg_catalog,date,,,,0,,
postgres,public,consumption_events,status,13,'recorded'::text,NO,text,pg_catalog,text,,,,,,
postgres,public,consumption_events,context,14,'{}'::jsonb,NO,jsonb,pg_catalog,jsonb,,,,,,
postgres,public,consumption_events,idempotency_key,15,,NO,text,pg_catalog,text,,,,,,
postgres,public,consumption_events,created_by,16,,YES,uuid,pg_catalog,uuid,,,,,,
postgres,public,consumption_events,updated_by,17,,YES,uuid,pg_catalog,uuid,,,,,,
postgres,public,consumption_events,created_at,18,now(),NO,timestamp with time zone,pg_catalog,timestamptz,,,,6,,
postgres,public,consumption_events,updated_at,19,now(),NO,timestamp with time zone,pg_catalog,timestamptz,,,,6,,
postgres,public,consumption_events,corrects_event_id,20,,YES,uuid,pg_catalog,uuid,,,,,,
postgres,public,contact_tags,contact_id,1,,NO,uuid,pg_catalog,uuid,,,,,,
postgres,public,contact_tags,tag_id,2,,NO,uuid,pg_catalog,uuid,,,,,,
postgres,public,contact_tags,created_at,3,now(),NO,timestamp with time zone,pg_catalog,timestamptz,,,,6,,
postgres,public,contacts,id,1,gen_random_uuid(),NO,uuid,pg_catalog,uuid,,,,,,
postgres,public,contacts,customer_id,2,,YES,uuid,pg_catalog,uuid,,,,,,
postgres,public,contacts,first_name,3,,YES,text,pg_catalog,text,,,,,,
postgres,public,contacts,last_name,4,,YES,text,pg_catalog,text,,,,,,
postgres,public,contacts,email,5,,YES,text,pg_catalog,text,,,,,,
postgres,public,contacts,phone,6,,YES,text,pg_catalog,text,,,,,,
postgres,public,contacts,company_name,7,,YES,text,pg_catalog,text,,,,,,
postgres,public,contacts,website,8,,YES,text,pg_catalog,text,,,,,,
postgres,public,contacts,timezone,9,,YES,text,pg_catalog,text,,,,,,
postgres,public,contacts,date_of_birth,10,,YES,date,pg_catalog,date,,,,0,,
postgres,public,contacts,source,11,,YES,text,pg_catalog,text,,,,,,
postgres,public,contacts,contact_type,12,,YES,text,pg_catalog,text,,,,,,
postgres,public,contacts,status,13,'active'::text,NO,text,pg_catalog,text,,,,,,
postgres,public,contacts,notes,14,,YES,text,pg_catalog,text,,,,,,
postgres,public,contacts,external_source,15,,YES,text,pg_catalog,text,,,,,,
postgres,public,contacts,external_id,16,,YES,text,pg_catalog,text,,,,,,
postgres,public,contacts,metadata,17,'{}'::jsonb,NO,jsonb,pg_catalog,jsonb,,,,,,
postgres,public,contacts,created_at,18,now(),NO,timestamp with time zone,pg_catalog,timestamptz,,,,6,,
postgres,public,contacts,updated_at,19,,YES,timestamp with time zone,pg_catalog,timestamptz,,,,6,,
postgres,public,contacts,org_id,20,,NO,uuid,pg_catalog,uuid,,,,,,
postgres,public,contacts,address_line1,21,,YES,text,pg_catalog,text,,,,,,
postgres,public,contacts,address_line2,22,,YES,text,pg_catalog,text,,,,,,
postgres,public,contacts,city,23,,YES,text,pg_catalog,text,,,,,,
postgres,public,contacts,state,24,,YES,text,pg_catalog,text,,,,,,
postgres,public,contacts,postal_code,25,,YES,text,pg_catalog,text,,,,,,
postgres,public,contacts,country,26,,YES,text,pg_catalog,text,,,,,,
postgres,public,contacts,address_source,27,,YES,text,pg_catalog,text,,,,,,
postgres,public,contacts,vendor_id,28,,YES,uuid,pg_catalog,uuid,,,,,,
postgres,public,contacts,vendor_contact_role,29,,YES,text,pg_catalog,text,,,,,,
postgres,public,contacts,archived_at,30,,YES,timestamp with time zone,pg_catalog,timestamptz,,,,6,,
postgres,public,contacts,archived_by,31,,YES,uuid,pg_catalog,uuid,,,,,,
postgres,public,contacts,status_key,32,,YES,text,pg_catalog,text,,,,,,
postgres,public,contacts,person_id,33,,YES,uuid,pg_catalog,uuid,,,,,,
postgres,public,conversation_assignment_events,id,1,gen_random_uuid(),NO,uuid,pg_catalog,uuid,,,,,,
postgres,public,conversation_assignment_events,org_id,2,,NO,uuid,pg_catalog,uuid,,,,,,
postgres,public,conversation_assignment_events,thread_id,3,,NO,uuid,pg_catalog,uuid,,,,,,
postgres,public,conversation_assignment_events,action,4,,NO,text,pg_catalog,text,,,,,,
postgres,public,conversation_assignment_events,from_user_id,5,,YES,uuid,pg_catalog,uuid,,,,,,
postgres,public,conversation_assignment_events,to_user_id,6,,YES,uuid,pg_catalog,uuid,,,,,,
postgres,public,conversation_assignment_events,to_team_id,7,,YES,uuid,pg_catalog,uuid,,,,,,
postgres,public,conversation_assignment_events,actor_user_id,8,,YES,uuid,pg_catalog,uuid,,,,,,
postgres,public,conversation_assignment_events,occurred_at,9,now(),NO,timestamp with time zone,pg_catalog,timestamptz,,,,6,,
postgres,public,conversation_assignment_events,metadata,10,'{}'::jsonb,NO,jsonb,pg_catalog,jsonb,,,,,,
postgres,public,customer_member_contact_roles,id,1,gen_random_uuid(),NO,uuid,pg_catalog,uuid,,,,,,
postgres,public,customer_member_contact_roles,org_id,2,,NO,uuid,pg_catalog,uuid,,,,,,
postgres,public,customer_member_contact_roles,role_key,3,,NO,text,pg_catalog,text,,,,,,
postgres,public,customer_member_contact_roles,role_label,4,,NO,text,pg_catalog,text,,,,,,
postgres,public,customer_member_contact_roles,sort_order,5,0,NO,integer,pg_catalog,int4,,32,0,,,
postgres,public,customer_member_contact_roles,is_active,6,true,NO,boolean,pg_catalog,bool,,,,,,
postgres,public,customer_member_contact_roles,created_at,7,now(),NO,timestamp with time zone,pg_catalog,timestamptz,,,,6,,
postgres,public,customer_member_contact_roles,updated_at,8,,YES,timestamp with time zone,pg_catalog,timestamptz,,,,6,,
postgres,public,customer_member_contacts,id,1,gen_random_uuid(),NO,uuid,pg_catalog,uuid,,,,,,
postgres,public,customer_member_contacts,org_id,2,,NO,uuid,pg_catalog,uuid,,,,,,
postgres,public,customer_member_contacts,customer_id,3,,NO,uuid,pg_catalog,uuid,,,,,,
postgres,public,customer_member_contacts,customer_member_id,4,,NO,uuid,pg_catalog,uuid,,,,,,
postgres,public,customer_member_contacts,contact_id,5,,NO,uuid,pg_catalog,uuid,,,,,,
postgres,public,customer_member_contacts,role_key,6,,NO,text,pg_catalog,text,,,,,,
postgres,public,customer_member_contacts,is_active,7,true,NO,boolean,pg_catalog,bool,,,,,,
postgres,public,customer_member_contacts,created_at,8,now(),NO,timestamp with time zone,pg_catalog,timestamptz,,,,6,,
postgres,public,customer_member_contacts,updated_at,9,,YES,timestamp with time zone,pg_catalog,timestamptz,,,,6,,
postgres,public,customer_member_relationship_types,id,1,gen_random_uuid(),NO,uuid,pg_catalog,uuid,,,,,,
postgres,public,customer_member_relationship_types,org_id,2,,NO,uuid,pg_catalog,uuid,,,,,,
postgres,public,customer_member_relationship_types,key,3,,NO,text,pg_catalog,text,,,,,,
postgres,public,customer_member_relationship_types,label,4,,NO,text,pg_catalog,text,,,,,,
postgres,public,customer_member_relationship_types,sort_order,5,100,NO,integer,pg_catalog,int4,,32,0,,,
postgres,public,customer_member_relationship_types,is_system,6,false,NO,boolean,pg_catalog,bool,,,,,,
postgres,public,customer_member_relationship_types,is_active,7,true,NO,boolean,pg_catalog,bool,,,,,,
postgres,public,customer_member_relationship_types,created_at,8,now(),NO,timestamp with time zone,pg_catalog,timestamptz,,,,6,,
postgres,public,customer_member_relationship_types,updated_at,9,,YES,timestamp with time zone,pg_catalog,timestamptz,,,,6,,
postgres,public,customer_members,id,1,gen_random_uuid(),NO,uuid,pg_catalog,uuid,,,,,,
postgres,public,customer_members,org_id,2,,NO,uuid,pg_catalog,uuid,,,,,,
postgres,public,customer_members,customer_id,3,,NO,uuid,pg_catalog,uuid,,,,,,
postgres,public,customer_members,display_name,4,,NO,text,pg_catalog,text,,,,,,
postgres,public,customer_members,relationship,5,,YES,text,pg_catalog,text,,,,,,
postgres,public,customer_members,first_name,6,,YES,text,pg_catalog,text,,,,,,
postgres,public,customer_members,last_name,7,,YES,text,pg_catalog,text,,,,,,
postgres,public,customer_members,dob,8,,YES,date,pg_catalog,date,,,,0,,
postgres,public,customer_members,is_active,9,true,NO,boolean,pg_catalog,bool,,,,,,
postgres,public,customer_members,metadata,10,'{}'::jsonb,NO,jsonb,pg_catalog,jsonb,,,,,,
postgres,public,customer_members,external_source,11,,YES,text,pg_catalog,text,,,,,,
postgres,public,customer_members,external_id,12,,YES,text,pg_catalog,text,,,,,,
postgres,public,customer_members,created_at,13,now(),NO,timestamp with time zone,pg_catalog,timestamptz,,,,6,,
postgres,public,customer_members,updated_at,14,,YES,timestamp with time zone,pg_catalog,timestamptz,,,,6,,
postgres,public,customer_members,status_key,15,,YES,text,pg_catalog,text,,,,,,
postgres,public,customer_members,person_id,16,,YES,uuid,pg_catalog,uuid,,,,,,
postgres,public,customer_payment_methods,id,1,gen_random_uuid(),NO,uuid,pg_catalog,uuid,,,,,,
postgres,public,customer_payment_methods,customer_id,2,,NO,uuid,pg_catalog,uuid,,,,,,
postgres,public,customer_payment_methods,stripe_payment_method_id,3,,NO,text,pg_catalog,text,,,,,,
postgres,public,customer_payment_methods,brand,4,,YES,text,pg_catalog,text,,,,,,
postgres,public,customer_payment_methods,last4,5,,YES,text,pg_catalog,text,,,,,,
postgres,public,customer_payment_methods,is_default,6,false,NO,boolean,pg_catalog,bool,,,,,,
postgres,public,customer_payment_methods,created_at,7,now(),NO,timestamp with time zone,pg_catalog,timestamptz,,,,6,,
postgres,public,customer_person_role_types,id,1,gen_random_uuid(),NO,uuid,pg_catalog,uuid,,,,,,
postgres,public,customer_person_role_types,org_id,2,,NO,uuid,pg_catalog,uuid,,,,,,
postgres,public,customer_person_role_types,key,3,,NO,text,pg_catalog,text,,,,,,
postgres,public,customer_person_role_types,label,4,,NO,text,pg_catalog,text,,,,,,
postgres,public,customer_person_role_types,description,5,,YES,text,pg_catalog,text,,,,,,
postgres,public,customer_person_role_types,sort_order,6,100,NO,integer,pg_catalog,int4,,32,0,,,
postgres,public,customer_person_role_types,is_system,7,false,NO,boolean,pg_catalog,bool,,,,,,
postgres,public,customer_person_role_types,is_active,8,true,NO,boolean,pg_catalog,bool,,,,,,
postgres,public,customer_person_role_types,metadata,9,'{}'::jsonb,NO,jsonb,pg_catalog,jsonb,,,,,,
postgres,public,customer_person_role_types,created_at,10,now(),NO,timestamp with time zone,pg_catalog,timestamptz,,,,6,,
postgres,public,customer_person_role_types,updated_at,11,now(),NO,timestamp with time zone,pg_catalog,timestamptz,,,,6,,
postgres,public,customer_person_role_types,vertical_id,12,,YES,uuid,pg_catalog,uuid,,,,,,
postgres,public,customer_person_role_types,industry_id,13,,YES,uuid,pg_catalog,uuid,,,,,,
postgres,public,customer_persons,id,1,gen_random_uuid(),NO,uuid,pg_catalog,uuid,,,,,,
postgres,public,customer_persons,org_id,2,,NO,uuid,pg_catalog,uuid,,,,,,
postgres,public,customer_persons,customer_id,3,,NO,uuid,pg_catalog,uuid,,,,,,
postgres,public,customer_persons,person_id,4,,NO,uuid,pg_catalog,uuid,,,,,,
postgres,public,customer_persons,role_type,5,,NO,text,pg_catalog,text,,,,,,
postgres,public,customer_persons,is_primary,6,false,NO,boolean,pg_catalog,bool,,,,,,
postgres,public,customer_persons,status,7,,YES,text,pg_catalog,text,,,,,,
postgres,public,customer_persons,start_date,8,,YES,date,pg_catalog,date,,,,0,,
postgres,public,customer_persons,end_date,9,,YES,date,pg_catalog,date,,,,0,,
postgres,public,customer_persons,metadata,10,'{}'::jsonb,NO,jsonb,pg_catalog,jsonb,,,,,,
postgres,public,customer_persons,created_at,11,now(),NO,timestamp with time zone,pg_catalog,timestamptz,,,,6,,
postgres,public,customer_persons,updated_at,12,,YES,timestamp with time zone,pg_catalog,timestamptz,,,,6,,
postgres,public,customer_subscriptions,id,1,gen_random_uuid(),NO,uuid,pg_catalog,uuid,,,,,,
postgres,public,customer_subscriptions,org_id,2,,NO,uuid,pg_catalog,uuid,,,,,,
postgres,public,customer_subscriptions,customer_id,3,,NO,uuid,pg_catalog,uuid,,,,,,
postgres,public,customer_subscriptions,primary_contact_id,4,,YES,uuid,pg_catalog,uuid,,,,,,
postgres,public,customer_subscriptions,vertical_id,5,,YES,uuid,pg_catalog,uuid,,,,,,
postgres,public,customer_subscriptions,status,6,'active'::text,NO,text,pg_catalog,text,,,,,,
postgres,public,customer_subscriptions,start_date,7,,NO,date,pg_catalog,date,,,,0,,
postgres,public,customer_subscriptions,end_date,8,,YES,date,pg_catalog,date,,,,0,,
postgres,public,customer_subscriptions,cadence,9,,NO,text,pg_catalog,text,,,,,,
postgres,public,customer_subscriptions,interval,10,1,NO,integer,pg_catalog,int4,,32,0,,,
postgres,public,customer_subscriptions,preferred_weekdays,11,,YES,ARRAY,pg_catalog,_text,,,,,,
postgres,public,customer_subscriptions,preferred_time_start,12,,YES,time without time zone,pg_catalog,time,,,,6,,
postgres,public,customer_subscriptions,preferred_time_end,13,,YES,time without time zone,pg_catalog,time,,,,6,,
postgres,public,customer_subscriptions,notes,14,,YES,text,pg_catalog,text,,,,,,
postgres,public,customer_subscriptions,metadata,15,'{}'::jsonb,NO,jsonb,pg_catalog,jsonb,,,,,,
postgres,public,customer_subscriptions,created_at,16,now(),NO,timestamp with time zone,pg_catalog,timestamptz,,,,6,,
postgres,public,customer_subscriptions,updated_at,17,now(),NO,timestamp with time zone,pg_catalog,timestamptz,,,,6,,
postgres,public,customer_tags,customer_id,1,,NO,uuid,pg_catalog,uuid,,,,,,
postgres,public,customer_tags,tag_id,2,,NO,uuid,pg_catalog,uuid,,,,,,
postgres,public,customer_tags,created_at,3,now(),NO,timestamp with time zone,pg_catalog,timestamptz,,,,6,,
postgres,public,customer_vertical_job_counters,customer_id,1,,NO,uuid,pg_catalog,uuid,,,,,,
postgres,public,customer_vertical_job_counters,vertical_id,2,,NO,uuid,pg_catalog,uuid,,,,,,
postgres,public,customer_vertical_job_counters,completed_count,3,0,NO,integer,pg_catalog,int4,,32,0,,,
postgres,public,customer_vertical_job_counters,updated_at,4,now(),NO,timestamp with time zone,pg_catalog,timestamptz,,,,6,,
postgres,public,customers,id,1,gen_random_uuid(),NO,uuid,pg_catalog,uuid,,,,,,
postgres,public,customers,vertical_id,2,,YES,uuid,pg_catalog,uuid,,,,,,
postgres,public,customers,name,3,,NO,text,pg_catalog,text,,,,,,
postgres,public,customers,customer_type,4,,YES,text,pg_catalog,text,,,,,,
postgres,public,customers,stripe_customer_id,6,,YES,text,pg_catalog,text,,,,,,
postgres,public,customers,external_source,7,,YES,text,pg_catalog,text,,,,,,
postgres,public,customers,external_id,8,,YES,text,pg_catalog,text,,,,,,
postgres,public,customers,metadata,9,'{}'::jsonb,NO,jsonb,pg_catalog,jsonb,,,,,,
postgres,public,customers,created_at,10,now(),NO,timestamp with time zone,pg_catalog,timestamptz,,,,6,,
postgres,public,customers,updated_at,11,,YES,timestamp with time zone,pg_catalog,timestamptz,,,,6,,
postgres,public,customers,primary_contact_id,12,,YES,uuid,pg_catalog,uuid,,,,,,
postgres,public,customers,org_id,13,,NO,uuid,pg_catalog,uuid,,,,,,
postgres,public,customers,default_payment_method_id,14,,YES,text,pg_catalog,text,,,,,,
postgres,public,customers,payment_method_last4,15,,YES,text,pg_catalog,text,,,,,,
postgres,public,customers,payment_method_brand,16,,YES,text,pg_catalog,text,,,,,,
postgres,public,customers,setup_intent_id,17,,YES,text,pg_catalog,text,,,,,,
postgres,public,customers,status_key,18,,YES,text,pg_catalog,text,,,,,,
postgres,public,customers,customer_number,19,,NO,bigint,pg_catalog,int8,,64,0,,,
postgres,public,departments,id,1,gen_random_uuid(),NO,uuid,pg_catalog,uuid,,,,,,
postgres,public,departments,org_id,2,,NO,uuid,pg_catalog,uuid,,,,,,
postgres,public,departments,key,3,,NO,text,pg_catalog,text,,,,,,
postgres,public,departments,name,4,,NO,text,pg_catalog,text,,,,,,
postgres,public,departments,description,5,,YES,text,pg_catalog,text,,,,,,
postgres,public,departments,sort_order,6,0,NO,integer,pg_catalog,int4,,32,0,,,
postgres,public,departments,is_active,7,true,NO,boolean,pg_catalog,bool,,,,,,
postgres,public,departments,metadata,8,'{}'::jsonb,NO,jsonb,pg_catalog,jsonb,,,,,,
postgres,public,departments,created_at,9,now(),NO,timestamp with time zone,pg_catalog,timestamptz,,,,6,,
postgres,public,departments,updated_at,10,,YES,timestamp with time zone,pg_catalog,timestamptz,,,,6,,
postgres,public,discount_applications,id,1,gen_random_uuid(),NO,uuid,pg_catalog,uuid,,,,,,
postgres,public,discount_applications,org_id,2,,NO,uuid,pg_catalog,uuid,,,,,,
postgres,public,discount_applications,discount_program_id,3,,NO,uuid,pg_catalog,uuid,,,,,,
postgres,public,discount_applications,customer_id,4,,YES,uuid,pg_catalog,uuid,,,,,,
postgres,public,discount_applications,opportunity_id,5,,YES,uuid,pg_catalog,uuid,,,,,,
postgres,public,discount_applications,job_id,6,,YES,uuid,pg_catalog,uuid,,,,,,
postgres,public,discount_applications,customer_subscription_id,7,,YES,uuid,pg_catalog,uuid,,,,,,
postgres,public,discount_applications,discount_commitment_id,8,,YES,uuid,pg_catalog,uuid,,,,,,
postgres,public,discount_applications,target_entity_type,9,,NO,text,pg_catalog,text,,,,,,
postgres,public,discount_applications,target_entity_id,10,,NO,uuid,pg_catalog,uuid,,,,,,
postgres,public,discount_applications,status,11,'proposed'::text,NO,text,pg_catalog,text,,,,,,
postgres,public,discount_applications,source,12,'system'::text,NO,text,pg_catalog,text,,,,,,
postgres,public,discount_applications,discount_amount_cents,13,,NO,integer,pg_catalog,int4,,32,0,,,
postgres,public,discount_applications,currency_code,14,'USD'::text,NO,text,pg_catalog,text,,,,,,
postgres,public,discount_applications,calculation_snapshot,15,'{}'::jsonb,NO,jsonb,pg_catalog,jsonb,,,,,,
postgres,public,discount_applications,reversal_reason,16,,YES,text,pg_catalog,text,,,,,,
postgres,public,discount_applications,applied_at,17,now(),NO,timestamp with time zone,pg_catalog,timestamptz,,,,6,,
postgres,public,discount_applications,created_at,18,now(),NO,timestamp with time zone,pg_catalog,timestamptz,,,,6,,
postgres,public,discount_applications,updated_at,19,now(),NO,timestamp with time zone,pg_catalog,timestamptz,,,,6,,
postgres,public,discount_applications,legacy_discount_redemption_id,20,,YES,uuid,pg_catalog,uuid,,,,,,
postgres,public,discount_applications,legacy_discount_code_id,21,,YES,uuid,pg_catalog,uuid,,,,,,
postgres,public,discount_codes,id,1,gen_random_uuid(),NO,uuid,pg_catalog,uuid,,,,,,
postgres,public,discount_codes,code,2,,NO,text,pg_catalog,text,,,,,,
postgres,public,discount_codes,is_active,3,true,NO,boolean,pg_catalog,bool,,,,,,
postgres,public,discount_codes,discount_type,4,,NO,text,pg_catalog,text,,,,,,
postgres,public,discount_codes,discount_value,5,,NO,numeric,pg_catalog,numeric,,10,2,,,
postgres,public,discount_codes,applies_to_vertical_slug,6,,YES,text,pg_catalog,text,,,,,,
postgres,public,discount_codes,first_job_only,7,true,NO,boolean,pg_catalog,bool,,,,,,
postgres,public,discount_codes,starts_at,8,,YES,timestamp with time zone,pg_catalog,timestamptz,,,,6,,
postgres,public,discount_codes,ends_at,9,,YES,timestamp with time zone,pg_catalog,timestamptz,,,,6,,
postgres,public,discount_codes,ghl_tag,10,,YES,text,pg_catalog,text,,,,,,
postgres,public,discount_codes,created_at,11,now(),NO,timestamp with time zone,pg_catalog,timestamptz,,,,6,,
postgres,public,discount_codes,updated_at,12,now(),NO,timestamp with time zone,pg_catalog,timestamptz,,,,6,,
postgres,public,discount_commitments,id,1,gen_random_uuid(),NO,uuid,pg_catalog,uuid,,,,,,
postgres,public,discount_commitments,org_id,2,,NO,uuid,pg_catalog,uuid,,,,,,
postgres,public,discount_commitments,discount_program_id,3,,NO,uuid,pg_catalog,uuid,,,,,,
postgres,public,discount_commitments,customer_id,4,,NO,uuid,pg_catalog,uuid,,,,,,
postgres,public,discount_commitments,customer_subscription_id,5,,YES,uuid,pg_catalog,uuid,,,,,,
postgres,public,discount_commitments,status,6,'pending'::text,NO,text,pg_catalog,text,,,,,,
postgres,public,discount_commitments,required_service_count,7,,NO,integer,pg_catalog,int4,,32,0,,,
postgres,public,discount_commitments,completed_service_count,8,0,NO,integer,pg_catalog,int4,,32,0,,,
postgres,public,discount_commitments,window_start_at,9,,NO,timestamp with time zone,pg_catalog,timestamptz,,,,6,,
postgres,public,discount_commitments,window_end_at,10,,NO,timestamp with time zone,pg_catalog,timestamptz,,,,6,,
postgres,public,discount_commitments,breach_policy,11,'none'::text,NO,text,pg_catalog,text,,,,,,
postgres,public,discount_commitments,granted_discount_application_id,12,,YES,uuid,pg_catalog,uuid,,,,,,
postgres,public,discount_commitments,metadata,13,'{}'::jsonb,NO,jsonb,pg_catalog,jsonb,,,,,,
postgres,public,discount_commitments,created_at,14,now(),NO,timestamp with time zone,pg_catalog,timestamptz,,,,6,,
postgres,public,discount_commitments,updated_at,15,now(),NO,timestamp with time zone,pg_catalog,timestamptz,,,,6,,
postgres,public,discount_program_benefits,id,1,gen_random_uuid(),NO,uuid,pg_catalog,uuid,,,,,,
postgres,public,discount_program_benefits,org_id,2,,NO,uuid,pg_catalog,uuid,,,,,,
postgres,public,discount_program_benefits,discount_program_id,3,,NO,uuid,pg_catalog,uuid,,,,,,
postgres,public,discount_program_benefits,benefit_type,4,,NO,text,pg_catalog,text,,,,,,
postgres,public,discount_program_benefits,applies_to,5,'order'::text,NO,text,pg_catalog,text,,,,,,
postgres,public,discount_program_benefits,service_index,6,,YES,integer,pg_catalog,int4,,32,0,,,
postgres,public,discount_program_benefits,amount_cents,7,,YES,integer,pg_catalog,int4,,32,0,,,
postgres,public,discount_program_benefits,percent_basis_points,8,,YES,integer,pg_catalog,int4,,32,0,,,
postgres,public,discount_program_benefits,max_discount_cents,9,,YES,integer,pg_catalog,int4,,32,0,,,
postgres,public,discount_program_benefits,metadata,10,'{}'::jsonb,NO,jsonb,pg_catalog,jsonb,,,,,,
postgres,public,discount_program_benefits,created_at,11,now(),NO,timestamp with time zone,pg_catalog,timestamptz,,,,6,,
postgres,public,discount_program_benefits,updated_at,12,now(),NO,timestamp with time zone,pg_catalog,timestamptz,,,,6,,
postgres,public,discount_program_commitment_rules,id,1,gen_random_uuid(),NO,uuid,pg_catalog,uuid,,,,,,
postgres,public,discount_program_commitment_rules,org_id,2,,NO,uuid,pg_catalog,uuid,,,,,,
postgres,public,discount_program_commitment_rules,discount_program_id,3,,NO,uuid,pg_catalog,uuid,,,,,,
postgres,public,discount_program_commitment_rules,enrollment_mode,4,'automatic'::text,NO,text,pg_catalog,text,,,,,,
postgres,public,discount_program_commitment_rules,commitment_start_mode,5,'first_service_completed'::text,NO,text,pg_catalog,text,,,,,,
postgres,public,discount_program_commitment_rules,benefit_grant_timing,6,'upfront'::text,NO,text,pg_catalog,text,,,,,,
postgres,public,discount_program_commitment_rules,required_service_count,7,,NO,integer,pg_catalog,int4,,32,0,,,
postgres,public,discount_program_commitment_rules,timeframe_days,8,,NO,integer,pg_catalog,int4,,32,0,,,
postgres,public,discount_program_commitment_rules,qualifying_service_status,9,'completed'::text,NO,text,pg_catalog,text,,,,,,
postgres,public,discount_program_commitment_rules,breach_policy,10,'manual_review'::text,NO,text,pg_catalog,text,,,,,,
postgres,public,discount_program_commitment_rules,max_redemptions_per_customer,11,,YES,integer,pg_catalog,int4,,32,0,,,
postgres,public,discount_program_commitment_rules,metadata,12,'{}'::jsonb,NO,jsonb,pg_catalog,jsonb,,,,,,
postgres,public,discount_program_commitment_rules,created_at,13,now(),NO,timestamp with time zone,pg_catalog,timestamptz,,,,6,,
postgres,public,discount_program_commitment_rules,updated_at,14,now(),NO,timestamp with time zone,pg_catalog,timestamptz,,,,6,,
postgres,public,discount_program_qualifiers,id,1,gen_random_uuid(),NO,uuid,pg_catalog,uuid,,,,,,
postgres,public,discount_program_qualifiers,org_id,2,,NO,uuid,pg_catalog,uuid,,,,,,
postgres,public,discount_program_qualifiers,discount_program_id,3,,NO,uuid,pg_catalog,uuid,,,,,,
postgres,public,discount_program_qualifiers,qualifier_type,4,,NO,text,pg_catalog,text,,,,,,
postgres,public,discount_program_qualifiers,operator,5,'eq'::text,NO,text,pg_catalog,text,,,,,,
postgres,public,discount_program_qualifiers,value_json,6,'{}'::jsonb,NO,jsonb,pg_catalog,jsonb,,,,,,
postgres,public,discount_program_qualifiers,sort_order,7,1,NO,integer,pg_catalog,int4,,32,0,,,
postgres,public,discount_program_qualifiers,metadata,8,'{}'::jsonb,NO,jsonb,pg_catalog,jsonb,,,,,,
postgres,public,discount_program_qualifiers,created_at,9,now(),NO,timestamp with time zone,pg_catalog,timestamptz,,,,6,,
postgres,public,discount_program_qualifiers,updated_at,10,now(),NO,timestamp with time zone,pg_catalog,timestamptz,,,,6,,
postgres,public,discount_programs,id,1,gen_random_uuid(),NO,uuid,pg_catalog,uuid,,,,,,
postgres,public,discount_programs,org_id,2,,NO,uuid,pg_catalog,uuid,,,,,,
postgres,public,discount_programs,name,3,,NO,text,pg_catalog,text,,,,,,
postgres,public,discount_programs,code,4,,YES,text,pg_catalog,text,,,,,,
postgres,public,discount_programs,description,5,,YES,text,pg_catalog,text,,,,,,
postgres,public,discount_programs,status,6,'draft'::text,NO,text,pg_catalog,text,,,,,,
postgres,public,discount_programs,program_type,7,'code'::text,NO,text,pg_catalog,text,,,,,,
postgres,public,discount_programs,stacking_mode,8,'exclusive'::text,NO,text,pg_catalog,text,,,,,,
postgres,public,discount_programs,priority,9,100,NO,integer,pg_catalog,int4,,32,0,,,
postgres,public,discount_programs,valid_from,10,,YES,timestamp with time zone,pg_catalog,timestamptz,,,,6,,
postgres,public,discount_programs,valid_to,11,,YES,timestamp with time zone,pg_catalog,timestamptz,,,,6,,
postgres,public,discount_programs,max_total_uses,12,,YES,integer,pg_catalog,int4,,32,0,,,
postgres,public,discount_programs,max_uses_per_customer,13,,YES,integer,pg_catalog,int4,,32,0,,,
postgres,public,discount_programs,first_time_customer_only,14,false,NO,boolean,pg_catalog,bool,,,,,,
postgres,public,discount_programs,auto_apply,15,false,NO,boolean,pg_catalog,bool,,,,,,
postgres,public,discount_programs,applies_to_entity_type,16,'job'::text,NO,text,pg_catalog,text,,,,,,
postgres,public,discount_programs,metadata,17,'{}'::jsonb,NO,jsonb,pg_catalog,jsonb,,,,,,
postgres,public,discount_programs,created_at,18,now(),NO,timestamp with time zone,pg_catalog,timestamptz,,,,6,,
postgres,public,discount_programs,updated_at,19,now(),NO,timestamp with time zone,pg_catalog,timestamptz,,,,6,,
postgres,public,discount_programs,legacy_discount_code_id,20,,YES,uuid,pg_catalog,uuid,,,,,,
postgres,public,discount_programs_admin_v,id,1,,YES,uuid,pg_catalog,uuid,,,,,,
postgres,public,discount_programs_admin_v,org_id,2,,YES,uuid,pg_catalog,uuid,,,,,,
postgres,public,discount_programs_admin_v,name,3,,YES,text,pg_catalog,text,,,,,,
postgres,public,discount_programs_admin_v,code,4,,YES,text,pg_catalog,text,,,,,,
postgres,public,discount_programs_admin_v,description,5,,YES,text,pg_catalog,text,,,,,,
postgres,public,discount_programs_admin_v,status,6,,YES,text,pg_catalog,text,,,,,,
postgres,public,discount_programs_admin_v,program_type,7,,YES,text,pg_catalog,text,,,,,,
postgres,public,discount_programs_admin_v,stacking_mode,8,,YES,text,pg_catalog,text,,,,,,
postgres,public,discount_programs_admin_v,priority,9,,YES,integer,pg_catalog,int4,,32,0,,,
postgres,public,discount_programs_admin_v,valid_from,10,,YES,timestamp with time zone,pg_catalog,timestamptz,,,,6,,
postgres,public,discount_programs_admin_v,valid_to,11,,YES,timestamp with time zone,pg_catalog,timestamptz,,,,6,,
postgres,public,discount_programs_admin_v,first_time_customer_only,12,,YES,boolean,pg_catalog,bool,,,,,,
postgres,public,discount_programs_admin_v,auto_apply,13,,YES,boolean,pg_catalog,bool,,,,,,
postgres,public,discount_programs_admin_v,applies_to_entity_type,14,,YES,text,pg_catalog,text,,,,,,
postgres,public,discount_programs_admin_v,legacy_discount_code_id,15,,YES,uuid,pg_catalog,uuid,,,,,,
postgres,public,discount_programs_admin_v,is_legacy_migrated,16,,YES,boolean,pg_catalog,bool,,,,,,
postgres,public,discount_programs_admin_v,metadata,17,,YES,jsonb,pg_catalog,jsonb,,,,,,
postgres,public,discount_programs_admin_v,created_at,18,,YES,timestamp with time zone,pg_catalog,timestamptz,,,,6,,
postgres,public,discount_programs_admin_v,updated_at,19,,YES,timestamp with time zone,pg_catalog,timestamptz,,,,6,,
postgres,public,discount_programs_admin_v,primary_benefit_id,20,,YES,uuid,pg_catalog,uuid,,,,,,
postgres,public,discount_programs_admin_v,primary_benefit_type,21,,YES,text,pg_catalog,text,,,,,,
postgres,public,discount_programs_admin_v,primary_benefit_applies_to,22,,YES,text,pg_catalog,text,,,,,,
postgres,public,discount_programs_admin_v,primary_benefit_service_index,23,,YES,integer,pg_catalog,int4,,32,0,,,
postgres,public,discount_programs_admin_v,primary_benefit_amount_cents,24,,YES,integer,pg_catalog,int4,,32,0,,,
postgres,public,discount_programs_admin_v,primary_benefit_percent_basis_points,25,,YES,integer,pg_catalog,int4,,32,0,,,
postgres,public,discount_programs_admin_v,primary_benefit_max_discount_cents,26,,YES,integer,pg_catalog,int4,,32,0,,,
postgres,public,discount_programs_admin_v,commitment_rule_id,27,,YES,uuid,pg_catalog,uuid,,,,,,
postgres,public,discount_programs_admin_v,enrollment_mode,28,,YES,text,pg_catalog,text,,,,,,
postgres,public,discount_programs_admin_v,commitment_start_mode,29,,YES,text,pg_catalog,text,,,,,,
postgres,public,discount_programs_admin_v,benefit_grant_timing,30,,YES,text,pg_catalog,text,,,,,,
postgres,public,discount_programs_admin_v,required_service_count,31,,YES,integer,pg_catalog,int4,,32,0,,,
postgres,public,discount_programs_admin_v,timeframe_days,32,,YES,integer,pg_catalog,int4,,32,0,,,
postgres,public,discount_programs_admin_v,qualifying_service_status,33,,YES,text,pg_catalog,text,,,,,,
postgres,public,discount_programs_admin_v,breach_policy,34,,YES,text,pg_catalog,text,,,,,,
postgres,public,discount_programs_admin_v,max_redemptions_per_customer,35,,YES,integer,pg_catalog,int4,,32,0,,,
postgres,public,discount_programs_admin_v,qualifiers,36,,YES,jsonb,pg_catalog,jsonb,,,,,,
postgres,public,discount_programs_admin_v,benefits,37,,YES,jsonb,pg_catalog,jsonb,,,,,,
postgres,public,discount_redemptions,id,1,gen_random_uuid(),NO,uuid,pg_catalog,uuid,,,,,,
postgres,public,discount_redemptions,discount_code_id,2,,YES,uuid,pg_catalog,uuid,,,,,,
postgres,public,discount_redemptions,discount_code,3,,NO,text,pg_catalog,text,,,,,,
postgres,public,discount_redemptions,contact_id,4,,YES,uuid,pg_catalog,uuid,,,,,,
postgres,public,discount_redemptions,opportunity_id,5,,YES,uuid,pg_catalog,uuid,,,,,,
postgres,public,discount_redemptions,job_id,6,,YES,uuid,pg_catalog,uuid,,,,,,
postgres,public,discount_redemptions,quote_subtotal,7,,YES,numeric,pg_catalog,numeric,,10,2,,,
postgres,public,discount_redemptions,discount_amount,8,,YES,numeric,pg_catalog,numeric,,10,2,,,
postgres,public,discount_redemptions,quote_total,9,,YES,numeric,pg_catalog,numeric,,10,2,,,
postgres,public,discount_redemptions,created_at,10,now(),NO,timestamp with time zone,pg_catalog,timestamptz,,,,6,,
postgres,public,discount_redemptions,customer_id,11,,YES,uuid,pg_catalog,uuid,,,,,,
postgres,public,discount_redemptions,booking_attempt_id,12,,YES,uuid,pg_catalog,uuid,,,,,,
postgres,public,discount_redemptions,discount_program_id,13,,YES,uuid,pg_catalog,uuid,,,,,,
postgres,public,discounts,id,1,gen_random_uuid(),NO,uuid,pg_catalog,uuid,,,,,,
postgres,public,discounts,campaign_id,2,,YES,uuid,pg_catalog,uuid,,,,,,
postgres,public,discounts,code,3,,NO,text,pg_catalog,text,,,,,,
postgres,public,discounts,discount_type,4,,NO,text,pg_catalog,text,,,,,,
postgres,public,discounts,discount_value,5,,NO,numeric,pg_catalog,numeric,,,,,,
postgres,public,discounts,max_uses,6,,YES,integer,pg_catalog,int4,,32,0,,,
postgres,public,discounts,uses_count,7,0,NO,integer,pg_catalog,int4,,32,0,,,
postgres,public,discounts,starts_at,8,,YES,date,pg_catalog,date,,,,0,,
postgres,public,discounts,ends_at,9,,YES,date,pg_catalog,date,,,,0,,
postgres,public,discounts,is_active,10,true,NO,boolean,pg_catalog,bool,,,,,,
postgres,public,discounts,metadata,11,'{}'::jsonb,NO,jsonb,pg_catalog,jsonb,,,,,,
postgres,public,discounts,created_at,12,now(),NO,timestamp with time zone,pg_catalog,timestamptz,,,,6,,
postgres,public,discounts,updated_at,13,,YES,timestamp with time zone,pg_catalog,timestamptz,,,,6,,
postgres,public,document_field_definitions,id,1,gen_random_uuid(),NO,uuid,pg_catalog,uuid,,,,,,
postgres,public,document_field_definitions,org_id,2,,NO,uuid,pg_catalog,uuid,,,,,,
postgres,public,document_field_definitions,doc_type,3,,NO,text,pg_catalog,text,,,,,,
postgres,public,document_field_definitions,field_key,4,,NO,text,pg_catalog,text,,,,,,
postgres,public,document_field_definitions,field_label,5,,NO,text,pg_catalog,text,,,,,,
postgres,public,document_field_definitions,field_type,6,,NO,text,pg_catalog,text,,,,,,
postgres,public,document_field_definitions,is_required,7,false,NO,boolean,pg_catalog,bool,,,,,,
postgres,public,document_field_definitions,is_ai_extractable,8,false,NO,boolean,pg_catalog,bool,,,,,,
postgres,public,document_field_definitions,extraction_hint,9,,YES,text,pg_catalog,text,,,,,,
postgres,public,document_field_definitions,sort_order,10,,YES,integer,pg_catalog,int4,,32,0,,,
postgres,public,document_field_definitions,metadata,11,'{}'::jsonb,NO,jsonb,pg_catalog,jsonb,,,,,,
postgres,public,document_field_definitions,created_at,12,now(),NO,timestamp with time zone,pg_catalog,timestamptz,,,,6,,
postgres,public,document_field_definitions,updated_at,13,,YES,timestamp with time zone,pg_catalog,timestamptz,,,,6,,
postgres,public,document_field_values,id,1,gen_random_uuid(),NO,uuid,pg_catalog,uuid,,,,,,
postgres,public,document_field_values,org_id,2,,NO,uuid,pg_catalog,uuid,,,,,,
postgres,public,document_field_values,document_id,3,,NO,uuid,pg_catalog,uuid,,,,,,
postgres,public,document_field_values,field_definition_id,4,,YES,uuid,pg_catalog,uuid,,,,,,
postgres,public,document_field_values,field_key,5,,NO,text,pg_catalog,text,,,,,,
postgres,public,document_field_values,value_text,6,,YES,text,pg_catalog,text,,,,,,
postgres,public,document_field_values,value_number,7,,YES,numeric,pg_catalog,numeric,,,,,,
postgres,public,document_field_values,value_boolean,8,,YES,boolean,pg_catalog,bool,,,,,,
postgres,public,document_field_values,value_date,9,,YES,timestamp with time zone,pg_catalog,timestamptz,,,,6,,
postgres,public,document_field_values,metadata,10,'{}'::jsonb,NO,jsonb,pg_catalog,jsonb,,,,,,
postgres,public,document_field_values,created_at,11,now(),NO,timestamp with time zone,pg_catalog,timestamptz,,,,6,,
postgres,public,document_field_values,updated_at,12,,YES,timestamp with time zone,pg_catalog,timestamptz,,,,6,,
postgres,public,document_versions,id,1,gen_random_uuid(),NO,uuid,pg_catalog,uuid,,,,,,
postgres,public,document_versions,org_id,2,,NO,uuid,pg_catalog,uuid,,,,,,
postgres,public,document_versions,document_id,3,,NO,uuid,pg_catalog,uuid,,,,,,
postgres,public,document_versions,version_number,4,,NO,integer,pg_catalog,int4,,32,0,,,
postgres,public,document_versions,storage_path,5,,YES,text,pg_catalog,text,,,,,,
postgres,public,document_versions,original_filename,6,,YES,text,pg_catalog,text,,,,,,
postgres,public,document_versions,mime_type,7,,YES,text,pg_catalog,text,,,,,,
postgres,public,document_versions,byte_size,8,,YES,bigint,pg_catalog,int8,,64,0,,,
postgres,public,document_versions,checksum_sha256,9,,YES,text,pg_catalog,text,,,,,,
postgres,public,document_versions,metadata,10,'{}'::jsonb,NO,jsonb,pg_catalog,jsonb,,,,,,
postgres,public,document_versions,created_at,11,now(),NO,timestamp with time zone,pg_catalog,timestamptz,,,,6,,
postgres,public,documents,id,1,gen_random_uuid(),NO,uuid,pg_catalog,uuid,,,,,,
postgres,public,documents,org_id,2,,NO,uuid,pg_catalog,uuid,,,,,,
postgres,public,documents,owner_contact_id,3,,YES,uuid,pg_catalog,uuid,,,,,,
postgres,public,documents,entity_type,4,,YES,text,pg_catalog,text,,,,,,
postgres,public,documents,entity_id,5,,YES,uuid,pg_catalog,uuid,,,,,,
postgres,public,documents,doc_type,6,,YES,text,pg_catalog,text,,,,,,
postgres,public,documents,title,7,,YES,text,pg_catalog,text,,,,,,
postgres,public,documents,original_filename,8,,YES,text,pg_catalog,text,,,,,,
postgres,public,documents,mime_type,9,,YES,text,pg_catalog,text,,,,,,
postgres,public,documents,byte_size,10,,YES,bigint,pg_catalog,int8,,64,0,,,
postgres,public,documents,bucket,11,,YES,text,pg_catalog,text,,,,,,
postgres,public,documents,storage_path,12,,YES,text,pg_catalog,text,,,,,,
postgres,public,documents,public_url,13,,YES,text,pg_catalog,text,,,,,,
postgres,public,documents,checksum_sha256,14,,YES,text,pg_catalog,text,,,,,,
postgres,public,documents,status,15,'uploaded'::text,NO,text,pg_catalog,text,,,,,,
postgres,public,documents,metadata,16,'{}'::jsonb,NO,jsonb,pg_catalog,jsonb,,,,,,
postgres,public,documents,created_at,17,now(),NO,timestamp with time zone,pg_catalog,timestamptz,,,,6,,
postgres,public,documents,updated_at,18,,YES,timestamp with time zone,pg_catalog,timestamptz,,,,6,,
postgres,public,documents,extracted_text,19,,YES,text,pg_catalog,text,,,,,,
postgres,public,documents,extracted_data,20,'{}'::jsonb,NO,jsonb,pg_catalog,jsonb,,,,,,
postgres,public,documents,extraction_status,21,,YES,text,pg_catalog,text,,,,,,
postgres,public,documents,extraction_provider,22,,YES,text,pg_catalog,text,,,,,,
postgres,public,documents,extraction_error,23,,YES,text,pg_catalog,text,,,,,,
postgres,public,documents,extracted_at,24,,YES,timestamp with time zone,pg_catalog,timestamptz,,,,6,,
postgres,public,documents,generated_from_document_id,25,,YES,uuid,pg_catalog,uuid,,,,,,
postgres,public,documents,template_key,26,,YES,text,pg_catalog,text,,,,,,
postgres,public,entity_labels,id,1,gen_random_uuid(),NO,uuid,pg_catalog,uuid,,,,,,
postgres,public,entity_labels,org_id,2,,NO,uuid,pg_catalog,uuid,,,,,,
postgres,public,entity_labels,entity_type,3,,NO,text,pg_catalog,text,,,,,,
postgres,public,entity_labels,singular,4,,NO,text,pg_catalog,text,,,,,,
postgres,public,entity_labels,plural,5,,NO,text,pg_catalog,text,,,,,,
postgres,public,entity_labels,created_at,6,now(),NO,timestamp with time zone,pg_catalog,timestamptz,,,,6,,
postgres,public,entity_labels,updated_at,7,,YES,timestamp with time zone,pg_catalog,timestamptz,,,,6,,
postgres,public,entity_layouts,id,1,gen_random_uuid(),NO,uuid,pg_catalog,uuid,,,,,,
postgres,public,entity_layouts,org_id,2,,YES,uuid,pg_catalog,uuid,,,,,,
postgres,public,entity_layouts,industry_key,3,,YES,text,pg_catalog,text,,,,,,
postgres,public,entity_layouts,entity_type,4,,NO,text,pg_catalog,text,,,,,,
postgres,public,entity_layouts,surface,5,,NO,text,pg_catalog,text,,,,,,
postgres,public,entity_layouts,layout_key,6,'default'::text,NO,text,pg_catalog,text,,,,,,
postgres,public,entity_layouts,name,7,'Untitled layout'::text,NO,text,pg_catalog,text,,,,,,
postgres,public,entity_layouts,version,8,1,NO,integer,pg_catalog,int4,,32,0,,,
postgres,public,entity_layouts,status,9,'draft'::text,NO,text,pg_catalog,text,,,,,,
postgres,public,entity_layouts,is_system_default,10,false,NO,boolean,pg_catalog,bool,,,,,,
postgres,public,entity_layouts,doc,11,'{}'::jsonb,NO,jsonb,pg_catalog,jsonb,,,,,,
postgres,public,entity_layouts,metadata,12,'{}'::jsonb,NO,jsonb,pg_catalog,jsonb,,,,,,
postgres,public,entity_layouts,created_by,13,,YES,uuid,pg_catalog,uuid,,,,,,
postgres,public,entity_layouts,created_at,14,now(),NO,timestamp with time zone,pg_catalog,timestamptz,,,,6,,
postgres,public,entity_layouts,updated_at,15,,YES,timestamp with time zone,pg_catalog,timestamptz,,,,6,,
postgres,public,entity_layouts,published_at,16,,YES,timestamp with time zone,pg_catalog,timestamptz,,,,6,,
postgres,public,external_mappings,id,1,gen_random_uuid(),NO,uuid,pg_catalog,uuid,,,,,,
postgres,public,external_mappings,source,2,,NO,text,pg_catalog,text,,,,,,
postgres,public,external_mappings,entity_type,3,,NO,text,pg_catalog,text,,,,,,
postgres,public,external_mappings,external_id,4,,NO,text,pg_catalog,text,,,,,,
postgres,public,external_mappings,internal_table,5,,NO,text,pg_catalog,text,,,,,,
postgres,public,external_mappings,internal_id,6,,NO,uuid,pg_catalog,uuid,,,,,,
postgres,public,external_mappings,last_synced_at,7,,YES,timestamp with time zone,pg_catalog,timestamptz,,,,6,,
postgres,public,external_mappings,sync_hash,8,,YES,text,pg_catalog,text,,,,,,
postgres,public,external_mappings,raw,9,'{}'::jsonb,NO,jsonb,pg_catalog,jsonb,,,,,,
postgres,public,external_mappings,created_at,10,now(),NO,timestamp with time zone,pg_catalog,timestamptz,,,,6,,
postgres,public,field_definitions,id,1,gen_random_uuid(),NO,uuid,pg_catalog,uuid,,,,,,
postgres,public,field_definitions,org_id,2,,NO,uuid,pg_catalog,uuid,,,,,,
postgres,public,field_definitions,entity_type,3,,NO,text,pg_catalog,text,,,,,,
postgres,public,field_definitions,field_key,4,,NO,text,pg_catalog,text,,,,,,
postgres,public,field_definitions,label,5,,NO,text,pg_catalog,text,,,,,,
postgres,public,field_definitions,description,6,,YES,text,pg_catalog,text,,,,,,
postgres,public,field_definitions,field_type,7,,NO,text,pg_catalog,text,,,,,,
postgres,public,field_definitions,is_system,8,false,NO,boolean,pg_catalog,bool,,,,,,
postgres,public,field_definitions,is_required,9,false,NO,boolean,pg_catalog,bool,,,,,,
postgres,public,field_definitions,is_active,10,true,NO,boolean,pg_catalog,bool,,,,,,
postgres,public,field_definitions,is_visible_in_form,11,true,NO,boolean,pg_catalog,bool,,,,,,
postgres,public,field_definitions,is_visible_in_drawer,12,true,NO,boolean,pg_catalog,bool,,,,,,
postgres,public,field_definitions,is_visible_in_table,13,false,NO,boolean,pg_catalog,bool,,,,,,
postgres,public,field_definitions,is_filterable,14,false,NO,boolean,pg_catalog,bool,,,,,,
postgres,public,field_definitions,is_sortable,15,false,NO,boolean,pg_catalog,bool,,,,,,
postgres,public,field_definitions,section_key,16,,YES,text,pg_catalog,text,,,,,,
postgres,public,field_definitions,sort_order,17,100,NO,integer,pg_catalog,int4,,32,0,,,
postgres,public,field_definitions,placeholder,18,,YES,text,pg_catalog,text,,,,,,
postgres,public,field_definitions,help_text,19,,YES,text,pg_catalog,text,,,,,,
postgres,public,field_definitions,config,20,'{}'::jsonb,NO,jsonb,pg_catalog,jsonb,,,,,,
postgres,public,field_definitions,created_at,21,now(),NO,timestamp with time zone,pg_catalog,timestamptz,,,,6,,
postgres,public,field_definitions,updated_at,22,,YES,timestamp with time zone,pg_catalog,timestamptz,,,,6,,
postgres,public,field_definitions,is_visible_in_public_booking,23,false,NO,boolean,pg_catalog,bool,,,,,,
postgres,public,field_definitions,requirement_policy,24,,YES,jsonb,pg_catalog,jsonb,,,,,,
postgres,public,field_definitions,interaction_policy,25,,YES,jsonb,pg_catalog,jsonb,,,,,,
postgres,public,field_section_definitions,id,1,gen_random_uuid(),NO,uuid,pg_catalog,uuid,,,,,,
postgres,public,field_section_definitions,org_id,2,,NO,uuid,pg_catalog,uuid,,,,,,
postgres,public,field_section_definitions,entity_type,3,,NO,text,pg_catalog,text,,,,,,
postgres,public,field_section_definitions,section_key,4,,NO,text,pg_catalog,text,,,,,,
postgres,public,field_section_definitions,label,5,,NO,text,pg_catalog,text,,,,,,
postgres,public,field_section_definitions,description,6,,YES,text,pg_catalog,text,,,,,,
postgres,public,field_section_definitions,sort_order,7,100,NO,integer,pg_catalog,int4,,32,0,,,
postgres,public,field_section_definitions,created_at,8,now(),NO,timestamp with time zone,pg_catalog,timestamptz,,,,6,,
postgres,public,field_section_definitions,updated_at,9,,YES,timestamp with time zone,pg_catalog,timestamptz,,,,6,,
postgres,public,field_section_definitions,is_archived,10,false,NO,boolean,pg_catalog,bool,,,,,,
postgres,public,field_section_definitions,section_config,11,'{}'::jsonb,NO,jsonb,pg_catalog,jsonb,,,,,,
postgres,public,field_values,id,1,gen_random_uuid(),NO,uuid,pg_catalog,uuid,,,,,,
postgres,public,field_values,org_id,2,,NO,uuid,pg_catalog,uuid,,,,,,
postgres,public,field_values,field_definition_id,3,,NO,uuid,pg_catalog,uuid,,,,,,
postgres,public,field_values,entity_type,4,,NO,text,pg_catalog,text,,,,,,
postgres,public,field_values,entity_id,5,,NO,uuid,pg_catalog,uuid,,,,,,
postgres,public,field_values,value_text,6,,YES,text,pg_catalog,text,,,,,,
postgres,public,field_values,value_number,7,,YES,numeric,pg_catalog,numeric,,,,,,
postgres,public,field_values,value_boolean,8,,YES,boolean,pg_catalog,bool,,,,,,
postgres,public,field_values,value_date,9,,YES,date,pg_catalog,date,,,,0,,
postgres,public,field_values,value_json,10,,YES,jsonb,pg_catalog,jsonb,,,,,,
postgres,public,field_values,created_at,11,now(),NO,timestamp with time zone,pg_catalog,timestamptz,,,,6,,
postgres,public,field_values,updated_at,12,,YES,timestamp with time zone,pg_catalog,timestamptz,,,,6,,
postgres,public,financial_charge_templates,id,1,gen_random_uuid(),NO,uuid,pg_catalog,uuid,,,,,,
postgres,public,financial_charge_templates,org_id,2,,NO,uuid,pg_catalog,uuid,,,,,,
postgres,public,financial_charge_templates,service_id,3,,YES,uuid,pg_catalog,uuid,,,,,,
postgres,public,financial_charge_templates,template_key,4,,NO,text,pg_catalog,text,,,,,,
postgres,public,financial_charge_templates,label,5,,NO,text,pg_catalog,text,,,,,,
postgres,public,financial_charge_templates,description,6,,YES,text,pg_catalog,text,,,,,,
postgres,public,financial_charge_templates,charge_category,7,,NO,text,pg_catalog,text,,,,,,
postgres,public,financial_charge_templates,trigger_type,8,,NO,text,pg_catalog,text,,,,,,
postgres,public,financial_charge_templates,trigger_key,9,,YES,text,pg_catalog,text,,,,,,
postgres,public,financial_charge_templates,amount_strategy,10,,NO,text,pg_catalog,text,,,,,,
postgres,public,financial_charge_templates,amount_cents,11,,YES,bigint,pg_catalog,int8,,64,0,,,
postgres,public,financial_charge_templates,currency_code,12,'USD'::text,NO,text,pg_catalog,text,,,,,,
postgres,public,financial_charge_templates,occurs_on_strategy,13,'now'::text,NO,text,pg_catalog,text,,,,,,
postgres,public,financial_charge_templates,billable_on_strategy,14,'immediate'::text,NO,text,pg_catalog,text,,,,,,
postgres,public,financial_charge_templates,billable_offset_days,15,,YES,integer,pg_catalog,int4,,32,0,,,
postgres,public,financial_charge_templates,default_gl_mapping_key,16,,YES,text,pg_catalog,text,,,,,,
postgres,public,financial_charge_templates,default_responsibility_key,17,,YES,text,pg_catalog,text,,,,,,
postgres,public,financial_charge_templates,review_required,18,false,NO,boolean,pg_catalog,bool,,,,,,
postgres,public,financial_charge_templates,is_active,19,true,NO,boolean,pg_catalog,bool,,,,,,
postgres,public,financial_charge_templates,effective_start,20,,NO,date,pg_catalog,date,,,,0,,
postgres,public,financial_charge_templates,effective_end,21,,YES,date,pg_catalog,date,,,,0,,
postgres,public,financial_charge_templates,source_key,22,'config'::text,NO,text,pg_catalog,text,,,,,,
postgres,public,financial_charge_templates,metadata,23,'{}'::jsonb,NO,jsonb,pg_catalog,jsonb,,,,,,
postgres,public,financial_charge_templates,created_by,24,,YES,uuid,pg_catalog,uuid,,,,,,
postgres,public,financial_charge_templates,updated_by,25,,YES,uuid,pg_catalog,uuid,,,,,,
postgres,public,financial_charge_templates,created_at,26,now(),NO,timestamp with time zone,pg_catalog,timestamptz,,,,6,,
postgres,public,financial_charge_templates,updated_at,27,now(),NO,timestamp with time zone,pg_catalog,timestamptz,,,,6,,
postgres,public,financial_policies,id,1,gen_random_uuid(),NO,uuid,pg_catalog,uuid,,,,,,
postgres,public,financial_policies,org_id,2,,NO,uuid,pg_catalog,uuid,,,,,,
postgres,public,financial_policies,scope_type,3,,NO,text,pg_catalog,text,,,,,,
postgres,public,financial_policies,location_id,4,,YES,uuid,pg_catalog,uuid,,,,,,
postgres,public,financial_policies,service_id,5,,YES,uuid,pg_catalog,uuid,,,,,,
postgres,public,financial_policies,rate_plan_id,6,,YES,uuid,pg_catalog,uuid,,,,,,
postgres,public,financial_policies,policy_type,7,,NO,text,pg_catalog,text,,,,,,
postgres,public,financial_policies,label,8,,YES,text,pg_catalog,text,,,,,,
postgres,public,financial_policies,description,9,,YES,text,pg_catalog,text,,,,,,
postgres,public,financial_policies,value,10,'{}'::jsonb,NO,jsonb,pg_catalog,jsonb,,,,,,
postgres,public,financial_policies,is_active,11,true,NO,boolean,pg_catalog,bool,,,,,,
postgres,public,financial_policies,effective_start,12,,NO,date,pg_catalog,date,,,,0,,
postgres,public,financial_policies,effective_end,13,,YES,date,pg_catalog,date,,,,0,,
postgres,public,financial_policies,source_key,14,'config'::text,NO,text,pg_catalog,text,,,,,,
postgres,public,financial_policies,metadata,15,'{}'::jsonb,NO,jsonb,pg_catalog,jsonb,,,,,,
postgres,public,financial_policies,created_by,16,,YES,uuid,pg_catalog,uuid,,,,,,
postgres,public,financial_policies,updated_by,17,,YES,uuid,pg_catalog,uuid,,,,,,
postgres,public,financial_policies,created_at,18,now(),NO,timestamp with time zone,pg_catalog,timestamptz,,,,6,,
postgres,public,financial_policies,updated_at,19,now(),NO,timestamp with time zone,pg_catalog,timestamptz,,,,6,,
postgres,public,financial_services,id,1,gen_random_uuid(),NO,uuid,pg_catalog,uuid,,,,,,
postgres,public,financial_services,org_id,2,,NO,uuid,pg_catalog,uuid,,,,,,
postgres,public,financial_services,service_key,3,,NO,text,pg_catalog,text,,,,,,
postgres,public,financial_services,label,4,,NO,text,pg_catalog,text,,,,,,
postgres,public,financial_services,service_type,5,,NO,text,pg_catalog,text,,,,,,
postgres,public,financial_services,unit,6,,YES,text,pg_catalog,text,,,,,,
postgres,public,financial_services,description,7,,YES,text,pg_catalog,text,,,,,,
postgres,public,financial_services,is_active,8,true,NO,boolean,pg_catalog,bool,,,,,,
postgres,public,financial_services,sort_order,9,100,NO,integer,pg_catalog,int4,,32,0,,,
postgres,public,financial_services,source_key,10,'config'::text,NO,text,pg_catalog,text,,,,,,
postgres,public,financial_services,metadata,11,'{}'::jsonb,NO,jsonb,pg_catalog,jsonb,,,,,,
postgres,public,financial_services,created_by,12,,YES,uuid,pg_catalog,uuid,,,,,,
postgres,public,financial_services,updated_by,13,,YES,uuid,pg_catalog,uuid,,,,,,
postgres,public,financial_services,created_at,14,now(),NO,timestamp with time zone,pg_catalog,timestamptz,,,,6,,
postgres,public,financial_services,updated_at,15,now(),NO,timestamp with time zone,pg_catalog,timestamptz,,,,6,,
postgres,public,form_definition_versions,id,1,gen_random_uuid(),NO,uuid,pg_catalog,uuid,,,,,,
postgres,public,form_definition_versions,form_definition_id,2,,NO,uuid,pg_catalog,uuid,,,,,,
postgres,public,form_definition_versions,org_id,3,,NO,uuid,pg_catalog,uuid,,,,,,
postgres,public,form_definition_versions,version_number,4,,NO,integer,pg_catalog,int4,,32,0,,,
postgres,public,form_definition_versions,status,5,,NO,text,pg_catalog,text,,,,,,
postgres,public,form_definition_versions,schema_json,6,,NO,jsonb,pg_catalog,jsonb,,,,,,
postgres,public,form_definition_versions,pdf_mapping_json,7,,YES,jsonb,pg_catalog,jsonb,,,,,,
postgres,public,form_definition_versions,published_at,8,,YES,timestamp with time zone,pg_catalog,timestamptz,,,,6,,
postgres,public,form_definition_versions,published_by_user_id,9,,YES,uuid,pg_catalog,uuid,,,,,,
postgres,public,form_definition_versions,metadata,10,'{}'::jsonb,NO,jsonb,pg_catalog,jsonb,,,,,,
postgres,public,form_definition_versions,created_at,11,now(),NO,timestamp with time zone,pg_catalog,timestamptz,,,,6,,
postgres,public,form_definition_versions,updated_at,12,,YES,timestamp with time zone,pg_catalog,timestamptz,,,,6,,
postgres,public,form_definitions,id,1,gen_random_uuid(),NO,uuid,pg_catalog,uuid,,,,,,
postgres,public,form_definitions,org_id,2,,NO,uuid,pg_catalog,uuid,,,,,,
postgres,public,form_definitions,key,3,,NO,text,pg_catalog,text,,,,,,
postgres,public,form_definitions,name,4,,NO,text,pg_catalog,text,,,,,,
postgres,public,form_definitions,description,5,,YES,text,pg_catalog,text,,,,,,
postgres,public,form_definitions,kind,6,,NO,text,pg_catalog,text,,,,,,
postgres,public,form_definitions,is_active,7,true,NO,boolean,pg_catalog,bool,,,,,,
postgres,public,form_definitions,metadata,8,'{}'::jsonb,NO,jsonb,pg_catalog,jsonb,,,,,,
postgres,public,form_definitions,created_at,9,now(),NO,timestamp with time zone,pg_catalog,timestamptz,,,,6,,
postgres,public,form_definitions,updated_at,10,,YES,timestamp with time zone,pg_catalog,timestamptz,,,,6,,
postgres,public,form_packet_definitions,id,1,gen_random_uuid(),NO,uuid,pg_catalog,uuid,,,,,,
postgres,public,form_packet_definitions,org_id,2,,NO,uuid,pg_catalog,uuid,,,,,,
postgres,public,form_packet_definitions,key,3,,YES,text,pg_catalog,text,,,,,,
postgres,public,form_packet_definitions,name,4,,NO,text,pg_catalog,text,,,,,,
postgres,public,form_packet_definitions,description,5,,YES,text,pg_catalog,text,,,,,,
postgres,public,form_packet_definitions,metadata,6,'{}'::jsonb,NO,jsonb,pg_catalog,jsonb,,,,,,
postgres,public,form_packet_definitions,is_active,7,true,NO,boolean,pg_catalog,bool,,,,,,
postgres,public,form_packet_definitions,created_at,8,now(),NO,timestamp with time zone,pg_catalog,timestamptz,,,,6,,
postgres,public,form_packet_definitions,updated_at,9,,YES,timestamp with time zone,pg_catalog,timestamptz,,,,6,,
postgres,public,form_packet_items,id,1,gen_random_uuid(),NO,uuid,pg_catalog,uuid,,,,,,
postgres,public,form_packet_items,org_id,2,,NO,uuid,pg_catalog,uuid,,,,,,
postgres,public,form_packet_items,packet_definition_id,3,,NO,uuid,pg_catalog,uuid,,,,,,
postgres,public,form_packet_items,sequence_index,4,,NO,integer,pg_catalog,int4,,32,0,,,
postgres,public,form_packet_items,form_definition_id,5,,NO,uuid,pg_catalog,uuid,,,,,,
postgres,public,form_packet_items,pinned_form_definition_version_id,6,,YES,uuid,pg_catalog,uuid,,,,,,
postgres,public,form_packet_items,metadata,7,'{}'::jsonb,NO,jsonb,pg_catalog,jsonb,,,,,,
postgres,public,form_packet_items,created_at,8,now(),NO,timestamp with time zone,pg_catalog,timestamptz,,,,6,,
postgres,public,form_packet_items,updated_at,9,,YES,timestamp with time zone,pg_catalog,timestamptz,,,,6,,
postgres,public,form_packet_session_items,id,1,gen_random_uuid(),NO,uuid,pg_catalog,uuid,,,,,,
postgres,public,form_packet_session_items,org_id,2,,NO,uuid,pg_catalog,uuid,,,,,,
postgres,public,form_packet_session_items,packet_session_id,3,,NO,uuid,pg_catalog,uuid,,,,,,
postgres,public,form_packet_session_items,packet_item_id,4,,NO,uuid,pg_catalog,uuid,,,,,,
postgres,public,form_packet_session_items,sequence_index,5,,NO,integer,pg_catalog,int4,,32,0,,,
postgres,public,form_packet_session_items,status,6,'pending'::text,NO,text,pg_catalog,text,,,,,,
postgres,public,form_packet_session_items,form_submission_id,7,,YES,uuid,pg_catalog,uuid,,,,,,
postgres,public,form_packet_session_items,submitted_at,8,,YES,timestamp with time zone,pg_catalog,timestamptz,,,,6,,
postgres,public,form_packet_session_items,skip_reason,9,,YES,text,pg_catalog,text,,,,,,
postgres,public,form_packet_session_items,metadata,10,'{}'::jsonb,NO,jsonb,pg_catalog,jsonb,,,,,,
postgres,public,form_packet_session_items,created_at,11,now(),NO,timestamp with time zone,pg_catalog,timestamptz,,,,6,,
postgres,public,form_packet_session_items,updated_at,12,,YES,timestamp with time zone,pg_catalog,timestamptz,,,,6,,
postgres,public,form_packet_sessions,id,1,gen_random_uuid(),NO,uuid,pg_catalog,uuid,,,,,,
postgres,public,form_packet_sessions,org_id,2,,NO,uuid,pg_catalog,uuid,,,,,,
postgres,public,form_packet_sessions,packet_definition_id,3,,NO,uuid,pg_catalog,uuid,,,,,,
postgres,public,form_packet_sessions,started_via_public_link_id,4,,NO,uuid,pg_catalog,uuid,,,,,,
postgres,public,form_packet_sessions,status,5,'in_progress'::text,NO,text,pg_catalog,text,,,,,,
postgres,public,form_packet_sessions,launch_context,6,'{}'::jsonb,NO,jsonb,pg_catalog,jsonb,,,,,,
postgres,public,form_packet_sessions,crm_snapshot,7,'{}'::jsonb,NO,jsonb,pg_catalog,jsonb,,,,,,
postgres,public,form_packet_sessions,shared_values,8,'{}'::jsonb,NO,jsonb,pg_catalog,jsonb,,,,,,
postgres,public,form_packet_sessions,current_sequence_index,9,0,NO,integer,pg_catalog,int4,,32,0,,,
postgres,public,form_packet_sessions,metadata,10,'{}'::jsonb,NO,jsonb,pg_catalog,jsonb,,,,,,
postgres,public,form_packet_sessions,completed_at,11,,YES,timestamp with time zone,pg_catalog,timestamptz,,,,6,,
postgres,public,form_packet_sessions,created_at,12,now(),NO,timestamp with time zone,pg_catalog,timestamptz,,,,6,,
postgres,public,form_packet_sessions,updated_at,13,,YES,timestamp with time zone,pg_catalog,timestamptz,,,,6,,
postgres,public,form_packet_sessions,operator_review_status,14,,YES,text,pg_catalog,text,,,,,,
postgres,public,form_packet_sessions,operator_review_warnings,15,'[]'::jsonb,NO,jsonb,pg_catalog,jsonb,,,,,,
postgres,public,form_packet_sessions,operator_reviewed_at,16,,YES,timestamp with time zone,pg_catalog,timestamptz,,,,6,,
postgres,public,form_packet_sessions,operator_reviewed_by_user_id,17,,YES,uuid,pg_catalog,uuid,,,,,,
postgres,public,form_packet_sessions,operator_review_notes,18,,YES,text,pg_catalog,text,,,,,,
postgres,public,form_packet_sessions,packet_instance_id,19,,YES,uuid,pg_catalog,uuid,,,,,,
postgres,public,form_public_links,id,1,gen_random_uuid(),NO,uuid,pg_catalog,uuid,,,,,,
postgres,public,form_public_links,org_id,2,,NO,uuid,pg_catalog,uuid,,,,,,
postgres,public,form_public_links,token_hash,3,,NO,text,pg_catalog,text,,,,,,
postgres,public,form_public_links,token_prefix,4,,YES,text,pg_catalog,text,,,,,,
postgres,public,form_public_links,form_definition_id,5,,NO,uuid,pg_catalog,uuid,,,,,,
postgres,public,form_public_links,pinned_form_definition_version_id,6,,YES,uuid,pg_catalog,uuid,,,,,,
postgres,public,form_public_links,is_active,7,true,NO,boolean,pg_catalog,bool,,,,,,
postgres,public,form_public_links,expires_at,8,,YES,timestamp with time zone,pg_catalog,timestamptz,,,,6,,
postgres,public,form_public_links,allowed_embed_origins,9,,YES,ARRAY,pg_catalog,_text,,,,,,
postgres,public,form_public_links,rate_limit_profile,10,,YES,text,pg_catalog,text,,,,,,
postgres,public,form_public_links,metadata,11,'{}'::jsonb,NO,jsonb,pg_catalog,jsonb,,,,,,
postgres,public,form_public_links,created_at,12,now(),NO,timestamp with time zone,pg_catalog,timestamptz,,,,6,,
postgres,public,form_public_links,updated_at,13,,YES,timestamp with time zone,pg_catalog,timestamptz,,,,6,,
postgres,public,form_public_links,last_used_at,14,,YES,timestamp with time zone,pg_catalog,timestamptz,,,,6,,
postgres,public,form_submission_documents,id,1,gen_random_uuid(),NO,uuid,pg_catalog,uuid,,,,,,
postgres,public,form_submission_documents,org_id,2,,NO,uuid,pg_catalog,uuid,,,,,,
postgres,public,form_submission_documents,form_submission_id,3,,NO,uuid,pg_catalog,uuid,,,,,,
postgres,public,form_submission_documents,document_id,4,,NO,uuid,pg_catalog,uuid,,,,,,
postgres,public,form_submission_documents,role,5,,NO,text,pg_catalog,text,,,,,,
postgres,public,form_submission_documents,sort_order,6,0,NO,integer,pg_catalog,int4,,32,0,,,
postgres,public,form_submission_documents,metadata,7,'{}'::jsonb,NO,jsonb,pg_catalog,jsonb,,,,,,
postgres,public,form_submission_documents,created_at,8,now(),NO,timestamp with time zone,pg_catalog,timestamptz,,,,6,,
postgres,public,form_submission_signatures,id,1,gen_random_uuid(),NO,uuid,pg_catalog,uuid,,,,,,
postgres,public,form_submission_signatures,org_id,2,,NO,uuid,pg_catalog,uuid,,,,,,
postgres,public,form_submission_signatures,form_submission_id,3,,NO,uuid,pg_catalog,uuid,,,,,,
postgres,public,form_submission_signatures,field_id,4,,NO,text,pg_catalog,text,,,,,,
postgres,public,form_submission_signatures,instance_key,5,''::text,NO,text,pg_catalog,text,,,,,,
postgres,public,form_submission_signatures,signature_kind,6,,NO,text,pg_catalog,text,,,,,,
postgres,public,form_submission_signatures,typed_full_name,7,,YES,text,pg_catalog,text,,,,,,
postgres,public,form_submission_signatures,drawn_asset_document_id,8,,YES,uuid,pg_catalog,uuid,,,,,,
postgres,public,form_submission_signatures,signer_acknowledged_at,9,,NO,timestamp with time zone,pg_catalog,timestamptz,,,,6,,
postgres,public,form_submission_signatures,signer_ip_hash,10,,YES,text,pg_catalog,text,,,,,,
postgres,public,form_submission_signatures,metadata,11,'{}'::jsonb,NO,jsonb,pg_catalog,jsonb,,,,,,
postgres,public,form_submission_signatures,external_provider,12,,YES,text,pg_catalog,text,,,,,,
postgres,public,form_submission_signatures,external_envelope_id,13,,YES,text,pg_catalog,text,,,,,,
postgres,public,form_submission_signatures,created_at,14,now(),NO,timestamp with time zone,pg_catalog,timestamptz,,,,6,,
postgres,public,form_submissions,id,1,gen_random_uuid(),NO,uuid,pg_catalog,uuid,,,,,,
postgres,public,form_submissions,org_id,2,,NO,uuid,pg_catalog,uuid,,,,,,
postgres,public,form_submissions,form_definition_id,3,,NO,uuid,pg_catalog,uuid,,,,,,
postgres,public,form_submissions,form_definition_version_id,4,,NO,uuid,pg_catalog,uuid,,,,,,
postgres,public,form_submissions,status,5,,NO,text,pg_catalog,text,,,,,,
postgres,public,form_submissions,payload,6,'{}'::jsonb,NO,jsonb,pg_catalog,jsonb,,,,,,
postgres,public,form_submissions,person_id,7,,YES,uuid,pg_catalog,uuid,,,,,,
postgres,public,form_submissions,customer_id,8,,YES,uuid,pg_catalog,uuid,,,,,,
postgres,public,form_submissions,customer_member_id,9,,YES,uuid,pg_catalog,uuid,,,,,,
postgres,public,form_submissions,opportunity_id,10,,YES,uuid,pg_catalog,uuid,,,,,,
postgres,public,form_submissions,created_via_public_link_id,11,,YES,uuid,pg_catalog,uuid,,,,,,
postgres,public,form_submissions,created_by_user_id,12,,YES,uuid,pg_catalog,uuid,,,,,,
postgres,public,form_submissions,submitted_by_user_id,13,,YES,uuid,pg_catalog,uuid,,,,,,
postgres,public,form_submissions,submitted_at,14,,YES,timestamp with time zone,pg_catalog,timestamptz,,,,6,,
postgres,public,form_submissions,metadata,15,'{}'::jsonb,NO,jsonb,pg_catalog,jsonb,,,,,,
postgres,public,form_submissions,created_at,16,now(),NO,timestamp with time zone,pg_catalog,timestamptz,,,,6,,
postgres,public,form_submissions,updated_at,17,,YES,timestamp with time zone,pg_catalog,timestamptz,,,,6,,
postgres,public,gl_account_mappings,id,1,gen_random_uuid(),NO,uuid,pg_catalog,uuid,,,,,,
postgres,public,gl_account_mappings,org_id,2,,NO,uuid,pg_catalog,uuid,,,,,,
postgres,public,gl_account_mappings,key,3,,NO,text,pg_catalog,text,,,,,,
postgres,public,gl_account_mappings,gl_account_id,4,,NO,uuid,pg_catalog,uuid,,,,,,
postgres,public,gl_account_mappings,is_active,5,true,NO,boolean,pg_catalog,bool,,,,,,
postgres,public,gl_account_mappings,metadata,6,'{}'::jsonb,NO,jsonb,pg_catalog,jsonb,,,,,,
postgres,public,gl_account_mappings,created_at,7,now(),NO,timestamp with time zone,pg_catalog,timestamptz,,,,6,,
postgres,public,gl_account_mappings,updated_at,8,,YES,timestamp with time zone,pg_catalog,timestamptz,,,,6,,
postgres,public,gl_accounts,id,1,gen_random_uuid(),NO,uuid,pg_catalog,uuid,,,,,,
postgres,public,gl_accounts,org_id,2,,NO,uuid,pg_catalog,uuid,,,,,,
postgres,public,gl_accounts,code,3,,NO,text,pg_catalog,text,,,,,,
postgres,public,gl_accounts,name,4,,NO,text,pg_catalog,text,,,,,,
postgres,public,gl_accounts,type,5,,NO,text,pg_catalog,text,,,,,,
postgres,public,gl_accounts,currency,6,'USD'::text,NO,text,pg_catalog,text,,,,,,
postgres,public,gl_accounts,is_active,7,true,NO,boolean,pg_catalog,bool,,,,,,
postgres,public,gl_accounts,metadata,8,'{}'::jsonb,NO,jsonb,pg_catalog,jsonb,,,,,,
postgres,public,gl_accounts,created_at,9,now(),NO,timestamp with time zone,pg_catalog,timestamptz,,,,6,,
postgres,public,gl_accounts,updated_at,10,,YES,timestamp with time zone,pg_catalog,timestamptz,,,,6,,
postgres,public,gl_journal_entries,id,1,gen_random_uuid(),NO,uuid,pg_catalog,uuid,,,,,,
postgres,public,gl_journal_entries,org_id,2,,NO,uuid,pg_catalog,uuid,,,,,,
postgres,public,gl_journal_entries,entry_date,3,((now() AT TIME ZONE 'utc'::text))::date,NO,date,pg_catalog,date,,,,0,,
postgres,public,gl_journal_entries,description,4,,YES,text,pg_catalog,text,,,,,,
postgres,public,gl_journal_entries,status,5,'posted'::text,NO,text,pg_catalog,text,,,,,,
postgres,public,gl_journal_entries,posted_at,6,now(),YES,timestamp with time zone,pg_catalog,timestamptz,,,,6,,
postgres,public,gl_journal_entries,source_type,7,,YES,text,pg_catalog,text,,,,,,
postgres,public,gl_journal_entries,source_id,8,,YES,uuid,pg_catalog,uuid,,,,,,
postgres,public,gl_journal_entries,reversal_of_entry_id,9,,YES,uuid,pg_catalog,uuid,,,,,,
postgres,public,gl_journal_entries,metadata,10,'{}'::jsonb,NO,jsonb,pg_catalog,jsonb,,,,,,
postgres,public,gl_journal_entries,created_at,11,now(),NO,timestamp with time zone,pg_catalog,timestamptz,,,,6,,
postgres,public,gl_journal_entries,updated_at,12,,YES,timestamp with time zone,pg_catalog,timestamptz,,,,6,,
postgres,public,gl_journal_lines,id,1,gen_random_uuid(),NO,uuid,pg_catalog,uuid,,,,,,
postgres,public,gl_journal_lines,org_id,2,,NO,uuid,pg_catalog,uuid,,,,,,
postgres,public,gl_journal_lines,entry_id,3,,NO,uuid,pg_catalog,uuid,,,,,,
postgres,public,gl_journal_lines,line_no,4,1,NO,integer,pg_catalog,int4,,32,0,,,
postgres,public,gl_journal_lines,account_id,5,,NO,uuid,pg_catalog,uuid,,,,,,
postgres,public,gl_journal_lines,description,6,,YES,text,pg_catalog,text,,,,,,
postgres,public,gl_journal_lines,debit_cents,7,0,NO,bigint,pg_catalog,int8,,64,0,,,
postgres,public,gl_journal_lines,credit_cents,8,0,NO,bigint,pg_catalog,int8,,64,0,,,
postgres,public,gl_journal_lines,currency,9,'USD'::text,NO,text,pg_catalog,text,,,,,,
postgres,public,gl_journal_lines,job_id,10,,YES,uuid,pg_catalog,uuid,,,,,,
postgres,public,gl_journal_lines,schedule_id,11,,YES,uuid,pg_catalog,uuid,,,,,,
postgres,public,gl_journal_lines,payment_id,12,,YES,uuid,pg_catalog,uuid,,,,,,
postgres,public,gl_journal_lines,customer_id,13,,YES,uuid,pg_catalog,uuid,,,,,,
postgres,public,gl_journal_lines,vendor_id,14,,YES,uuid,pg_catalog,uuid,,,,,,
postgres,public,gl_journal_lines,metadata,15,'{}'::jsonb,NO,jsonb,pg_catalog,jsonb,,,,,,
postgres,public,gl_journal_lines,created_at,16,now(),NO,timestamp with time zone,pg_catalog,timestamptz,,,,6,,
postgres,public,gl_journal_lines,billable_source_type,17,,YES,text,pg_catalog,text,,,,,,
postgres,public,gl_journal_lines,billable_source_id,18,,YES,uuid,pg_catalog,uuid,,,,,,
postgres,public,home_types,id,1,gen_random_uuid(),NO,uuid,pg_catalog,uuid,,,,,,
postgres,public,home_types,key,2,,NO,text,pg_catalog,text,,,,,,
postgres,public,home_types,label,3,,NO,text,pg_catalog,text,,,,,,
postgres,public,home_types,position,4,0,NO,integer,pg_catalog,int4,,32,0,,,
postgres,public,home_types,is_active,5,true,NO,boolean,pg_catalog,bool,,,,,,
postgres,public,industries,id,1,gen_random_uuid(),NO,uuid,pg_catalog,uuid,,,,,,
postgres,public,industries,key,2,,NO,text,pg_catalog,text,,,,,,
postgres,public,industries,label,3,,NO,text,pg_catalog,text,,,,,,
postgres,public,industries,description,4,,YES,text,pg_catalog,text,,,,,,
postgres,public,industries,is_active,5,true,NO,boolean,pg_catalog,bool,,,,,,
postgres,public,industries,created_at,6,now(),NO,timestamp with time zone,pg_catalog,timestamptz,,,,6,,
postgres,public,industries,updated_at,7,,YES,timestamp with time zone,pg_catalog,timestamptz,,,,6,,
postgres,public,industry_default_entity_labels,id,1,gen_random_uuid(),NO,uuid,pg_catalog,uuid,,,,,,
postgres,public,industry_default_entity_labels,industry_id,2,,NO,uuid,pg_catalog,uuid,,,,,,
postgres,public,industry_default_entity_labels,entity_type,3,,NO,text,pg_catalog,text,,,,,,
postgres,public,industry_default_entity_labels,singular,4,,NO,text,pg_catalog,text,,,,,,
postgres,public,industry_default_entity_labels,plural,5,,NO,text,pg_catalog,text,,,,,,
postgres,public,industry_default_entity_labels,created_at,6,now(),NO,timestamp with time zone,pg_catalog,timestamptz,,,,6,,
postgres,public,industry_default_entity_labels,updated_at,7,,YES,timestamp with time zone,pg_catalog,timestamptz,,,,6,,
postgres,public,job_line_items,id,1,gen_random_uuid(),NO,uuid,pg_catalog,uuid,,,,,,
postgres,public,job_line_items,org_id,2,,NO,uuid,pg_catalog,uuid,,,,,,
postgres,public,job_line_items,job_id,3,,NO,uuid,pg_catalog,uuid,,,,,,
postgres,public,job_line_items,sort_order,4,,YES,integer,pg_catalog,int4,,32,0,,,
postgres,public,job_line_items,line_type,5,,NO,text,pg_catalog,text,,,,,,
postgres,public,job_line_items,category_key,6,,YES,text,pg_catalog,text,,,,,,
postgres,public,job_line_items,label,7,,NO,text,pg_catalog,text,,,,,,
postgres,public,job_line_items,description,8,,YES,text,pg_catalog,text,,,,,,
postgres,public,job_line_items,quantity,9,1,NO,numeric,pg_catalog,numeric,,,,,,
postgres,public,job_line_items,unit_amount_cents,10,,NO,integer,pg_catalog,int4,,32,0,,,
postgres,public,job_line_items,amount_cents,11,,NO,integer,pg_catalog,int4,,32,0,,,
postgres,public,job_line_items,currency_code,12,'USD'::text,NO,text,pg_catalog,text,,,,,,
postgres,public,job_line_items,is_taxable,13,false,YES,boolean,pg_catalog,bool,,,,,,
postgres,public,job_line_items,tax_category_key,14,,YES,text,pg_catalog,text,,,,,,
postgres,public,job_line_items,pricing_source,15,,YES,text,pg_catalog,text,,,,,,
postgres,public,job_line_items,source_entity_type,16,,YES,text,pg_catalog,text,,,,,,
postgres,public,job_line_items,source_entity_id,17,,YES,uuid,pg_catalog,uuid,,,,,,
postgres,public,job_line_items,locked_at,18,,YES,timestamp with time zone,pg_catalog,timestamptz,,,,6,,
postgres,public,job_line_items,is_system_generated,19,true,YES,boolean,pg_catalog,bool,,,,,,
postgres,public,job_line_items,is_manual_override,20,false,YES,boolean,pg_catalog,bool,,,,,,
postgres,public,job_line_items,manual_override_reason,21,,YES,text,pg_catalog,text,,,,,,
postgres,public,job_line_items,replaced_line_item_id,22,,YES,uuid,pg_catalog,uuid,,,,,,
postgres,public,job_line_items,is_active,23,true,YES,boolean,pg_catalog,bool,,,,,,
postgres,public,job_line_items,metadata,24,'{}'::jsonb,YES,jsonb,pg_catalog,jsonb,,,,,,
postgres,public,job_line_items,created_at,25,now(),YES,timestamp with time zone,pg_catalog,timestamptz,,,,6,,
postgres,public,job_line_items,updated_at,26,now(),YES,timestamp with time zone,pg_catalog,timestamptz,,,,6,,
postgres,public,job_line_items,created_by,27,,YES,uuid,pg_catalog,uuid,,,,,,
postgres,public,job_line_items,updated_by,28,,YES,uuid,pg_catalog,uuid,,,,,,
postgres,public,job_pricing_snapshots,id,1,gen_random_uuid(),NO,uuid,pg_catalog,uuid,,,,,,
postgres,public,job_pricing_snapshots,org_id,2,,NO,uuid,pg_catalog,uuid,,,,,,
postgres,public,job_pricing_snapshots,job_id,3,,NO,uuid,pg_catalog,uuid,,,,,,
postgres,public,job_pricing_snapshots,snapshot_type,4,,NO,text,pg_catalog,text,,,,,,
postgres,public,job_pricing_snapshots,version_number,5,,NO,integer,pg_catalog,int4,,32,0,,,
postgres,public,job_pricing_snapshots,summary,6,,NO,jsonb,pg_catalog,jsonb,,,,,,
postgres,public,job_pricing_snapshots,line_items,7,,NO,jsonb,pg_catalog,jsonb,,,,,,
postgres,public,job_pricing_snapshots,reason,8,,YES,text,pg_catalog,text,,,,,,
postgres,public,job_pricing_snapshots,created_at,9,now(),YES,timestamp with time zone,pg_catalog,timestamptz,,,,6,,
postgres,public,job_pricing_snapshots,created_by,10,,YES,uuid,pg_catalog,uuid,,,,,,
postgres,public,job_statuses,id,1,gen_random_uuid(),NO,uuid,pg_catalog,uuid,,,,,,
postgres,public,job_statuses,key,2,,NO,text,pg_catalog,text,,,,,,
postgres,public,job_statuses,label,3,,NO,text,pg_catalog,text,,,,,,
postgres,public,job_statuses,position,4,0,NO,integer,pg_catalog,int4,,32,0,,,
postgres,public,job_statuses,is_active,5,true,NO,boolean,pg_catalog,bool,,,,,,
postgres,public,job_statuses,org_id,6,,YES,uuid,pg_catalog,uuid,,,,,,
postgres,public,job_tags,job_id,1,,NO,uuid,pg_catalog,uuid,,,,,,
postgres,public,job_tags,tag_id,2,,NO,uuid,pg_catalog,uuid,,,,,,
postgres,public,job_tags,created_at,3,now(),NO,timestamp with time zone,pg_catalog,timestamptz,,,,6,,
postgres,public,jobs,id,1,gen_random_uuid(),NO,uuid,pg_catalog,uuid,,,,,,
postgres,public,jobs,vertical_id,2,,YES,uuid,pg_catalog,uuid,,,,,,
postgres,public,jobs,customer_id,3,,NO,uuid,pg_catalog,uuid,,,,,,
postgres,public,jobs,primary_contact_id,4,,YES,uuid,pg_catalog,uuid,,,,,,
postgres,public,jobs,location_id,5,,YES,uuid,pg_catalog,uuid,,,,,,
postgres,public,jobs,opportunity_id,6,,YES,uuid,pg_catalog,uuid,,,,,,
postgres,public,jobs,title,7,,YES,text,pg_catalog,text,,,,,,
postgres,public,jobs,is_recurring,8,false,NO,boolean,pg_catalog,bool,,,,,,
postgres,public,jobs,job_status_id,9,'6c699cac-8981-4200-93f0-2bf166cff36c'::uuid,YES,uuid,pg_catalog,uuid,,,,,,
postgres,public,jobs,service_frequency_key,10,,YES,text,pg_catalog,text,,,,,,
postgres,public,jobs,estimated_total_cents,11,,YES,integer,pg_catalog,int4,,32,0,,,
postgres,public,jobs,recurring_total_cents,12,,YES,integer,pg_catalog,int4,,32,0,,,
postgres,public,jobs,offer_code,13,,YES,text,pg_catalog,text,,,,,,
postgres,public,jobs,offer_expires_at,14,,YES,timestamp with time zone,pg_catalog,timestamptz,,,,6,,
postgres,public,jobs,internal_notes,15,,YES,text,pg_catalog,text,,,,,,
postgres,public,jobs,external_source,16,,YES,text,pg_catalog,text,,,,,,
postgres,public,jobs,external_id,17,,YES,text,pg_catalog,text,,,,,,
postgres,public,jobs,metadata,18,'{}'::jsonb,NO,jsonb,pg_catalog,jsonb,,,,,,
postgres,public,jobs,created_at,19,now(),NO,timestamp with time zone,pg_catalog,timestamptz,,,,6,,
postgres,public,jobs,updated_at,20,,YES,timestamp with time zone,pg_catalog,timestamptz,,,,6,,
postgres,public,jobs,description,21,,YES,text,pg_catalog,text,,,,,,
postgres,public,jobs,job_number_for_customer,22,,YES,integer,pg_catalog,int4,,32,0,,,
postgres,public,jobs,contractor_split_bps,23,,YES,integer,pg_catalog,int4,,32,0,,,
postgres,public,jobs,alloy_split_bps,24,,YES,integer,pg_catalog,int4,,32,0,,,
postgres,public,jobs,gross_price_cents,25,,YES,integer,pg_catalog,int4,,32,0,,,
postgres,public,jobs,contractor_payout_cents,26,,YES,integer,pg_catalog,int4,,32,0,,,
postgres,public,jobs,alloy_fee_cents,27,,YES,integer,pg_catalog,int4,,32,0,,,
postgres,public,jobs,scheduled_at,28,,YES,timestamp with time zone,pg_catalog,timestamptz,,,,6,,
postgres,public,jobs,completed_at,29,,YES,timestamp with time zone,pg_catalog,timestamptz,,,,6,,
postgres,public,jobs,org_id,30,,NO,uuid,pg_catalog,uuid,,,,,,
postgres,public,jobs,service_key,31,,YES,text,pg_catalog,text,,,,,,
postgres,public,jobs,job_type,32,,YES,text,pg_catalog,text,,,,,,
postgres,public,jobs,discount_code_id,33,,YES,uuid,pg_catalog,uuid,,,,,,
postgres,public,jobs,discount_code,34,,YES,text,pg_catalog,text,,,,,,
postgres,public,jobs,discount_amount,35,,YES,numeric,pg_catalog,numeric,,10,2,,,
postgres,public,jobs,discounted,36,false,NO,boolean,pg_catalog,bool,,,,,,
postgres,public,jobs,assigned_vendor_id,37,,YES,uuid,pg_catalog,uuid,,,,,,
postgres,public,jobs,archived_at,38,,YES,timestamp with time zone,pg_catalog,timestamptz,,,,6,,
postgres,public,jobs,status_key,39,,YES,text,pg_catalog,text,,,,,,
postgres,public,jobs,primary_person_id,40,,YES,uuid,pg_catalog,uuid,,,,,,
postgres,public,jobs,discount_program_id,41,,YES,uuid,pg_catalog,uuid,,,,,,
postgres,public,jobs,work_unit_id,42,,YES,uuid,pg_catalog,uuid,,,,,,
postgres,public,jobs,subtotal_cents,43,0,YES,integer,pg_catalog,int4,,32,0,,,
postgres,public,jobs,discount_total_cents,44,0,YES,integer,pg_catalog,int4,,32,0,,,
postgres,public,jobs,fee_total_cents,45,0,YES,integer,pg_catalog,int4,,32,0,,,
postgres,public,jobs,adjustment_total_cents,46,0,YES,integer,pg_catalog,int4,,32,0,,,
postgres,public,jobs,tax_total_cents,47,0,YES,integer,pg_catalog,int4,,32,0,,,
postgres,public,jobs,total_cents,48,0,YES,integer,pg_catalog,int4,,32,0,,,
postgres,public,jobs,amount_paid_cents,49,0,YES,integer,pg_catalog,int4,,32,0,,,
postgres,public,jobs,amount_due_cents,50,0,YES,integer,pg_catalog,int4,,32,0,,,
postgres,public,jobs,pricing_status,51,'draft'::text,YES,text,pg_catalog,text,,,,,,
postgres,public,jobs,pricing_locked_at,52,,YES,timestamp with time zone,pg_catalog,timestamptz,,,,6,,
postgres,public,jobs,pricing_version,53,1,YES,integer,pg_catalog,int4,,32,0,,,
postgres,public,jobs,job_number,54,,NO,bigint,pg_catalog,int8,,64,0,,,
postgres,public,ledger_transactions,id,1,gen_random_uuid(),NO,uuid,pg_catalog,uuid,,,,,,
postgres,public,ledger_transactions,org_id,2,,NO,uuid,pg_catalog,uuid,,,,,,
postgres,public,ledger_transactions,occurred_at,3,now(),NO,timestamp with time zone,pg_catalog,timestamptz,,,,6,,
postgres,public,ledger_transactions,status,4,'confirmed'::text,NO,text,pg_catalog,text,,,,,,
postgres,public,ledger_transactions,type,5,,NO,text,pg_catalog,text,,,,,,
postgres,public,ledger_transactions,direction,6,,NO,text,pg_catalog,text,,,,,,
postgres,public,ledger_transactions,amount_cents,7,,NO,bigint,pg_catalog,int8,,64,0,,,
postgres,public,ledger_transactions,currency,8,'USD'::text,NO,text,pg_catalog,text,,,,,,
postgres,public,ledger_transactions,provider,9,,YES,text,pg_catalog,text,,,,,,
postgres,public,ledger_transactions,provider_ref,10,,YES,text,pg_catalog,text,,,,,,
postgres,public,ledger_transactions,job_id,11,,YES,uuid,pg_catalog,uuid,,,,,,
postgres,public,ledger_transactions,schedule_id,12,,YES,uuid,pg_catalog,uuid,,,,,,
postgres,public,ledger_transactions,payment_id,13,,YES,uuid,pg_catalog,uuid,,,,,,
postgres,public,ledger_transactions,customer_id,14,,YES,uuid,pg_catalog,uuid,,,,,,
postgres,public,ledger_transactions,vendor_id,15,,YES,uuid,pg_catalog,uuid,,,,,,
postgres,public,ledger_transactions,journal_entry_id,16,,YES,uuid,pg_catalog,uuid,,,,,,
postgres,public,ledger_transactions,metadata,17,'{}'::jsonb,NO,jsonb,pg_catalog,jsonb,,,,,,
postgres,public,ledger_transactions,created_at,18,now(),NO,timestamp with time zone,pg_catalog,timestamptz,,,,6,,
postgres,public,ledger_transactions,billable_source_type,19,,YES,text,pg_catalog,text,,,,,,
postgres,public,ledger_transactions,billable_source_id,20,,YES,uuid,pg_catalog,uuid,,,,,,
postgres,public,location_program_categories,id,1,gen_random_uuid(),NO,uuid,pg_catalog,uuid,,,,,,
postgres,public,location_program_categories,org_id,2,,NO,uuid,pg_catalog,uuid,,,,,,
postgres,public,location_program_categories,location_id,3,,NO,uuid,pg_catalog,uuid,,,,,,
postgres,public,location_program_categories,key,4,,NO,text,pg_catalog,text,,,,,,
postgres,public,location_program_categories,label,5,,NO,text,pg_catalog,text,,,,,,
postgres,public,location_program_categories,sort_order,6,100,NO,integer,pg_catalog,int4,,32,0,,,
postgres,public,location_program_categories,is_active,7,true,NO,boolean,pg_catalog,bool,,,,,,
postgres,public,location_program_categories,metadata,8,'{}'::jsonb,NO,jsonb,pg_catalog,jsonb,,,,,,
postgres,public,location_program_categories,created_at,9,now(),NO,timestamp with time zone,pg_catalog,timestamptz,,,,6,,
postgres,public,location_program_categories,updated_at,10,,YES,timestamp with time zone,pg_catalog,timestamptz,,,,6,,
postgres,public,location_program_categories,program_id,11,,YES,uuid,pg_catalog,uuid,,,,,,
postgres,public,location_program_categories,program_revision_id,12,,YES,uuid,pg_catalog,uuid,,,,,,
postgres,public,location_program_categories,configuration_consumption_id,13,,YES,uuid,pg_catalog,uuid,,,,,,
postgres,public,location_program_categories,local_description_override,14,,YES,text,pg_catalog,text,,,,,,
postgres,public,location_program_categories,local_authorization_evidence,15,,YES,text,pg_catalog,text,,,,,,
postgres,public,location_tags,location_id,1,,NO,uuid,pg_catalog,uuid,,,,,,
postgres,public,location_tags,tag_id,2,,NO,uuid,pg_catalog,uuid,,,,,,
postgres,public,location_tags,created_at,3,now(),NO,timestamp with time zone,pg_catalog,timestamptz,,,,6,,
postgres,public,location_types,id,1,gen_random_uuid(),NO,uuid,pg_catalog,uuid,,,,,,
postgres,public,location_types,org_id,2,,NO,uuid,pg_catalog,uuid,,,,,,
postgres,public,location_types,key,3,,NO,text,pg_catalog,text,,,,,,
postgres,public,location_types,label,4,,NO,text,pg_catalog,text,,,,,,
postgres,public,location_types,position,5,0,NO,integer,pg_catalog,int4,,32,0,,,
postgres,public,location_types,is_active,6,true,NO,boolean,pg_catalog,bool,,,,,,
postgres,public,location_types,created_at,7,now(),NO,timestamp with time zone,pg_catalog,timestamptz,,,,6,,
postgres,public,location_types,updated_at,8,,YES,timestamp with time zone,pg_catalog,timestamptz,,,,6,,
postgres,public,locations,id,1,gen_random_uuid(),NO,uuid,pg_catalog,uuid,,,,,,
postgres,public,locations,customer_id,2,,YES,uuid,pg_catalog,uuid,,,,,,
postgres,public,locations,label,3,,YES,text,pg_catalog,text,,,,,,
postgres,public,locations,is_primary,4,false,NO,boolean,pg_catalog,bool,,,,,,
postgres,public,locations,is_active,5,true,NO,boolean,pg_catalog,bool,,,,,,
postgres,public,locations,address1,6,,YES,text,pg_catalog,text,,,,,,
postgres,public,locations,address2,7,,YES,text,pg_catalog,text,,,,,,
postgres,public,locations,city,8,,YES,text,pg_catalog,text,,,,,,
postgres,public,locations,state,9,,YES,text,pg_catalog,text,,,,,,
postgres,public,locations,postal_code,10,,YES,text,pg_catalog,text,,,,,,
postgres,public,locations,country,11,,YES,text,pg_catalog,text,,,,,,
postgres,public,locations,lat,12,,YES,numeric,pg_catalog,numeric,,,,,,
postgres,public,locations,lng,13,,YES,numeric,pg_catalog,numeric,,,,,,
postgres,public,locations,access_method_id,14,,YES,uuid,pg_catalog,uuid,,,,,,
postgres,public,locations,access_notes,15,,YES,text,pg_catalog,text,,,,,,
postgres,public,locations,external_source,16,,YES,text,pg_catalog,text,,,,,,
postgres,public,locations,external_id,17,,YES,text,pg_catalog,text,,,,,,
postgres,public,locations,metadata,18,'{}'::jsonb,NO,jsonb,pg_catalog,jsonb,,,,,,
postgres,public,locations,created_at,19,now(),NO,timestamp with time zone,pg_catalog,timestamptz,,,,6,,
postgres,public,locations,updated_at,20,,YES,timestamp with time zone,pg_catalog,timestamptz,,,,6,,
postgres,public,locations,org_id,21,,NO,uuid,pg_catalog,uuid,,,,,,
postgres,public,locations,vendor_id,22,,YES,uuid,pg_catalog,uuid,,,,,,
postgres,public,locations,location_type,23,'address'::text,NO,text,pg_catalog,text,,,,,,
postgres,public,locations,parent_location_id,24,,YES,uuid,pg_catalog,uuid,,,,,,
postgres,public,locations,location_type_id,25,,YES,uuid,pg_catalog,uuid,,,,,,
postgres,public,locations,status_key,26,,YES,text,pg_catalog,text,,,,,,
postgres,public,locations,access_code,27,,YES,text,pg_catalog,text,,,,,,
postgres,public,locations,has_pets,28,,YES,boolean,pg_catalog,bool,,,,,,
postgres,public,locations,location_number,29,,NO,bigint,pg_catalog,int8,,64,0,,,
postgres,public,locations,beds,30,,YES,numeric,pg_catalog,numeric,,5,1,,,
postgres,public,locations,baths,31,,YES,numeric,pg_catalog,numeric,,4,1,,,
postgres,public,locations,home_type_key,32,,YES,text,pg_catalog,text,,,,,,
postgres,public,locations,access_method_key,33,,YES,text,pg_catalog,text,,,,,,
postgres,public,locations,square_footage_tier_key,34,,YES,text,pg_catalog,text,,,,,,
postgres,public,messages,id,1,gen_random_uuid(),NO,uuid,pg_catalog,uuid,,,,,,
postgres,public,messages,customer_id,2,,YES,uuid,pg_catalog,uuid,,,,,,
postgres,public,messages,contact_id,3,,YES,uuid,pg_catalog,uuid,,,,,,
postgres,public,messages,job_id,4,,YES,uuid,pg_catalog,uuid,,,,,,
postgres,public,messages,opportunity_id,5,,YES,uuid,pg_catalog,uuid,,,,,,
postgres,public,messages,channel,6,,YES,text,pg_catalog,text,,,,,,
postgres,public,messages,direction,7,,YES,text,pg_catalog,text,,,,,,
postgres,public,messages,from_value,8,,YES,text,pg_catalog,text,,,,,,
postgres,public,messages,to_value,9,,YES,text,pg_catalog,text,,,,,,
postgres,public,messages,body,10,,YES,text,pg_catalog,text,,,,,,
postgres,public,messages,status,11,'queued'::text,YES,text,pg_catalog,text,,,,,,
postgres,public,messages,sent_at,12,,YES,timestamp with time zone,pg_catalog,timestamptz,,,,6,,
postgres,public,messages,provider,13,,YES,text,pg_catalog,text,,,,,,
postgres,public,messages,provider_message_id,14,,YES,text,pg_catalog,text,,,,,,
postgres,public,messages,metadata,15,'{}'::jsonb,NO,jsonb,pg_catalog,jsonb,,,,,,
postgres,public,messages,created_at,16,now(),NO,timestamp with time zone,pg_catalog,timestamptz,,,,6,,
postgres,public,messages,related_entity_type,17,,YES,text,pg_catalog,text,,,,,,
postgres,public,messages,related_entity_id,18,,YES,uuid,pg_catalog,uuid,,,,,,
postgres,public,messages,workflow_run_id,19,,YES,uuid,pg_catalog,uuid,,,,,,
postgres,public,messages,error,20,,YES,text,pg_catalog,text,,,,,,
postgres,public,messages,external_id,21,,YES,text,pg_catalog,text,,,,,,
postgres,public,messages_outbox,id,1,gen_random_uuid(),NO,uuid,pg_catalog,uuid,,,,,,
postgres,public,messages_outbox,org_id,2,,NO,uuid,pg_catalog,uuid,,,,,,
postgres,public,messages_outbox,workflow_run_id,3,,YES,uuid,pg_catalog,uuid,,,,,,
postgres,public,messages_outbox,workflow_id,4,,YES,uuid,pg_catalog,uuid,,,,,,
postgres,public,messages_outbox,channel,5,'sms'::text,NO,text,pg_catalog,text,,,,,,
postgres,public,messages_outbox,to_number,6,,YES,text,pg_catalog,text,,,,,,
postgres,public,messages_outbox,to_email,7,,YES,text,pg_catalog,text,,,,,,
postgres,public,messages_outbox,template_key,8,,YES,text,pg_catalog,text,,,,,,
postgres,public,messages_outbox,body,9,,YES,text,pg_catalog,text,,,,,,
postgres,public,messages_outbox,payload,10,'{}'::jsonb,NO,jsonb,pg_catalog,jsonb,,,,,,
postgres,public,messages_outbox,status,11,'queued'::text,NO,text,pg_catalog,text,,,,,,
postgres,public,messages_outbox,error,12,,YES,text,pg_catalog,text,,,,,,
postgres,public,messages_outbox,created_at,13,now(),NO,timestamp with time zone,pg_catalog,timestamptz,,,,6,,
postgres,public,messages_outbox,sent_at,14,,YES,timestamp with time zone,pg_catalog,timestamptz,,,,6,,
postgres,public,messages_outbox,dedupe_key,15,,YES,text,pg_catalog,text,,,,,,
postgres,public,messages_outbox,to_contact_id,16,,YES,uuid,pg_catalog,uuid,,,,,,
postgres,public,messages_outbox,to_phone,17,,YES,text,pg_catalog,text,,,,,,
postgres,public,metric_definitions,id,1,gen_random_uuid(),NO,uuid,pg_catalog,uuid,,,,,,
postgres,public,metric_definitions,org_id,2,,YES,uuid,pg_catalog,uuid,,,,,,
postgres,public,metric_definitions,key,3,,NO,text,pg_catalog,text,,,,,,
postgres,public,metric_definitions,label,4,,NO,text,pg_catalog,text,,,,,,
postgres,public,metric_definitions,description,5,''::text,NO,text,pg_catalog,text,,,,,,
postgres,public,metric_definitions,category,6,'general'::text,NO,text,pg_catalog,text,,,,,,
postgres,public,metric_definitions,entity_scope,7,'org'::text,NO,text,pg_catalog,text,,,,,,
postgres,public,metric_definitions,source_type,8,,NO,text,pg_catalog,text,,,,,,
postgres,public,metric_definitions,source_key,9,,NO,text,pg_catalog,text,,,,,,
postgres,public,metric_definitions,aggregation,10,,NO,text,pg_catalog,text,,,,,,
postgres,public,metric_definitions,numerator_config,11,,YES,jsonb,pg_catalog,jsonb,,,,,,
postgres,public,metric_definitions,denominator_config,12,,YES,jsonb,pg_catalog,jsonb,,,,,,
postgres,public,metric_definitions,filter_config,13,'{}'::jsonb,NO,jsonb,pg_catalog,jsonb,,,,,,
postgres,public,metric_definitions,dimension_config,14,'{}'::jsonb,NO,jsonb,pg_catalog,jsonb,,,,,,
postgres,public,metric_definitions,default_period_config,15,"'{""days"": 30, ""kind"": ""rolling"", ""version"": 1}'::jsonb",NO,jsonb,pg_catalog,jsonb,,,,,,
postgres,public,metric_definitions,unit,16,'none'::text,NO,text,pg_catalog,text,,,,,,
postgres,public,metric_definitions,precision,17,0,NO,integer,pg_catalog,int4,,32,0,,,
postgres,public,metric_definitions,is_kpi,18,false,NO,boolean,pg_catalog,bool,,,,,,
postgres,public,metric_definitions,target_config,19,,YES,jsonb,pg_catalog,jsonb,,,,,,
postgres,public,metric_definitions,threshold_config,20,,YES,jsonb,pg_catalog,jsonb,,,,,,
postgres,public,metric_definitions,status,21,'draft'::text,NO,text,pg_catalog,text,,,,,,
postgres,public,metric_definitions,version,22,1,NO,integer,pg_catalog,int4,,32,0,,,
postgres,public,metric_definitions,created_at,23,now(),NO,timestamp with time zone,pg_catalog,timestamptz,,,,6,,
postgres,public,metric_definitions,updated_at,24,now(),NO,timestamp with time zone,pg_catalog,timestamptz,,,,6,,
postgres,public,metric_definitions,created_by,25,,YES,uuid,pg_catalog,uuid,,,,,,
postgres,public,metric_definitions,updated_by,26,,YES,uuid,pg_catalog,uuid,,,,,,
postgres,public,metric_placements,id,1,gen_random_uuid(),NO,uuid,pg_catalog,uuid,,,,,,
postgres,public,metric_placements,org_id,2,,NO,uuid,pg_catalog,uuid,,,,,,
postgres,public,metric_placements,visualization_id,3,,NO,uuid,pg_catalog,uuid,,,,,,
postgres,public,metric_placements,surface,4,,NO,text,pg_catalog,text,,,,,,
postgres,public,metric_placements,surface_key,5,'default'::text,NO,text,pg_catalog,text,,,,,,
postgres,public,metric_placements,placement_zone,6,'overview'::text,NO,text,pg_catalog,text,,,,,,
postgres,public,metric_placements,context_config,7,"'{""version"": 1}'::jsonb",NO,jsonb,pg_catalog,jsonb,,,,,,
postgres,public,metric_placements,visibility_config,8,"'{""version"": 1, ""visible"": true}'::jsonb",NO,jsonb,pg_catalog,jsonb,,,,,,
postgres,public,metric_placements,sort_order,9,0,NO,integer,pg_catalog,int4,,32,0,,,
postgres,public,metric_placements,status,10,'draft'::text,NO,text,pg_catalog,text,,,,,,
postgres,public,metric_placements,version,11,1,NO,integer,pg_catalog,int4,,32,0,,,
postgres,public,metric_placements,created_at,12,now(),NO,timestamp with time zone,pg_catalog,timestamptz,,,,6,,
postgres,public,metric_placements,updated_at,13,now(),NO,timestamp with time zone,pg_catalog,timestamptz,,,,6,,
postgres,public,metric_platform_snapshots,id,1,gen_random_uuid(),NO,uuid,pg_catalog,uuid,,,,,,
postgres,public,metric_platform_snapshots,org_id,2,,NO,uuid,pg_catalog,uuid,,,,,,
postgres,public,metric_platform_snapshots,metric_definition_id,3,,NO,uuid,pg_catalog,uuid,,,,,,
postgres,public,metric_platform_snapshots,context_type,4,'org'::text,NO,text,pg_catalog,text,,,,,,
postgres,public,metric_platform_snapshots,context_id,5,,YES,uuid,pg_catalog,uuid,,,,,,
postgres,public,metric_platform_snapshots,period_start,6,,NO,timestamp with time zone,pg_catalog,timestamptz,,,,6,,
postgres,public,metric_platform_snapshots,period_end,7,,NO,timestamp with time zone,pg_catalog,timestamptz,,,,6,,
postgres,public,metric_platform_snapshots,granularity,8,'day'::text,NO,text,pg_catalog,text,,,,,,
postgres,public,metric_platform_snapshots,value,9,,YES,double precision,pg_catalog,float8,,53,,,,
postgres,public,metric_platform_snapshots,numerator_value,10,,YES,double precision,pg_catalog,float8,,53,,,,
postgres,public,metric_platform_snapshots,denominator_value,11,,YES,double precision,pg_catalog,float8,,53,,,,
postgres,public,metric_platform_snapshots,dimension_values,12,,YES,jsonb,pg_catalog,jsonb,,,,,,
postgres,public,metric_platform_snapshots,health_state,13,'unknown'::text,NO,text,pg_catalog,text,,,,,,
postgres,public,metric_platform_snapshots,computed_at,14,,NO,timestamp with time zone,pg_catalog,timestamptz,,,,6,,
postgres,public,metric_platform_snapshots,created_at,15,now(),NO,timestamp with time zone,pg_catalog,timestamptz,,,,6,,
postgres,public,metric_rollups,id,1,gen_random_uuid(),NO,uuid,pg_catalog,uuid,,,,,,
postgres,public,metric_rollups,org_id,2,,NO,uuid,pg_catalog,uuid,,,,,,
postgres,public,metric_rollups,key,3,,NO,text,pg_catalog,text,,,,,,
postgres,public,metric_rollups,label,4,,NO,text,pg_catalog,text,,,,,,
postgres,public,metric_rollups,rollup_type,5,,NO,text,pg_catalog,text,,,,,,
postgres,public,metric_rollups,child_metric_config,6,"'{""metrics"": [], ""version"": 1}'::jsonb",NO,jsonb,pg_catalog,jsonb,,,,,,
postgres,public,metric_rollups,context_scope,7,'org'::text,NO,text,pg_catalog,text,,,,,,
postgres,public,metric_rollups,weight_config,8,,YES,jsonb,pg_catalog,jsonb,,,,,,
postgres,public,metric_rollups,threshold_config,9,,YES,jsonb,pg_catalog,jsonb,,,,,,
postgres,public,metric_rollups,status,10,'draft'::text,NO,text,pg_catalog,text,,,,,,
postgres,public,metric_rollups,version,11,1,NO,integer,pg_catalog,int4,,32,0,,,
postgres,public,metric_rollups,created_at,12,now(),NO,timestamp with time zone,pg_catalog,timestamptz,,,,6,,
postgres,public,metric_rollups,updated_at,13,now(),NO,timestamp with time zone,pg_catalog,timestamptz,,,,6,,
postgres,public,metric_snapshots,id,1,gen_random_uuid(),NO,uuid,pg_catalog,uuid,,,,,,
postgres,public,metric_snapshots,org_id,2,,NO,uuid,pg_catalog,uuid,,,,,,
postgres,public,metric_snapshots,metric_key,3,,NO,text,pg_catalog,text,,,,,,
postgres,public,metric_snapshots,window_key,4,,NO,text,pg_catalog,text,,,,,,
postgres,public,metric_snapshots,scope_type,5,'org'::text,NO,text,pg_catalog,text,,,,,,
postgres,public,metric_snapshots,scope_id,6,,YES,uuid,pg_catalog,uuid,,,,,,
postgres,public,metric_snapshots,dimension_key,7,,YES,text,pg_catalog,text,,,,,,
postgres,public,metric_snapshots,dimension_value,8,,YES,text,pg_catalog,text,,,,,,
postgres,public,metric_snapshots,value_numeric,9,,YES,double precision,pg_catalog,float8,,53,,,,
postgres,public,metric_snapshots,value_json,10,'{}'::jsonb,NO,jsonb,pg_catalog,jsonb,,,,,,
postgres,public,metric_snapshots,computed_at,11,,NO,timestamp with time zone,pg_catalog,timestamptz,,,,6,,
postgres,public,metric_snapshots,created_at,12,now(),NO,timestamp with time zone,pg_catalog,timestamptz,,,,6,,
postgres,public,metric_visualizations,id,1,gen_random_uuid(),NO,uuid,pg_catalog,uuid,,,,,,
postgres,public,metric_visualizations,org_id,2,,YES,uuid,pg_catalog,uuid,,,,,,
postgres,public,metric_visualizations,metric_definition_id,3,,NO,uuid,pg_catalog,uuid,,,,,,
postgres,public,metric_visualizations,key,4,,NO,text,pg_catalog,text,,,,,,
postgres,public,metric_visualizations,label,5,,NO,text,pg_catalog,text,,,,,,
postgres,public,metric_visualizations,visualization_type,6,,NO,text,pg_catalog,text,,,,,,
postgres,public,metric_visualizations,style_config,7,"'{""version"": 1}'::jsonb",NO,jsonb,pg_catalog,jsonb,,,,,,
postgres,public,metric_visualizations,display_config,8,"'{""version"": 1}'::jsonb",NO,jsonb,pg_catalog,jsonb,,,,,,
postgres,public,metric_visualizations,version,9,1,NO,integer,pg_catalog,int4,,32,0,,,
postgres,public,metric_visualizations,status,10,'draft'::text,NO,text,pg_catalog,text,,,,,,
postgres,public,metric_visualizations,created_at,11,now(),NO,timestamp with time zone,pg_catalog,timestamptz,,,,6,,
postgres,public,metric_visualizations,updated_at,12,now(),NO,timestamp with time zone,pg_catalog,timestamptz,,,,6,,
postgres,public,mutation_events,id,1,gen_random_uuid(),NO,uuid,pg_catalog,uuid,,,,,,
postgres,public,mutation_events,org_id,2,,NO,uuid,pg_catalog,uuid,,,,,,
postgres,public,mutation_events,mutation_id,3,gen_random_uuid(),NO,uuid,pg_catalog,uuid,,,,,,
postgres,public,mutation_events,command_key,4,,NO,text,pg_catalog,text,,,,,,
postgres,public,mutation_events,domain,5,,NO,text,pg_catalog,text,,,,,,
postgres,public,mutation_events,subject_id,6,,NO,uuid,pg_catalog,uuid,,,,,,
postgres,public,mutation_events,subject_type,7,,NO,text,pg_catalog,text,,,,,,
postgres,public,mutation_events,previous_state,8,,YES,text,pg_catalog,text,,,,,,
postgres,public,mutation_events,new_state,9,,NO,text,pg_catalog,text,,,,,,
postgres,public,mutation_events,operator_id,10,,YES,text,pg_catalog,text,,,,,,
postgres,public,mutation_events,origin,11,'operator'::text,NO,text,pg_catalog,text,,,,,,
postgres,public,mutation_events,override_reason,12,,YES,text,pg_catalog,text,,,,,,
postgres,public,mutation_events,context_payload,13,,YES,jsonb,pg_catalog,jsonb,,,,,,
postgres,public,mutation_events,committed_at,14,now(),NO,timestamp with time zone,pg_catalog,timestamptz,,,,6,,
postgres,public,mutation_events,effective_at,15,now(),NO,timestamp with time zone,pg_catalog,timestamptz,,,,6,,
postgres,public,operational_authorities,id,1,gen_random_uuid(),NO,uuid,pg_catalog,uuid,,,,,,
postgres,public,operational_authorities,org_id,2,,NO,uuid,pg_catalog,uuid,,,,,,
postgres,public,operational_authorities,authority_key,3,,NO,text,pg_catalog,text,,,,,,
postgres,public,operational_authorities,label,4,,NO,text,pg_catalog,text,,,,,,
postgres,public,operational_authorities,description,5,,YES,text,pg_catalog,text,,,,,,
postgres,public,operational_authorities,authority_kind,6,'operational'::text,NO,text,pg_catalog,text,,,,,,
postgres,public,operational_authorities,is_active,7,true,NO,boolean,pg_catalog,bool,,,,,,
postgres,public,operational_authorities,effective_start,8,now(),NO,timestamp with time zone,pg_catalog,timestamptz,,,,6,,
postgres,public,operational_authorities,effective_end,9,,YES,timestamp with time zone,pg_catalog,timestamptz,,,,6,,
postgres,public,operational_authorities,config_version_ref,10,,YES,jsonb,pg_catalog,jsonb,,,,,,
postgres,public,operational_authorities,created_by,11,,YES,uuid,pg_catalog,uuid,,,,,,
postgres,public,operational_authorities,created_at,12,now(),NO,timestamp with time zone,pg_catalog,timestamptz,,,,6,,
postgres,public,operational_authority_assignments,id,1,gen_random_uuid(),NO,uuid,pg_catalog,uuid,,,,,,
postgres,public,operational_authority_assignments,org_id,2,,NO,uuid,pg_catalog,uuid,,,,,,
postgres,public,operational_authority_assignments,authority_key,3,,NO,text,pg_catalog,text,,,,,,
postgres,public,operational_authority_assignments,holder_type,4,,NO,text,pg_catalog,text,,,,,,
postgres,public,operational_authority_assignments,holder_id,5,,NO,text,pg_catalog,text,,,,,,
postgres,public,operational_authority_assignments,scope_type,6,'organization'::text,NO,text,pg_catalog,text,,,,,,
postgres,public,operational_authority_assignments,scope_id,7,,YES,text,pg_catalog,text,,,,,,
postgres,public,operational_authority_assignments,status,8,'granted'::text,NO,text,pg_catalog,text,,,,,,
postgres,public,operational_authority_assignments,effective_start,9,now(),NO,timestamp with time zone,pg_catalog,timestamptz,,,,6,,
postgres,public,operational_authority_assignments,effective_end,10,,YES,timestamp with time zone,pg_catalog,timestamptz,,,,6,,
postgres,public,operational_authority_assignments,supersedes_assignment_id,11,,YES,uuid,pg_catalog,uuid,,,,,,
postgres,public,operational_authority_assignments,source,12,'operator'::text,NO,text,pg_catalog,text,,,,,,
postgres,public,operational_authority_assignments,granted_by,13,,YES,uuid,pg_catalog,uuid,,,,,,
postgres,public,operational_authority_assignments,recorded_at,14,now(),NO,timestamp with time zone,pg_catalog,timestamptz,,,,6,,
postgres,public,operational_authority_assignments,metadata,15,'{}'::jsonb,NO,jsonb,pg_catalog,jsonb,,,,,,
postgres,public,operational_expectation_ratifications,id,1,gen_random_uuid(),NO,uuid,pg_catalog,uuid,,,,,,
postgres,public,operational_expectation_ratifications,org_id,2,,NO,uuid,pg_catalog,uuid,,,,,,
postgres,public,operational_expectation_ratifications,expectation_id,3,,NO,uuid,pg_catalog,uuid,,,,,,
postgres,public,operational_expectation_ratifications,lineage_root_id,4,,YES,uuid,pg_catalog,uuid,,,,,,
postgres,public,operational_expectation_ratifications,prior_standing,5,,NO,text,pg_catalog,text,,,,,,
postgres,public,operational_expectation_ratifications,new_standing,6,'binding'::text,NO,text,pg_catalog,text,,,,,,
postgres,public,operational_expectation_ratifications,ratifier_authority_key,7,,NO,text,pg_catalog,text,,,,,,
postgres,public,operational_expectation_ratifications,ratified_by_user_id,8,,YES,uuid,pg_catalog,uuid,,,,,,
postgres,public,operational_expectation_ratifications,ratified_by_label,9,,YES,text,pg_catalog,text,,,,,,
postgres,public,operational_expectation_ratifications,rationale,10,,YES,text,pg_catalog,text,,,,,,
postgres,public,operational_expectation_ratifications,idempotency_key,11,,YES,text,pg_catalog,text,,,,,,
postgres,public,operational_expectation_ratifications,payload_fingerprint,12,,YES,text,pg_catalog,text,,,,,,
postgres,public,operational_expectation_ratifications,ratified_at,13,now(),NO,timestamp with time zone,pg_catalog,timestamptz,,,,6,,
postgres,public,operational_expectation_ratifications,metadata,14,'{}'::jsonb,NO,jsonb,pg_catalog,jsonb,,,,,,
postgres,public,operational_expectations,id,1,gen_random_uuid(),NO,uuid,pg_catalog,uuid,,,,,,
postgres,public,operational_expectations,org_id,2,,NO,uuid,pg_catalog,uuid,,,,,,
postgres,public,operational_expectations,authority_key,3,,NO,text,pg_catalog,text,,,,,,
postgres,public,operational_expectations,author_class,4,,NO,text,pg_catalog,text,,,,,,
postgres,public,operational_expectations,modality,5,,NO,text,pg_catalog,text,,,,,,
postgres,public,operational_expectations,subject_kind,6,,NO,text,pg_catalog,text,,,,,,
postgres,public,operational_expectations,subject_ref,7,,NO,jsonb,pg_catalog,jsonb,,,,,,
postgres,public,operational_expectations,condition,8,,NO,jsonb,pg_catalog,jsonb,,,,,,
postgres,public,operational_expectations,temporal_frame,9,,NO,jsonb,pg_catalog,jsonb,,,,,,
postgres,public,operational_expectations,beneficiary,10,,YES,jsonb,pg_catalog,jsonb,,,,,,
postgres,public,operational_expectations,verb,11,,NO,text,pg_catalog,text,,,,,,
postgres,public,operational_expectations,transition_type,12,,YES,text,pg_catalog,text,,,,,,
postgres,public,operational_expectations,supersedes_expectation_id,13,,YES,uuid,pg_catalog,uuid,,,,,,
postgres,public,operational_expectations,lineage_root_id,14,,YES,uuid,pg_catalog,uuid,,,,,,
postgres,public,operational_expectations,standing,15,,NO,text,pg_catalog,text,,,,,,
postgres,public,operational_expectations,footprint,16,'{}'::jsonb,NO,jsonb,pg_catalog,jsonb,,,,,,
postgres,public,operational_expectations,valid_from,17,,NO,timestamp with time zone,pg_catalog,timestamptz,,,,6,,
postgres,public,operational_expectations,valid_to,18,,YES,timestamp with time zone,pg_catalog,timestamptz,,,,6,,
postgres,public,operational_expectations,authored_at,19,now(),NO,timestamp with time zone,pg_catalog,timestamptz,,,,6,,
postgres,public,operational_expectations,config_version_ref,20,,YES,jsonb,pg_catalog,jsonb,,,,,,
postgres,public,operational_expectations,authored_by_user_id,21,,YES,uuid,pg_catalog,uuid,,,,,,
postgres,public,operational_expectations,authored_by_label,22,,YES,text,pg_catalog,text,,,,,,
postgres,public,operational_expectations,schema_version,23,1,NO,integer,pg_catalog,int4,,32,0,,,
postgres,public,operational_expectations,metadata,24,'{}'::jsonb,NO,jsonb,pg_catalog,jsonb,,,,,,
postgres,public,operational_expectations,created_by,25,,YES,uuid,pg_catalog,uuid,,,,,,
postgres,public,operational_expectations,idempotency_key,26,,YES,text,pg_catalog,text,,,,,,
postgres,public,operational_expectations,payload_fingerprint,27,,YES,text,pg_catalog,text,,,,,,
postgres,public,operational_expectations,authority_assignment_id,28,,YES,uuid,pg_catalog,uuid,,,,,,
postgres,public,operational_expectations,authority_matched_scope,29,,YES,text,pg_catalog,text,,,,,,
postgres,public,operational_tasks,id,1,gen_random_uuid(),NO,uuid,pg_catalog,uuid,,,,,,
postgres,public,operational_tasks,org_id,2,,NO,uuid,pg_catalog,uuid,,,,,,
postgres,public,operational_tasks,entity_type,3,,YES,text,pg_catalog,text,,,,,,
postgres,public,operational_tasks,entity_id,4,,YES,uuid,pg_catalog,uuid,,,,,,
postgres,public,operational_tasks,assigned_to_user_id,5,,YES,uuid,pg_catalog,uuid,,,,,,
postgres,public,operational_tasks,created_by,6,,NO,uuid,pg_catalog,uuid,,,,,,
postgres,public,operational_tasks,title,7,,NO,text,pg_catalog,text,,,,,,
postgres,public,operational_tasks,description,8,,YES,text,pg_catalog,text,,,,,,
postgres,public,operational_tasks,due_at,9,,NO,timestamp with time zone,pg_catalog,timestamptz,,,,6,,
postgres,public,operational_tasks,status,10,'open'::text,NO,text,pg_catalog,text,,,,,,
postgres,public,operational_tasks,source,11,'task_assist'::text,NO,text,pg_catalog,text,,,,,,
postgres,public,operational_tasks,proposal_id,12,,YES,uuid,pg_catalog,uuid,,,,,,
postgres,public,operational_tasks,metadata,13,'{}'::jsonb,NO,jsonb,pg_catalog,jsonb,,,,,,
postgres,public,operational_tasks,created_at,14,now(),NO,timestamp with time zone,pg_catalog,timestamptz,,,,6,,
postgres,public,operational_tasks,updated_at,15,now(),NO,timestamp with time zone,pg_catalog,timestamptz,,,,6,,
postgres,public,operator_stage_membership_acks,id,1,gen_random_uuid(),NO,uuid,pg_catalog,uuid,,,,,,
postgres,public,operator_stage_membership_acks,org_id,2,,NO,uuid,pg_catalog,uuid,,,,,,
postgres,public,operator_stage_membership_acks,user_id,3,,NO,uuid,pg_catalog,uuid,,,,,,
postgres,public,operator_stage_membership_acks,subject_type,4,,NO,text,pg_catalog,text,,,,,,
postgres,public,operator_stage_membership_acks,subject_id,5,,NO,uuid,pg_catalog,uuid,,,,,,
postgres,public,operator_stage_membership_acks,stage_key,6,,NO,text,pg_catalog,text,,,,,,
postgres,public,operator_stage_membership_acks,stage_entered_at,7,,NO,timestamp with time zone,pg_catalog,timestamptz,,,,6,,
postgres,public,operator_stage_membership_acks,occurrence_key,8,,NO,text,pg_catalog,text,,,,,,
postgres,public,operator_stage_membership_acks,seen_at,9,now(),NO,timestamp with time zone,pg_catalog,timestamptz,,,,6,,
postgres,public,operator_stage_membership_acks,created_at,10,now(),NO,timestamp with time zone,pg_catalog,timestamptz,,,,6,,
postgres,public,opportunities,id,1,gen_random_uuid(),NO,uuid,pg_catalog,uuid,,,,,,
postgres,public,opportunities,vertical_id,2,,YES,uuid,pg_catalog,uuid,,,,,,
postgres,public,opportunities,customer_id,3,,YES,uuid,pg_catalog,uuid,,,,,,
postgres,public,opportunities,primary_contact_id,4,,YES,uuid,pg_catalog,uuid,,,,,,
postgres,public,opportunities,location_id,5,,YES,uuid,pg_catalog,uuid,,,,,,
postgres,public,opportunities,name,6,,YES,text,pg_catalog,text,,,,,,
postgres,public,opportunities,pipeline_id,7,,YES,uuid,pg_catalog,uuid,,,,,,
postgres,public,opportunities,pipeline_stage_id,8,,YES,uuid,pg_catalog,uuid,,,,,,
postgres,public,opportunities,source,10,,YES,text,pg_catalog,text,,,,,,
postgres,public,opportunities,lost_reason,11,,YES,text,pg_catalog,text,,,,,,
postgres,public,opportunities,assigned_to,12,,YES,text,pg_catalog,text,,,,,,
postgres,public,opportunities,job_date,13,,YES,date,pg_catalog,date,,,,0,,
postgres,public,opportunities,job_time_window,14,,YES,text,pg_catalog,text,,,,,,
postgres,public,opportunities,appointment_id,15,,YES,text,pg_catalog,text,,,,,,
postgres,public,opportunities,customer_notes,16,,YES,text,pg_catalog,text,,,,,,
postgres,public,opportunities,monetary_value_cents,17,,YES,integer,pg_catalog,int4,,32,0,,,
postgres,public,opportunities,estimated_price_cents,18,,YES,integer,pg_catalog,int4,,32,0,,,
postgres,public,opportunities,recurring_price_cents,19,,YES,integer,pg_catalog,int4,,32,0,,,
postgres,public,opportunities,price_breakdown,20,,YES,text,pg_catalog,text,,,,,,
postgres,public,opportunities,external_source,21,,YES,text,pg_catalog,text,,,,,,
postgres,public,opportunities,external_id,22,,YES,text,pg_catalog,text,,,,,,
postgres,public,opportunities,metadata,23,'{}'::jsonb,NO,jsonb,pg_catalog,jsonb,,,,,,
postgres,public,opportunities,created_at,24,now(),NO,timestamp with time zone,pg_catalog,timestamptz,,,,6,,
postgres,public,opportunities,updated_at,25,,YES,timestamp with time zone,pg_catalog,timestamptz,,,,6,,
postgres,public,opportunities,title,26,,YES,text,pg_catalog,text,,,,,,
postgres,public,opportunities,org_id,27,,YES,uuid,pg_catalog,uuid,,,,,,
postgres,public,opportunities,discount_code_id,28,,YES,uuid,pg_catalog,uuid,,,,,,
postgres,public,opportunities,discount_code,29,,YES,text,pg_catalog,text,,,,,,
postgres,public,opportunities,quote_subtotal,30,,YES,numeric,pg_catalog,numeric,,10,2,,,
postgres,public,opportunities,discount_amount,31,,YES,numeric,pg_catalog,numeric,,10,2,,,
postgres,public,opportunities,quote_total,32,,YES,numeric,pg_catalog,numeric,,10,2,,,
postgres,public,opportunities,discount_validated_at,33,,YES,timestamp with time zone,pg_catalog,timestamptz,,,,6,,
postgres,public,opportunities,status_key,34,,YES,text,pg_catalog,text,,,,,,
postgres,public,opportunities,primary_person_id,35,,YES,uuid,pg_catalog,uuid,,,,,,
postgres,public,opportunities,discount_program_id,36,,YES,uuid,pg_catalog,uuid,,,,,,
postgres,public,opportunities,opportunity_number,37,,NO,bigint,pg_catalog,int8,,64,0,,,
postgres,public,opportunities,quote_is_overridden,38,false,NO,boolean,pg_catalog,bool,,,,,,
postgres,public,opportunities,quote_override_total,39,,YES,numeric,pg_catalog,numeric,,10,2,,,
postgres,public,opportunities,quote_override_reason,40,,YES,text,pg_catalog,text,,,,,,
postgres,public,opportunities,work_unit_id,41,,YES,uuid,pg_catalog,uuid,,,,,,
postgres,public,opportunities,stage_key,42,,YES,text,pg_catalog,text,,,,,,
postgres,public,opportunities,close_reason_key,43,,YES,text,pg_catalog,text,,,,,,
postgres,public,opportunities,stage_entered_at,44,,YES,timestamp with time zone,pg_catalog,timestamptz,,,,6,,
postgres,public,opportunity_customer_members,id,1,gen_random_uuid(),NO,uuid,pg_catalog,uuid,,,,,,
postgres,public,opportunity_customer_members,org_id,2,,NO,uuid,pg_catalog,uuid,,,,,,
postgres,public,opportunity_customer_members,opportunity_id,3,,NO,uuid,pg_catalog,uuid,,,,,,
postgres,public,opportunity_customer_members,customer_member_id,4,,NO,uuid,pg_catalog,uuid,,,,,,
postgres,public,opportunity_customer_members,schedule_type,6,,YES,text,pg_catalog,text,,,,,,
postgres,public,opportunity_customer_members,fit_status,7,,YES,text,pg_catalog,text,,,,,,
postgres,public,opportunity_customer_members,notes,8,,YES,text,pg_catalog,text,,,,,,
postgres,public,opportunity_customer_members,metadata,9,'{}'::jsonb,NO,jsonb,pg_catalog,jsonb,,,,,,
postgres,public,opportunity_customer_members,created_at,10,now(),NO,timestamp with time zone,pg_catalog,timestamptz,,,,6,,
postgres,public,opportunity_customer_members,updated_at,11,,YES,timestamp with time zone,pg_catalog,timestamptz,,,,6,,
postgres,public,opportunity_customer_members,outcome_status_key,12,,YES,text,pg_catalog,text,,,,,,
postgres,public,opportunity_customer_members,start_date,13,,YES,date,pg_catalog,date,,,,0,,
postgres,public,opportunity_customer_members,location_id,14,,YES,uuid,pg_catalog,uuid,,,,,,
postgres,public,opportunity_customer_members,program_room_cohort_key,15,,YES,text,pg_catalog,text,,,,,,
postgres,public,opportunity_customer_members,program_category_id,16,,YES,uuid,pg_catalog,uuid,,,,,,
postgres,public,opportunity_customer_members,stage_key,17,,YES,text,pg_catalog,text,,,,,,
postgres,public,opportunity_customer_members,close_reason_key,18,,YES,text,pg_catalog,text,,,,,,
postgres,public,opportunity_persons,id,1,gen_random_uuid(),NO,uuid,pg_catalog,uuid,,,,,,
postgres,public,opportunity_persons,org_id,2,,NO,uuid,pg_catalog,uuid,,,,,,
postgres,public,opportunity_persons,opportunity_id,3,,NO,uuid,pg_catalog,uuid,,,,,,
postgres,public,opportunity_persons,person_id,4,,NO,uuid,pg_catalog,uuid,,,,,,
postgres,public,opportunity_persons,role_type,5,'family_member'::text,NO,text,pg_catalog,text,,,,,,
postgres,public,opportunity_persons,metadata,6,'{}'::jsonb,NO,jsonb,pg_catalog,jsonb,,,,,,
postgres,public,opportunity_persons,created_at,7,now(),NO,timestamp with time zone,pg_catalog,timestamptz,,,,6,,
postgres,public,opportunity_persons,updated_at,8,,YES,timestamp with time zone,pg_catalog,timestamptz,,,,6,,
postgres,public,opportunity_tags,opportunity_id,1,,NO,uuid,pg_catalog,uuid,,,,,,
postgres,public,opportunity_tags,tag_id,2,,NO,uuid,pg_catalog,uuid,,,,,,
postgres,public,opportunity_tags,created_at,3,now(),NO,timestamp with time zone,pg_catalog,timestamptz,,,,6,,
postgres,public,option_set_items,id,1,gen_random_uuid(),NO,uuid,pg_catalog,uuid,,,,,,
postgres,public,option_set_items,option_set_id,2,,NO,uuid,pg_catalog,uuid,,,,,,
postgres,public,option_set_items,item_key,3,,NO,text,pg_catalog,text,,,,,,
postgres,public,option_set_items,label,4,,NO,text,pg_catalog,text,,,,,,
postgres,public,option_set_items,sort_order,5,0,NO,integer,pg_catalog,int4,,32,0,,,
postgres,public,option_set_items,metadata,6,'{}'::jsonb,NO,jsonb,pg_catalog,jsonb,,,,,,
postgres,public,option_set_items,created_at,7,now(),NO,timestamp with time zone,pg_catalog,timestamptz,,,,6,,
postgres,public,option_set_items,updated_at,8,,YES,timestamp with time zone,pg_catalog,timestamptz,,,,6,,
postgres,public,option_sets,id,1,gen_random_uuid(),NO,uuid,pg_catalog,uuid,,,,,,
postgres,public,option_sets,org_id,2,,NO,uuid,pg_catalog,uuid,,,,,,
postgres,public,option_sets,set_key,3,,NO,text,pg_catalog,text,,,,,,
postgres,public,option_sets,label,4,,NO,text,pg_catalog,text,,,,,,
postgres,public,option_sets,sort_order,5,0,NO,integer,pg_catalog,int4,,32,0,,,
postgres,public,option_sets,created_at,6,now(),NO,timestamp with time zone,pg_catalog,timestamptz,,,,6,,
postgres,public,option_sets,updated_at,7,,YES,timestamp with time zone,pg_catalog,timestamptz,,,,6,,
postgres,public,option_sets,config,8,'{}'::jsonb,NO,jsonb,pg_catalog,jsonb,,,,,,
postgres,public,org_settings,id,1,gen_random_uuid(),NO,uuid,pg_catalog,uuid,,,,,,
postgres,public,org_settings,org_id,2,,NO,uuid,pg_catalog,uuid,,,,,,
postgres,public,org_settings,payout_type,3,'percentage'::text,NO,text,pg_catalog,text,,,,,,
postgres,public,org_settings,payout_value,4,0,NO,numeric,pg_catalog,numeric,,,,,,
postgres,public,org_settings,metadata,5,'{}'::jsonb,NO,jsonb,pg_catalog,jsonb,,,,,,
postgres,public,org_settings,created_at,6,now(),NO,timestamp with time zone,pg_catalog,timestamptz,,,,6,,
postgres,public,org_settings,updated_at,7,,YES,timestamp with time zone,pg_catalog,timestamptz,,,,6,,
postgres,public,orgs,id,1,gen_random_uuid(),NO,uuid,pg_catalog,uuid,,,,,,
postgres,public,orgs,name,2,,NO,text,pg_catalog,text,,,,,,
postgres,public,orgs,slug,3,,NO,text,pg_catalog,text,,,,,,
postgres,public,orgs,status,4,'active'::text,NO,text,pg_catalog,text,,,,,,
postgres,public,orgs,created_at,5,now(),NO,timestamp with time zone,pg_catalog,timestamptz,,,,6,,
postgres,public,orgs,industry_id,6,,YES,uuid,pg_catalog,uuid,,,,,,
postgres,public,payment_allocations,id,1,gen_random_uuid(),NO,uuid,pg_catalog,uuid,,,,,,
postgres,public,payment_allocations,org_id,2,,NO,uuid,pg_catalog,uuid,,,,,,
postgres,public,payment_allocations,payment_id,3,,NO,uuid,pg_catalog,uuid,,,,,,
postgres,public,payment_allocations,target_entity_type,4,,NO,text,pg_catalog,text,,,,,,
postgres,public,payment_allocations,target_entity_id,5,,NO,uuid,pg_catalog,uuid,,,,,,
postgres,public,payment_allocations,allocated_amount_cents,6,,NO,bigint,pg_catalog,int8,,64,0,,,
postgres,public,payment_allocations,status,7,,NO,text,pg_catalog,text,,,,,,
postgres,public,payment_allocations,allocation_type,8,,NO,text,pg_catalog,text,,,,,,
postgres,public,payment_allocations,allocated_at,9,now(),NO,timestamp with time zone,pg_catalog,timestamptz,,,,6,,
postgres,public,payment_allocations,reversed_at,10,,YES,timestamp with time zone,pg_catalog,timestamptz,,,,6,,
postgres,public,payment_allocations,reversal_reason,11,,YES,text,pg_catalog,text,,,,,,
postgres,public,payment_allocations,notes,12,,YES,text,pg_catalog,text,,,,,,
postgres,public,payment_allocations,metadata,13,'{}'::jsonb,NO,jsonb,pg_catalog,jsonb,,,,,,
postgres,public,payment_allocations,created_at,14,now(),NO,timestamp with time zone,pg_catalog,timestamptz,,,,6,,
postgres,public,payment_allocations,updated_at,15,now(),NO,timestamp with time zone,pg_catalog,timestamptz,,,,6,,
postgres,public,payment_allocations,created_by,16,,YES,uuid,pg_catalog,uuid,,,,,,
postgres,public,payment_allocations,updated_by,17,,YES,uuid,pg_catalog,uuid,,,,,,
postgres,public,payment_allocations,charge_id,18,,YES,uuid,pg_catalog,uuid,,,,,,
postgres,public,payment_statuses,id,1,gen_random_uuid(),NO,uuid,pg_catalog,uuid,,,,,,
postgres,public,payment_statuses,key,2,,NO,text,pg_catalog,text,,,,,,
postgres,public,payment_statuses,label,3,,NO,text,pg_catalog,text,,,,,,
postgres,public,payment_statuses,position,4,0,NO,integer,pg_catalog,int4,,32,0,,,
postgres,public,payment_statuses,is_active,5,true,NO,boolean,pg_catalog,bool,,,,,,
postgres,public,payments,id,1,gen_random_uuid(),NO,uuid,pg_catalog,uuid,,,,,,
postgres,public,payments,job_id,2,,YES,uuid,pg_catalog,uuid,,,,,,
postgres,public,payments,customer_id,3,,YES,uuid,pg_catalog,uuid,,,,,,
postgres,public,payments,amount_cents,4,,NO,bigint,pg_catalog,int8,,64,0,,,
postgres,public,payments,currency,5,'USD'::text,NO,text,pg_catalog,text,,,,,,
postgres,public,payments,payment_status_id,6,,YES,uuid,pg_catalog,uuid,,,,,,
postgres,public,payments,provider,7,,YES,text,pg_catalog,text,,,,,,
postgres,public,payments,provider_payment_id,8,,YES,text,pg_catalog,text,,,,,,
postgres,public,payments,paid_at,9,,YES,timestamp with time zone,pg_catalog,timestamptz,,,,6,,
postgres,public,payments,notes,10,,YES,text,pg_catalog,text,,,,,,
postgres,public,payments,metadata,11,'{}'::jsonb,NO,jsonb,pg_catalog,jsonb,,,,,,
postgres,public,payments,created_at,12,now(),NO,timestamp with time zone,pg_catalog,timestamptz,,,,6,,
postgres,public,payments,updated_at,13,now(),NO,timestamp with time zone,pg_catalog,timestamptz,,,,6,,
postgres,public,payments,org_id,14,,NO,uuid,pg_catalog,uuid,,,,,,
postgres,public,payments,posted_to_ledger_at,15,,YES,timestamp with time zone,pg_catalog,timestamptz,,,,6,,
postgres,public,payments,status_key,16,,YES,text,pg_catalog,text,,,,,,
postgres,public,payments,status,17,,NO,text,pg_catalog,text,,,,,,
postgres,public,payments,direction,18,,NO,text,pg_catalog,text,,,,,,
postgres,public,payments,received_at,19,,NO,timestamp with time zone,pg_catalog,timestamptz,,,,6,,
postgres,public,payments,effective_at,20,,YES,timestamp with time zone,pg_catalog,timestamptz,,,,6,,
postgres,public,payments,posted_at,21,,YES,timestamp with time zone,pg_catalog,timestamptz,,,,6,,
postgres,public,payments,failed_at,22,,YES,timestamp with time zone,pg_catalog,timestamptz,,,,6,,
postgres,public,payments,voided_at,23,,YES,timestamp with time zone,pg_catalog,timestamptz,,,,6,,
postgres,public,payments,payer_entity_type,24,,YES,text,pg_catalog,text,,,,,,
postgres,public,payments,payer_entity_id,25,,YES,uuid,pg_catalog,uuid,,,,,,
postgres,public,payments,payment_method,26,,NO,text,pg_catalog,text,,,,,,
postgres,public,payments,processor,27,,YES,text,pg_catalog,text,,,,,,
postgres,public,payments,processor_transaction_id,28,,YES,text,pg_catalog,text,,,,,,
postgres,public,payments,reference_number,29,,YES,text,pg_catalog,text,,,,,,
postgres,public,payments,deposit_batch_id,30,,YES,uuid,pg_catalog,uuid,,,,,,
postgres,public,payments,created_by,31,,YES,uuid,pg_catalog,uuid,,,,,,
postgres,public,payments,updated_by,32,,YES,uuid,pg_catalog,uuid,,,,,,
postgres,public,permission_definitions,id,1,gen_random_uuid(),NO,uuid,pg_catalog,uuid,,,,,,
postgres,public,permission_definitions,key,2,,NO,text,pg_catalog,text,,,,,,
postgres,public,permission_definitions,group_key,3,,NO,text,pg_catalog,text,,,,,,
postgres,public,permission_definitions,label,4,,NO,text,pg_catalog,text,,,,,,
postgres,public,permission_definitions,description,5,,YES,text,pg_catalog,text,,,,,,
postgres,public,permission_definitions,is_active,6,true,NO,boolean,pg_catalog,bool,,,,,,
postgres,public,permission_definitions,created_at,7,now(),NO,timestamp with time zone,pg_catalog,timestamptz,,,,6,,
postgres,public,permission_definitions,updated_at,8,,YES,timestamp with time zone,pg_catalog,timestamptz,,,,6,,
postgres,public,permission_keys,key,1,,NO,text,pg_catalog,text,,,,,,
postgres,public,permission_keys,label,2,,NO,text,pg_catalog,text,,,,,,
postgres,public,permission_keys,group_key,3,'general'::text,NO,text,pg_catalog,text,,,,,,
postgres,public,permission_keys,description,4,,YES,text,pg_catalog,text,,,,,,
postgres,public,permission_keys,is_active,5,true,NO,boolean,pg_catalog,bool,,,,,,
postgres,public,permission_keys,created_at,6,now(),NO,timestamp with time zone,pg_catalog,timestamptz,,,,6,,
postgres,public,permissions,key,1,,NO,text,pg_catalog,text,,,,,,
postgres,public,permissions,group_key,2,,NO,text,pg_catalog,text,,,,,,
postgres,public,permissions,label,3,,NO,text,pg_catalog,text,,,,,,
postgres,public,permissions,is_active,4,true,NO,boolean,pg_catalog,bool,,,,,,
postgres,public,permissions,created_at,5,now(),NO,timestamp with time zone,pg_catalog,timestamptz,,,,6,,
postgres,public,person_child_relationship_roles,id,1,gen_random_uuid(),NO,uuid,pg_catalog,uuid,,,,,,
postgres,public,person_child_relationship_roles,org_id,2,,NO,uuid,pg_catalog,uuid,,,,,,
postgres,public,person_child_relationship_roles,relationship_id,3,,NO,uuid,pg_catalog,uuid,,,,,,
postgres,public,person_child_relationship_roles,role_key,4,,NO,text,pg_catalog,text,,,,,,
postgres,public,person_child_relationship_roles,is_active,5,true,NO,boolean,pg_catalog,bool,,,,,,
postgres,public,person_child_relationship_roles,created_at,6,now(),NO,timestamp with time zone,pg_catalog,timestamptz,,,,6,,
postgres,public,person_child_relationship_roles,updated_at,7,,YES,timestamp with time zone,pg_catalog,timestamptz,,,,6,,
postgres,public,person_child_relationships,id,1,gen_random_uuid(),NO,uuid,pg_catalog,uuid,,,,,,
postgres,public,person_child_relationships,org_id,2,,NO,uuid,pg_catalog,uuid,,,,,,
postgres,public,person_child_relationships,customer_id,3,,NO,uuid,pg_catalog,uuid,,,,,,
postgres,public,person_child_relationships,customer_member_id,4,,NO,uuid,pg_catalog,uuid,,,,,,
postgres,public,person_child_relationships,person_id,5,,NO,uuid,pg_catalog,uuid,,,,,,
postgres,public,person_child_relationships,relationship_type,6,,YES,text,pg_catalog,text,,,,,,
postgres,public,person_child_relationships,priority,7,,YES,integer,pg_catalog,int4,,32,0,,,
postgres,public,person_child_relationships,status,8,'active'::text,NO,text,pg_catalog,text,,,,,,
postgres,public,person_child_relationships,metadata,9,'{}'::jsonb,NO,jsonb,pg_catalog,jsonb,,,,,,
postgres,public,person_child_relationships,created_at,10,now(),NO,timestamp with time zone,pg_catalog,timestamptz,,,,6,,
postgres,public,person_child_relationships,updated_at,11,,YES,timestamp with time zone,pg_catalog,timestamptz,,,,6,,
postgres,public,person_locations,id,1,gen_random_uuid(),NO,uuid,pg_catalog,uuid,,,,,,
postgres,public,person_locations,org_id,2,,NO,uuid,pg_catalog,uuid,,,,,,
postgres,public,person_locations,person_id,3,,NO,uuid,pg_catalog,uuid,,,,,,
postgres,public,person_locations,location_id,4,,NO,uuid,pg_catalog,uuid,,,,,,
postgres,public,person_locations,relationship_type,5,'associated'::text,NO,text,pg_catalog,text,,,,,,
postgres,public,person_locations,is_primary,6,false,NO,boolean,pg_catalog,bool,,,,,,
postgres,public,person_locations,metadata,7,'{}'::jsonb,NO,jsonb,pg_catalog,jsonb,,,,,,
postgres,public,person_locations,created_at,8,now(),NO,timestamp with time zone,pg_catalog,timestamptz,,,,6,,
postgres,public,person_locations,updated_at,9,,YES,timestamp with time zone,pg_catalog,timestamptz,,,,6,,
postgres,public,person_relationship_type_settings,id,1,gen_random_uuid(),NO,uuid,pg_catalog,uuid,,,,,,
postgres,public,person_relationship_type_settings,org_id,2,,NO,uuid,pg_catalog,uuid,,,,,,
postgres,public,person_relationship_type_settings,key,3,,NO,text,pg_catalog,text,,,,,,
postgres,public,person_relationship_type_settings,label,4,,NO,text,pg_catalog,text,,,,,,
postgres,public,person_relationship_type_settings,description,5,,YES,text,pg_catalog,text,,,,,,
postgres,public,person_relationship_type_settings,sort_order,6,100,NO,integer,pg_catalog,int4,,32,0,,,
postgres,public,person_relationship_type_settings,is_system,7,false,NO,boolean,pg_catalog,bool,,,,,,
postgres,public,person_relationship_type_settings,is_active,8,true,NO,boolean,pg_catalog,bool,,,,,,
postgres,public,person_relationship_type_settings,metadata,9,'{}'::jsonb,NO,jsonb,pg_catalog,jsonb,,,,,,
postgres,public,person_relationship_type_settings,created_at,10,now(),NO,timestamp with time zone,pg_catalog,timestamptz,,,,6,,
postgres,public,person_relationship_type_settings,updated_at,11,now(),NO,timestamp with time zone,pg_catalog,timestamptz,,,,6,,
postgres,public,person_relationship_type_settings,vertical_id,12,,YES,uuid,pg_catalog,uuid,,,,,,
postgres,public,person_relationship_type_settings,industry_id,13,,YES,uuid,pg_catalog,uuid,,,,,,
postgres,public,person_relationships,id,1,gen_random_uuid(),NO,uuid,pg_catalog,uuid,,,,,,
postgres,public,person_relationships,org_id,2,,NO,uuid,pg_catalog,uuid,,,,,,
postgres,public,person_relationships,from_person_id,3,,NO,uuid,pg_catalog,uuid,,,,,,
postgres,public,person_relationships,to_person_id,4,,NO,uuid,pg_catalog,uuid,,,,,,
postgres,public,person_relationships,relationship_type,5,,NO,text,pg_catalog,text,,,,,,
postgres,public,person_relationships,is_primary,6,false,NO,boolean,pg_catalog,bool,,,,,,
postgres,public,person_relationships,status,7,,YES,text,pg_catalog,text,,,,,,
postgres,public,person_relationships,metadata,8,'{}'::jsonb,NO,jsonb,pg_catalog,jsonb,,,,,,
postgres,public,person_relationships,created_at,9,now(),NO,timestamp with time zone,pg_catalog,timestamptz,,,,6,,
postgres,public,person_relationships,updated_at,10,,YES,timestamp with time zone,pg_catalog,timestamptz,,,,6,,
postgres,public,persons,id,1,gen_random_uuid(),NO,uuid,pg_catalog,uuid,,,,,,
postgres,public,persons,org_id,2,,NO,uuid,pg_catalog,uuid,,,,,,
postgres,public,persons,first_name,3,,YES,text,pg_catalog,text,,,,,,
postgres,public,persons,last_name,4,,YES,text,pg_catalog,text,,,,,,
postgres,public,persons,full_name,5,,YES,text,pg_catalog,text,,,,,,
postgres,public,persons,preferred_name,6,,YES,text,pg_catalog,text,,,,,,
postgres,public,persons,email,7,,YES,text,pg_catalog,text,,,,,,
postgres,public,persons,phone,8,,YES,text,pg_catalog,text,,,,,,
postgres,public,persons,date_of_birth,9,,YES,date,pg_catalog,date,,,,0,,
postgres,public,persons,status_key,11,,YES,text,pg_catalog,text,,,,,,
postgres,public,persons,external_source,12,,YES,text,pg_catalog,text,,,,,,
postgres,public,persons,external_id,13,,YES,text,pg_catalog,text,,,,,,
postgres,public,persons,metadata,14,'{}'::jsonb,NO,jsonb,pg_catalog,jsonb,,,,,,
postgres,public,persons,created_at,15,now(),NO,timestamp with time zone,pg_catalog,timestamptz,,,,6,,
postgres,public,persons,updated_at,16,,YES,timestamp with time zone,pg_catalog,timestamptz,,,,6,,
postgres,public,persons,archived_at,17,,YES,timestamp with time zone,pg_catalog,timestamptz,,,,6,,
postgres,public,persons,archived_by,18,,YES,uuid,pg_catalog,uuid,,,,,,
postgres,public,persons,person_number,19,,NO,bigint,pg_catalog,int8,,64,0,,,
postgres,public,persons,is_employee,20,,YES,boolean,pg_catalog,bool,,,,,,
postgres,public,persons,employee_id,21,,YES,text,pg_catalog,text,,,,,,
postgres,public,persons,employee_source,22,,YES,text,pg_catalog,text,,,,,,
postgres,public,pipeline_stages,id,1,gen_random_uuid(),NO,uuid,pg_catalog,uuid,,,,,,
postgres,public,pipeline_stages,pipeline_id,2,,NO,uuid,pg_catalog,uuid,,,,,,
postgres,public,pipeline_stages,ghl_stage_uuid,3,,YES,uuid,pg_catalog,uuid,,,,,,
postgres,public,pipeline_stages,name,4,,NO,text,pg_catalog,text,,,,,,
postgres,public,pipeline_stages,position,5,0,NO,integer,pg_catalog,int4,,32,0,,,
postgres,public,pipeline_stages,show_in_funnel,6,true,NO,boolean,pg_catalog,bool,,,,,,
postgres,public,pipeline_stages,show_in_pie_chart,7,true,NO,boolean,pg_catalog,bool,,,,,,
postgres,public,pipeline_stages,org_id,8,,YES,uuid,pg_catalog,uuid,,,,,,
postgres,public,pipeline_stages,key,9,,YES,text,pg_catalog,text,,,,,,
postgres,public,pipelines,id,1,gen_random_uuid(),NO,uuid,pg_catalog,uuid,,,,,,
postgres,public,pipelines,name,2,,NO,text,pg_catalog,text,,,,,,
postgres,public,pipelines,ghl_pipeline_id,3,,YES,text,pg_catalog,text,,,,,,
postgres,public,pipelines,is_active,4,true,NO,boolean,pg_catalog,bool,,,,,,
postgres,public,pipelines,created_at,5,now(),NO,timestamp with time zone,pg_catalog,timestamptz,,,,6,,
postgres,public,pipelines,org_id,6,,YES,uuid,pg_catalog,uuid,,,,,,
postgres,public,placement_candidates,id,1,gen_random_uuid(),NO,uuid,pg_catalog,uuid,,,,,,
postgres,public,placement_candidates,org_id,2,,NO,uuid,pg_catalog,uuid,,,,,,
postgres,public,placement_candidates,opportunity_id,3,,NO,uuid,pg_catalog,uuid,,,,,,
postgres,public,placement_candidates,customer_id,4,,YES,uuid,pg_catalog,uuid,,,,,,
postgres,public,placement_candidates,opportunity_customer_member_id,5,,YES,uuid,pg_catalog,uuid,,,,,,
postgres,public,placement_candidates,customer_member_id,6,,YES,uuid,pg_catalog,uuid,,,,,,
postgres,public,placement_candidates,person_id,7,,YES,uuid,pg_catalog,uuid,,,,,,
postgres,public,placement_candidates,site_id,8,,YES,uuid,pg_catalog,uuid,,,,,,
postgres,public,placement_candidates,is_synthetic_fallback,9,false,NO,boolean,pg_catalog,bool,,,,,,
postgres,public,placement_candidates,program_room_cohort_key,10,,NO,text,pg_catalog,text,,,,,,
postgres,public,placement_candidates,program_room_group_label,11,,YES,text,pg_catalog,text,,,,,,
postgres,public,placement_candidates,wait_since,12,,YES,timestamp with time zone,pg_catalog,timestamptz,,,,6,,
postgres,public,placement_candidates,start_date,13,,YES,date,pg_catalog,date,,,,0,,
postgres,public,placement_candidates,status,14,'active'::text,NO,text,pg_catalog,text,,,,,,
postgres,public,placement_candidates,seed_key,15,,YES,text,pg_catalog,text,,,,,,
postgres,public,placement_candidates,metadata,16,'{}'::jsonb,NO,jsonb,pg_catalog,jsonb,,,,,,
postgres,public,placement_candidates,created_by,17,,YES,uuid,pg_catalog,uuid,,,,,,
postgres,public,placement_candidates,updated_by,18,,YES,uuid,pg_catalog,uuid,,,,,,
postgres,public,placement_candidates,created_at,19,now(),NO,timestamp with time zone,pg_catalog,timestamptz,,,,6,,
postgres,public,placement_candidates,updated_at,20,now(),NO,timestamp with time zone,pg_catalog,timestamptz,,,,6,,
postgres,public,placement_link_group_members,id,1,gen_random_uuid(),NO,uuid,pg_catalog,uuid,,,,,,
postgres,public,placement_link_group_members,org_id,2,,NO,uuid,pg_catalog,uuid,,,,,,
postgres,public,placement_link_group_members,placement_link_group_id,3,,NO,uuid,pg_catalog,uuid,,,,,,
postgres,public,placement_link_group_members,placement_candidate_id,4,,NO,uuid,pg_catalog,uuid,,,,,,
postgres,public,placement_link_group_members,created_at,5,now(),NO,timestamp with time zone,pg_catalog,timestamptz,,,,6,,
postgres,public,placement_link_groups,id,1,gen_random_uuid(),NO,uuid,pg_catalog,uuid,,,,,,
postgres,public,placement_link_groups,org_id,2,,NO,uuid,pg_catalog,uuid,,,,,,
postgres,public,placement_link_groups,opportunity_id,3,,NO,uuid,pg_catalog,uuid,,,,,,
postgres,public,placement_link_groups,customer_id,4,,YES,uuid,pg_catalog,uuid,,,,,,
postgres,public,placement_link_groups,link_mode,5,'independent'::text,NO,text,pg_catalog,text,,,,,,
postgres,public,placement_link_groups,notes,6,,YES,text,pg_catalog,text,,,,,,
postgres,public,placement_link_groups,metadata,7,'{}'::jsonb,NO,jsonb,pg_catalog,jsonb,,,,,,
postgres,public,placement_link_groups,created_by,8,,YES,uuid,pg_catalog,uuid,,,,,,
postgres,public,placement_link_groups,updated_by,9,,YES,uuid,pg_catalog,uuid,,,,,,
postgres,public,placement_link_groups,created_at,10,now(),NO,timestamp with time zone,pg_catalog,timestamptz,,,,6,,
postgres,public,placement_link_groups,updated_at,11,now(),NO,timestamp with time zone,pg_catalog,timestamptz,,,,6,,
postgres,public,placement_overrides,id,1,gen_random_uuid(),NO,uuid,pg_catalog,uuid,,,,,,
postgres,public,placement_overrides,org_id,2,,NO,uuid,pg_catalog,uuid,,,,,,
postgres,public,placement_overrides,placement_candidate_id,3,,NO,uuid,pg_catalog,uuid,,,,,,
postgres,public,placement_overrides,program_room_cohort_key,4,,NO,text,pg_catalog,text,,,,,,
postgres,public,placement_overrides,override_kind,5,,NO,text,pg_catalog,text,,,,,,
postgres,public,placement_overrides,reason,6,,NO,text,pg_catalog,text,,,,,,
postgres,public,placement_overrides,payload,7,'{}'::jsonb,NO,jsonb,pg_catalog,jsonb,,,,,,
postgres,public,placement_overrides,is_active,8,true,NO,boolean,pg_catalog,bool,,,,,,
postgres,public,placement_overrides,expires_at,9,,YES,timestamp with time zone,pg_catalog,timestamptz,,,,6,,
postgres,public,placement_overrides,created_by,10,,NO,uuid,pg_catalog,uuid,,,,,,
postgres,public,placement_overrides,released_by,11,,YES,uuid,pg_catalog,uuid,,,,,,
postgres,public,placement_overrides,released_at,12,,YES,timestamp with time zone,pg_catalog,timestamptz,,,,6,,
postgres,public,placement_overrides,created_at,13,now(),NO,timestamp with time zone,pg_catalog,timestamptz,,,,6,,
postgres,public,placement_overrides,updated_at,14,now(),NO,timestamp with time zone,pg_catalog,timestamptz,,,,6,,
postgres,public,pricing_addons,id,1,gen_random_uuid(),NO,uuid,pg_catalog,uuid,,,,,,
postgres,public,pricing_addons,vertical_id,2,,NO,uuid,pg_catalog,uuid,,,,,,
postgres,public,pricing_addons,addon_key,3,,NO,text,pg_catalog,text,,,,,,
postgres,public,pricing_addons,addon_name,4,,NO,text,pg_catalog,text,,,,,,
postgres,public,pricing_addons,amount_cents,5,,NO,integer,pg_catalog,int4,,32,0,,,
postgres,public,pricing_addons,sort_order,6,0,NO,integer,pg_catalog,int4,,32,0,,,
postgres,public,pricing_addons,is_active,7,true,NO,boolean,pg_catalog,bool,,,,,,
postgres,public,pricing_addons,created_at,8,now(),NO,timestamp with time zone,pg_catalog,timestamptz,,,,6,,
postgres,public,pricing_addons,updated_at,9,,YES,timestamp with time zone,pg_catalog,timestamptz,,,,6,,
postgres,public,pricing_dimension_values,id,1,gen_random_uuid(),NO,uuid,pg_catalog,uuid,,,,,,
postgres,public,pricing_dimension_values,dimension_id,2,,YES,uuid,pg_catalog,uuid,,,,,,
postgres,public,pricing_dimension_values,value_key,3,,NO,text,pg_catalog,text,,,,,,
postgres,public,pricing_dimension_values,value_label,4,,NO,text,pg_catalog,text,,,,,,
postgres,public,pricing_dimension_values,sort_order,5,0,NO,integer,pg_catalog,int4,,32,0,,,
postgres,public,pricing_dimension_values,is_active,6,true,NO,boolean,pg_catalog,bool,,,,,,
postgres,public,pricing_dimension_values,created_at,7,now(),NO,timestamp with time zone,pg_catalog,timestamptz,,,,6,,
postgres,public,pricing_dimension_values,updated_at,8,,YES,timestamp with time zone,pg_catalog,timestamptz,,,,6,,
postgres,public,pricing_dimension_values,org_id,9,,NO,uuid,pg_catalog,uuid,,,,,,
postgres,public,pricing_dimensions,id,1,gen_random_uuid(),NO,uuid,pg_catalog,uuid,,,,,,
postgres,public,pricing_dimensions,vertical_id,2,,YES,uuid,pg_catalog,uuid,,,,,,
postgres,public,pricing_dimensions,dimension_key,3,,NO,text,pg_catalog,text,,,,,,
postgres,public,pricing_dimensions,dimension_name,4,,NO,text,pg_catalog,text,,,,,,
postgres,public,pricing_dimensions,is_active,5,true,NO,boolean,pg_catalog,bool,,,,,,
postgres,public,pricing_dimensions,created_at,6,now(),NO,timestamp with time zone,pg_catalog,timestamptz,,,,6,,
postgres,public,pricing_dimensions,updated_at,7,,YES,timestamp with time zone,pg_catalog,timestamptz,,,,6,,
postgres,public,pricing_dimensions,org_id,8,,NO,uuid,pg_catalog,uuid,,,,,,
postgres,public,pricing_dimensions,source_option_set_key,9,,YES,text,pg_catalog,text,,,,,,
postgres,public,pricing_first_clean_prices,id,1,gen_random_uuid(),NO,uuid,pg_catalog,uuid,,,,,,
postgres,public,pricing_first_clean_prices,vertical_id,2,,NO,uuid,pg_catalog,uuid,,,,,,
postgres,public,pricing_first_clean_prices,sqft_tier_id,3,,NO,uuid,pg_catalog,uuid,,,,,,
postgres,public,pricing_first_clean_prices,amount_cents,4,,NO,integer,pg_catalog,int4,,32,0,,,
postgres,public,pricing_first_clean_prices,is_active,5,true,NO,boolean,pg_catalog,bool,,,,,,
postgres,public,pricing_first_clean_prices,created_at,6,now(),NO,timestamp with time zone,pg_catalog,timestamptz,,,,6,,
postgres,public,pricing_first_clean_prices,updated_at,7,,YES,timestamp with time zone,pg_catalog,timestamptz,,,,6,,
postgres,public,pricing_first_clean_prices,service_id,8,,NO,uuid,pg_catalog,uuid,,,,,,
postgres,public,pricing_frequencies,id,1,gen_random_uuid(),NO,uuid,pg_catalog,uuid,,,,,,
postgres,public,pricing_frequencies,vertical_id,2,,NO,uuid,pg_catalog,uuid,,,,,,
postgres,public,pricing_frequencies,frequency_key,3,,NO,text,pg_catalog,text,,,,,,
postgres,public,pricing_frequencies,frequency_label,4,,NO,text,pg_catalog,text,,,,,,
postgres,public,pricing_frequencies,discount_label,5,,YES,text,pg_catalog,text,,,,,,
postgres,public,pricing_frequencies,sort_order,6,0,NO,integer,pg_catalog,int4,,32,0,,,
postgres,public,pricing_frequencies,is_recurring,7,true,NO,boolean,pg_catalog,bool,,,,,,
postgres,public,pricing_frequencies,is_active,8,true,NO,boolean,pg_catalog,bool,,,,,,
postgres,public,pricing_frequencies,created_at,9,now(),NO,timestamp with time zone,pg_catalog,timestamptz,,,,6,,
postgres,public,pricing_frequencies,updated_at,10,,YES,timestamp with time zone,pg_catalog,timestamptz,,,,6,,
postgres,public,pricing_frequencies,recurrence_unit,11,,YES,text,pg_catalog,text,,,,,,
postgres,public,pricing_frequencies,recurrence_interval,12,,YES,integer,pg_catalog,int4,,32,0,,,
postgres,public,pricing_frequencies,service_plan_template_id,13,,YES,uuid,pg_catalog,uuid,,,,,,
postgres,public,pricing_matrix,id,1,gen_random_uuid(),NO,uuid,pg_catalog,uuid,,,,,,
postgres,public,pricing_matrix,org_id,2,,NO,uuid,pg_catalog,uuid,,,,,,
postgres,public,pricing_matrix,vertical_id,3,,NO,uuid,pg_catalog,uuid,,,,,,
postgres,public,pricing_matrix,service_offering_id,4,,YES,uuid,pg_catalog,uuid,,,,,,
postgres,public,pricing_matrix,service_plan_template_id,5,,YES,uuid,pg_catalog,uuid,,,,,,
postgres,public,pricing_matrix,pricing_mode_id,6,,NO,uuid,pg_catalog,uuid,,,,,,
postgres,public,pricing_matrix,pricing_dimension_value_id,7,,YES,uuid,pg_catalog,uuid,,,,,,
postgres,public,pricing_matrix,amount_cents,8,,NO,integer,pg_catalog,int4,,32,0,,,
postgres,public,pricing_matrix,currency,9,'USD'::text,NO,text,pg_catalog,text,,,,,,
postgres,public,pricing_matrix,is_active,10,true,NO,boolean,pg_catalog,bool,,,,,,
postgres,public,pricing_matrix,sort_order,11,0,NO,integer,pg_catalog,int4,,32,0,,,
postgres,public,pricing_matrix,effective_start_at,12,,YES,timestamp with time zone,pg_catalog,timestamptz,,,,6,,
postgres,public,pricing_matrix,effective_end_at,13,,YES,timestamp with time zone,pg_catalog,timestamptz,,,,6,,
postgres,public,pricing_matrix,metadata,14,'{}'::jsonb,NO,jsonb,pg_catalog,jsonb,,,,,,
postgres,public,pricing_matrix,created_at,15,now(),NO,timestamp with time zone,pg_catalog,timestamptz,,,,6,,
postgres,public,pricing_matrix,updated_at,16,,YES,timestamp with time zone,pg_catalog,timestamptz,,,,6,,
postgres,public,pricing_matrix,source_table,17,,YES,text,pg_catalog,text,,,,,,
postgres,public,pricing_matrix,source_id,18,,YES,uuid,pg_catalog,uuid,,,,,,
postgres,public,pricing_modes,id,1,gen_random_uuid(),NO,uuid,pg_catalog,uuid,,,,,,
postgres,public,pricing_modes,vertical_id,2,,YES,uuid,pg_catalog,uuid,,,,,,
postgres,public,pricing_modes,mode_key,3,,NO,text,pg_catalog,text,,,,,,
postgres,public,pricing_modes,mode_name,4,,NO,text,pg_catalog,text,,,,,,
postgres,public,pricing_modes,sort_order,5,0,NO,integer,pg_catalog,int4,,32,0,,,
postgres,public,pricing_modes,is_active,6,true,NO,boolean,pg_catalog,bool,,,,,,
postgres,public,pricing_modes,created_at,7,now(),NO,timestamp with time zone,pg_catalog,timestamptz,,,,6,,
postgres,public,pricing_modes,updated_at,8,,YES,timestamp with time zone,pg_catalog,timestamptz,,,,6,,
postgres,public,pricing_modes,org_id,9,,NO,uuid,pg_catalog,uuid,,,,,,
postgres,public,pricing_recurring_prices,id,1,gen_random_uuid(),NO,uuid,pg_catalog,uuid,,,,,,
postgres,public,pricing_recurring_prices,vertical_id,2,,NO,uuid,pg_catalog,uuid,,,,,,
postgres,public,pricing_recurring_prices,frequency_id,3,,NO,uuid,pg_catalog,uuid,,,,,,
postgres,public,pricing_recurring_prices,sqft_tier_id,4,,NO,uuid,pg_catalog,uuid,,,,,,
postgres,public,pricing_recurring_prices,amount_cents,5,,NO,integer,pg_catalog,int4,,32,0,,,
postgres,public,pricing_recurring_prices,is_active,6,true,NO,boolean,pg_catalog,bool,,,,,,
postgres,public,pricing_recurring_prices,created_at,7,now(),NO,timestamp with time zone,pg_catalog,timestamptz,,,,6,,
postgres,public,pricing_recurring_prices,updated_at,8,,YES,timestamp with time zone,pg_catalog,timestamptz,,,,6,,
postgres,public,pricing_recurring_prices,service_id,9,,NO,uuid,pg_catalog,uuid,,,,,,
postgres,public,pricing_services,id,1,gen_random_uuid(),NO,uuid,pg_catalog,uuid,,,,,,
postgres,public,pricing_services,vertical_id,2,,NO,uuid,pg_catalog,uuid,,,,,,
postgres,public,pricing_services,service_key,3,,NO,text,pg_catalog,text,,,,,,
postgres,public,pricing_services,service_name,4,,NO,text,pg_catalog,text,,,,,,
postgres,public,pricing_services,is_active,5,true,NO,boolean,pg_catalog,bool,,,,,,
postgres,public,pricing_services,created_at,6,now(),NO,timestamp with time zone,pg_catalog,timestamptz,,,,6,,
postgres,public,pricing_services,updated_at,7,,YES,timestamp with time zone,pg_catalog,timestamptz,,,,6,,
postgres,public,pricing_services,is_manual_quote,8,false,NO,boolean,pg_catalog,bool,,,,,,
postgres,public,pricing_services,service_offering_id,9,,YES,uuid,pg_catalog,uuid,,,,,,
postgres,public,pricing_square_footage_tiers,id,1,gen_random_uuid(),NO,uuid,pg_catalog,uuid,,,,,,
postgres,public,pricing_square_footage_tiers,vertical_id,2,,NO,uuid,pg_catalog,uuid,,,,,,
postgres,public,pricing_square_footage_tiers,sort_order,4,0,NO,integer,pg_catalog,int4,,32,0,,,
postgres,public,pricing_square_footage_tiers,is_active,5,true,NO,boolean,pg_catalog,bool,,,,,,
postgres,public,pricing_square_footage_tiers,created_at,6,now(),NO,timestamp with time zone,pg_catalog,timestamptz,,,,6,,
postgres,public,pricing_square_footage_tiers,updated_at,7,,YES,timestamp with time zone,pg_catalog,timestamptz,,,,6,,
postgres,public,pricing_square_footage_tiers,dimension_value_id,9,,YES,uuid,pg_catalog,uuid,,,,,,
postgres,public,pricing_square_footage_tiers,tier_key,10,,NO,text,pg_catalog,text,,,,,,
postgres,public,process_instances,id,1,gen_random_uuid(),NO,uuid,pg_catalog,uuid,,,,,,
postgres,public,process_instances,org_id,2,,NO,uuid,pg_catalog,uuid,,,,,,
postgres,public,process_instances,process_key,3,,NO,text,pg_catalog,text,,,,,,
postgres,public,process_instances,subject_type,4,,NO,text,pg_catalog,text,,,,,,
postgres,public,process_instances,subject_id,5,,NO,uuid,pg_catalog,uuid,,,,,,
postgres,public,process_instances,context_type,6,,YES,text,pg_catalog,text,,,,,,
postgres,public,process_instances,context_id,7,,YES,uuid,pg_catalog,uuid,,,,,,
postgres,public,process_instances,stage_key,8,,YES,text,pg_catalog,text,,,,,,
postgres,public,process_instances,state,9,,YES,text,pg_catalog,text,,,,,,
postgres,public,process_instances,close_reason_key,10,,YES,text,pg_catalog,text,,,,,,
postgres,public,process_instances,metadata,11,'{}'::jsonb,NO,jsonb,pg_catalog,jsonb,,,,,,
postgres,public,process_instances,created_at,12,now(),NO,timestamp with time zone,pg_catalog,timestamptz,,,,6,,
postgres,public,process_instances,updated_at,13,,YES,timestamp with time zone,pg_catalog,timestamptz,,,,6,,
postgres,public,process_instances,stage_entered_at,14,,YES,timestamp with time zone,pg_catalog,timestamptz,,,,6,,
postgres,public,processing_approvals,id,1,gen_random_uuid(),NO,uuid,pg_catalog,uuid,,,,,,
postgres,public,processing_approvals,org_id,2,,NO,uuid,pg_catalog,uuid,,,,,,
postgres,public,processing_approvals,case_id,3,,NO,uuid,pg_catalog,uuid,,,,,,
postgres,public,processing_approvals,plan_id,4,,NO,uuid,pg_catalog,uuid,,,,,,
postgres,public,processing_approvals,plan_version,5,,NO,integer,pg_catalog,int4,,32,0,,,
postgres,public,processing_approvals,plan_content_hash,6,,NO,text,pg_catalog,text,,,,,,
postgres,public,processing_approvals,approving_actor,7,,NO,uuid,pg_catalog,uuid,,,,,,
postgres,public,processing_approvals,approval_authority,8,'standard'::text,NO,text,pg_catalog,text,,,,,,
postgres,public,processing_approvals,decision,9,'approved'::text,NO,text,pg_catalog,text,,,,,,
postgres,public,processing_approvals,included_operation_ids,10,'[]'::jsonb,NO,jsonb,pg_catalog,jsonb,,,,,,
postgres,public,processing_approvals,approved_at,11,now(),NO,timestamp with time zone,pg_catalog,timestamptz,,,,6,,
postgres,public,processing_approvals,invalidated_at,12,,YES,timestamp with time zone,pg_catalog,timestamptz,,,,6,,
postgres,public,processing_approvals,invalidation_reason,13,,YES,text,pg_catalog,text,,,,,,
postgres,public,processing_approvals,retention_class,14,'audit_authoritative'::text,NO,text,pg_catalog,text,,,,,,
postgres,public,processing_approvals,created_at,15,now(),NO,timestamp with time zone,pg_catalog,timestamptz,,,,6,,
postgres,public,processing_case_sources,id,1,gen_random_uuid(),NO,uuid,pg_catalog,uuid,,,,,,
postgres,public,processing_case_sources,org_id,2,,NO,uuid,pg_catalog,uuid,,,,,,
postgres,public,processing_case_sources,processing_case_id,3,,NO,uuid,pg_catalog,uuid,,,,,,
postgres,public,processing_case_sources,source_kind,4,,NO,text,pg_catalog,text,,,,,,
postgres,public,processing_case_sources,source_id,5,,NO,uuid,pg_catalog,uuid,,,,,,
postgres,public,processing_case_sources,role,6,'related'::text,NO,text,pg_catalog,text,,,,,,
postgres,public,processing_case_sources,linked_at,7,now(),NO,timestamp with time zone,pg_catalog,timestamptz,,,,6,,
postgres,public,processing_case_sources,metadata,8,'{}'::jsonb,NO,jsonb,pg_catalog,jsonb,,,,,,
postgres,public,processing_case_sources,created_at,9,now(),NO,timestamp with time zone,pg_catalog,timestamptz,,,,6,,
postgres,public,processing_case_sources,idempotency_key,10,,YES,text,pg_catalog,text,,,,,,
postgres,public,processing_case_sources,trust_context,11,'{}'::jsonb,NO,jsonb,pg_catalog,jsonb,,,,,,
postgres,public,processing_case_sources,envelope_snapshot,12,,YES,jsonb,pg_catalog,jsonb,,,,,,
postgres,public,processing_cases,id,1,gen_random_uuid(),NO,uuid,pg_catalog,uuid,,,,,,
postgres,public,processing_cases,org_id,2,,NO,uuid,pg_catalog,uuid,,,,,,
postgres,public,processing_cases,status,3,'received'::text,NO,text,pg_catalog,text,,,,,,
postgres,public,processing_cases,case_type,4,,YES,text,pg_catalog,text,,,,,,
postgres,public,processing_cases,status_changed_at,5,now(),NO,timestamp with time zone,pg_catalog,timestamptz,,,,6,,
postgres,public,processing_cases,metadata,6,'{}'::jsonb,NO,jsonb,pg_catalog,jsonb,,,,,,
postgres,public,processing_cases,created_at,7,now(),NO,timestamp with time zone,pg_catalog,timestamptz,,,,6,,
postgres,public,processing_cases,updated_at,8,,YES,timestamp with time zone,pg_catalog,timestamptz,,,,6,,
postgres,public,processing_cases,archived_at,9,,YES,timestamp with time zone,pg_catalog,timestamptz,,,,6,,
postgres,public,processing_cases,retention_class,10,'uncommitted_submission'::text,NO,text,pg_catalog,text,,,,,,
postgres,public,processing_cases,case_subject_kind,11,,YES,text,pg_catalog,text,,,,,,
postgres,public,processing_cases,primary_customer_id,12,,YES,uuid,pg_catalog,uuid,,,,,,
postgres,public,processing_cases,primary_opportunity_id,13,,YES,uuid,pg_catalog,uuid,,,,,,
postgres,public,processing_commit_attempts,id,1,gen_random_uuid(),NO,uuid,pg_catalog,uuid,,,,,,
postgres,public,processing_commit_attempts,org_id,2,,NO,uuid,pg_catalog,uuid,,,,,,
postgres,public,processing_commit_attempts,case_id,3,,NO,uuid,pg_catalog,uuid,,,,,,
postgres,public,processing_commit_attempts,plan_id,4,,NO,uuid,pg_catalog,uuid,,,,,,
postgres,public,processing_commit_attempts,plan_version,5,,NO,integer,pg_catalog,int4,,32,0,,,
postgres,public,processing_commit_attempts,plan_content_hash,6,,NO,text,pg_catalog,text,,,,,,
postgres,public,processing_commit_attempts,attempt_no,7,,NO,integer,pg_catalog,int4,,32,0,,,
postgres,public,processing_commit_attempts,execution_idempotency_key,8,,NO,text,pg_catalog,text,,,,,,
postgres,public,processing_commit_attempts,actor_id,9,,NO,uuid,pg_catalog,uuid,,,,,,
postgres,public,processing_commit_attempts,outcome,10,,NO,text,pg_catalog,text,,,,,,
postgres,public,processing_commit_attempts,operations,11,'[]'::jsonb,NO,jsonb,pg_catalog,jsonb,,,,,,
postgres,public,processing_commit_attempts,compensation,12,'[]'::jsonb,NO,jsonb,pg_catalog,jsonb,,,,,,
postgres,public,processing_commit_attempts,events,13,'[]'::jsonb,NO,jsonb,pg_catalog,jsonb,,,,,,
postgres,public,processing_commit_attempts,preflight_failures,14,'[]'::jsonb,NO,jsonb,pg_catalog,jsonb,,,,,,
postgres,public,processing_commit_attempts,retention_class,15,'audit_authoritative'::text,NO,text,pg_catalog,text,,,,,,
postgres,public,processing_commit_attempts,started_at,16,now(),NO,timestamp with time zone,pg_catalog,timestamptz,,,,6,,
postgres,public,processing_commit_attempts,finished_at,17,now(),NO,timestamp with time zone,pg_catalog,timestamptz,,,,6,,
postgres,public,processing_commit_attempts,created_at,18,now(),NO,timestamp with time zone,pg_catalog,timestamptz,,,,6,,
postgres,public,processing_commit_plans,id,1,gen_random_uuid(),NO,uuid,pg_catalog,uuid,,,,,,
postgres,public,processing_commit_plans,org_id,2,,NO,uuid,pg_catalog,uuid,,,,,,
postgres,public,processing_commit_plans,case_id,3,,NO,uuid,pg_catalog,uuid,,,,,,
postgres,public,processing_commit_plans,version,4,,NO,integer,pg_catalog,int4,,32,0,,,
postgres,public,processing_commit_plans,content_hash,5,,NO,text,pg_catalog,text,,,,,,
postgres,public,processing_commit_plans,source_resolution_versions,6,'[]'::jsonb,NO,jsonb,pg_catalog,jsonb,,,,,,
postgres,public,processing_commit_plans,preconditions,7,'[]'::jsonb,NO,jsonb,pg_catalog,jsonb,,,,,,
postgres,public,processing_commit_plans,atomic_groups,8,'[]'::jsonb,NO,jsonb,pg_catalog,jsonb,,,,,,
postgres,public,processing_commit_plans,downstream_effect_preview,9,'[]'::jsonb,NO,jsonb,pg_catalog,jsonb,,,,,,
postgres,public,processing_commit_plans,requires_approval,10,true,NO,boolean,pg_catalog,bool,,,,,,
postgres,public,processing_commit_plans,requires_privileged_approval,11,false,NO,boolean,pg_catalog,bool,,,,,,
postgres,public,processing_commit_plans,reversible,12,true,NO,boolean,pg_catalog,bool,,,,,,
postgres,public,processing_commit_plans,status,13,'draft'::text,NO,text,pg_catalog,text,,,,,,
postgres,public,processing_commit_plans,built_at,14,now(),NO,timestamp with time zone,pg_catalog,timestamptz,,,,6,,
postgres,public,processing_commit_plans,superseded_by,15,,YES,uuid,pg_catalog,uuid,,,,,,
postgres,public,processing_commit_plans,superseded_at,16,,YES,timestamp with time zone,pg_catalog,timestamptz,,,,6,,
postgres,public,processing_commit_plans,retention_class,17,'audit_authoritative'::text,NO,text,pg_catalog,text,,,,,,
postgres,public,processing_commit_plans,created_at,18,now(),NO,timestamp with time zone,pg_catalog,timestamptz,,,,6,,
postgres,public,processing_exceptions,id,1,gen_random_uuid(),NO,uuid,pg_catalog,uuid,,,,,,
postgres,public,processing_exceptions,org_id,2,,NO,uuid,pg_catalog,uuid,,,,,,
postgres,public,processing_exceptions,case_id,3,,NO,uuid,pg_catalog,uuid,,,,,,
postgres,public,processing_exceptions,exception_type,4,,NO,text,pg_catalog,text,,,,,,
postgres,public,processing_exceptions,severity,5,'warning'::text,NO,text,pg_catalog,text,,,,,,
postgres,public,processing_exceptions,code,6,,NO,text,pg_catalog,text,,,,,,
postgres,public,processing_exceptions,message,7,,NO,text,pg_catalog,text,,,,,,
postgres,public,processing_exceptions,subject_ref,8,,YES,jsonb,pg_catalog,jsonb,,,,,,
postgres,public,processing_exceptions,evidence_ids,9,'[]'::jsonb,NO,jsonb,pg_catalog,jsonb,,,,,,
postgres,public,processing_exceptions,resolved_at,10,,YES,timestamp with time zone,pg_catalog,timestamptz,,,,6,,
postgres,public,processing_exceptions,created_at,11,now(),NO,timestamp with time zone,pg_catalog,timestamptz,,,,6,,
postgres,public,processing_facts,id,1,gen_random_uuid(),NO,uuid,pg_catalog,uuid,,,,,,
postgres,public,processing_facts,org_id,2,,NO,uuid,pg_catalog,uuid,,,,,,
postgres,public,processing_facts,case_id,3,,NO,uuid,pg_catalog,uuid,,,,,,
postgres,public,processing_facts,source_id,4,,YES,uuid,pg_catalog,uuid,,,,,,
postgres,public,processing_facts,subject_ref,5,,YES,text,pg_catalog,text,,,,,,
postgres,public,processing_facts,fact_type,6,,NO,text,pg_catalog,text,,,,,,
postgres,public,processing_facts,semantic_key,7,,YES,text,pg_catalog,text,,,,,,
postgres,public,processing_facts,raw_value,8,,YES,text,pg_catalog,text,,,,,,
postgres,public,processing_facts,normalized_value,9,,YES,text,pg_catalog,text,,,,,,
postgres,public,processing_facts,data_type,10,,YES,text,pg_catalog,text,,,,,,
postgres,public,processing_facts,extraction_method,11,,YES,text,pg_catalog,text,,,,,,
postgres,public,processing_facts,evidence,12,'{}'::jsonb,NO,jsonb,pg_catalog,jsonb,,,,,,
postgres,public,processing_facts,extraction_confidence,13,,YES,numeric,pg_catalog,numeric,,,,,,
postgres,public,processing_facts,validation_state,14,,YES,text,pg_catalog,text,,,,,,
postgres,public,processing_facts,mapping_state,15,,YES,text,pg_catalog,text,,,,,,
postgres,public,processing_facts,role_hint,16,,YES,text,pg_catalog,text,,,,,,
postgres,public,processing_facts,produced_by,17,,YES,text,pg_catalog,text,,,,,,
postgres,public,processing_facts,extractor_version,18,,YES,text,pg_catalog,text,,,,,,
postgres,public,processing_facts,generation_id,19,,NO,uuid,pg_catalog,uuid,,,,,,
postgres,public,processing_facts,corrected_from,20,,YES,uuid,pg_catalog,uuid,,,,,,
postgres,public,processing_facts,retention_class,21,'uncommitted_submission'::text,NO,text,pg_catalog,text,,,,,,
postgres,public,processing_facts,created_at,22,now(),NO,timestamp with time zone,pg_catalog,timestamptz,,,,6,,
postgres,public,processing_plan_operations,id,1,gen_random_uuid(),NO,uuid,pg_catalog,uuid,,,,,,
postgres,public,processing_plan_operations,org_id,2,,NO,uuid,pg_catalog,uuid,,,,,,
postgres,public,processing_plan_operations,plan_id,3,,NO,uuid,pg_catalog,uuid,,,,,,
postgres,public,processing_plan_operations,op_id,4,,NO,text,pg_catalog,text,,,,,,
postgres,public,processing_plan_operations,op_order,5,,NO,integer,pg_catalog,int4,,32,0,,,
postgres,public,processing_plan_operations,op_kind,6,,NO,text,pg_catalog,text,,,,,,
postgres,public,processing_plan_operations,command_key,7,,NO,text,pg_catalog,text,,,,,,
postgres,public,processing_plan_operations,command_version,8,,NO,text,pg_catalog,text,,,,,,
postgres,public,processing_plan_operations,target_type,9,,NO,text,pg_catalog,text,,,,,,
postgres,public,processing_plan_operations,target_id,10,,YES,uuid,pg_catalog,uuid,,,,,,
postgres,public,processing_plan_operations,payload,11,'{}'::jsonb,NO,jsonb,pg_catalog,jsonb,,,,,,
postgres,public,processing_plan_operations,before_snapshot,12,,YES,jsonb,pg_catalog,jsonb,,,,,,
postgres,public,processing_plan_operations,after_values,13,,YES,jsonb,pg_catalog,jsonb,,,,,,
postgres,public,processing_plan_operations,reason,14,,YES,text,pg_catalog,text,,,,,,
postgres,public,processing_plan_operations,evidence_refs,15,'[]'::jsonb,NO,jsonb,pg_catalog,jsonb,,,,,,
postgres,public,processing_plan_operations,resolution_refs,16,'[]'::jsonb,NO,jsonb,pg_catalog,jsonb,,,,,,
postgres,public,processing_plan_operations,risk,17,'low'::text,NO,text,pg_catalog,text,,,,,,
postgres,public,processing_plan_operations,depends_on,18,'[]'::jsonb,NO,jsonb,pg_catalog,jsonb,,,,,,
postgres,public,processing_plan_operations,atomic_group,19,,YES,text,pg_catalog,text,,,,,,
postgres,public,processing_plan_operations,precondition_record_version,20,,YES,text,pg_catalog,text,,,,,,
postgres,public,processing_plan_operations,included,21,true,NO,boolean,pg_catalog,bool,,,,,,
postgres,public,processing_plan_operations,optional,22,false,NO,boolean,pg_catalog,bool,,,,,,
postgres,public,processing_plan_operations,reversibility,23,'reversible'::text,NO,text,pg_catalog,text,,,,,,
postgres,public,processing_plan_operations,expected_side_effects,24,'[]'::jsonb,NO,jsonb,pg_catalog,jsonb,,,,,,
postgres,public,processing_plan_operations,mapping,25,,YES,jsonb,pg_catalog,jsonb,,,,,,
postgres,public,processing_plan_operations,created_at,26,now(),NO,timestamp with time zone,pg_catalog,timestamptz,,,,6,,
postgres,public,processing_resolutions,id,1,gen_random_uuid(),NO,uuid,pg_catalog,uuid,,,,,,
postgres,public,processing_resolutions,org_id,2,,NO,uuid,pg_catalog,uuid,,,,,,
postgres,public,processing_resolutions,case_id,3,,NO,uuid,pg_catalog,uuid,,,,,,
postgres,public,processing_resolutions,generation_id,4,,NO,uuid,pg_catalog,uuid,,,,,,
postgres,public,processing_resolutions,input_facts_hash,5,,NO,text,pg_catalog,text,,,,,,
postgres,public,processing_resolutions,subject_ref,6,,NO,text,pg_catalog,text,,,,,,
postgres,public,processing_resolutions,subject_role,7,,NO,text,pg_catalog,text,,,,,,
postgres,public,processing_resolutions,provisional,8,'{}'::jsonb,NO,jsonb,pg_catalog,jsonb,,,,,,
postgres,public,processing_resolutions,candidates,9,'[]'::jsonb,NO,jsonb,pg_catalog,jsonb,,,,,,
postgres,public,processing_resolutions,decision_action,10,,YES,text,pg_catalog,text,,,,,,
postgres,public,processing_resolutions,selected_candidate_id,11,,YES,text,pg_catalog,text,,,,,,
postgres,public,processing_resolutions,decided_by,12,'engine'::text,NO,text,pg_catalog,text,,,,,,
postgres,public,processing_resolutions,operator_id,13,,YES,uuid,pg_catalog,uuid,,,,,,
postgres,public,processing_resolutions,policy_version,14,,YES,text,pg_catalog,text,,,,,,
postgres,public,processing_resolutions,resolver_version,15,,NO,text,pg_catalog,text,,,,,,
postgres,public,processing_resolutions,stale_at,16,,YES,timestamp with time zone,pg_catalog,timestamptz,,,,6,,
postgres,public,processing_resolutions,superseded_by,17,,YES,uuid,pg_catalog,uuid,,,,,,
postgres,public,processing_resolutions,retention_class,18,'uncommitted_submission'::text,NO,text,pg_catalog,text,,,,,,
postgres,public,processing_resolutions,created_at,19,now(),NO,timestamp with time zone,pg_catalog,timestamptz,,,,6,,
postgres,public,program_drafts,id,1,gen_random_uuid(),NO,uuid,pg_catalog,uuid,,,,,,
postgres,public,program_drafts,org_id,2,,NO,uuid,pg_catalog,uuid,,,,,,
postgres,public,program_drafts,program_id,3,,NO,uuid,pg_catalog,uuid,,,,,,
postgres,public,program_drafts,base_revision_id,4,,YES,uuid,pg_catalog,uuid,,,,,,
postgres,public,program_drafts,draft_status,5,'draft'::text,NO,text,pg_catalog,text,,,,,,
postgres,public,program_drafts,label,6,,NO,text,pg_catalog,text,,,,,,
postgres,public,program_drafts,description,7,,YES,text,pg_catalog,text,,,,,,
postgres,public,program_drafts,category,8,,YES,text,pg_catalog,text,,,,,,
postgres,public,program_drafts,eligibility,9,'{}'::jsonb,NO,jsonb,pg_catalog,jsonb,,,,,,
postgres,public,program_drafts,audience,10,'{}'::jsonb,NO,jsonb,pg_catalog,jsonb,,,,,,
postgres,public,program_drafts,required_resource_type,11,,YES,text,pg_catalog,text,,,,,,
postgres,public,program_drafts,qualification_requirements,12,'[]'::jsonb,NO,jsonb,pg_catalog,jsonb,,,,,,
postgres,public,program_drafts,default_policy_refs,13,'{}'::jsonb,NO,jsonb,pg_catalog,jsonb,,,,,,
postgres,public,program_drafts,default_commercial_posture,14,'{}'::jsonb,NO,jsonb,pg_catalog,jsonb,,,,,,
postgres,public,program_drafts,validation_errors,15,'[]'::jsonb,NO,jsonb,pg_catalog,jsonb,,,,,,
postgres,public,program_drafts,validated_at,16,,YES,timestamp with time zone,pg_catalog,timestamptz,,,,6,,
postgres,public,program_drafts,validated_by,17,,YES,uuid,pg_catalog,uuid,,,,,,
postgres,public,program_drafts,created_by,18,,YES,uuid,pg_catalog,uuid,,,,,,
postgres,public,program_drafts,created_at,19,now(),NO,timestamp with time zone,pg_catalog,timestamptz,,,,6,,
postgres,public,program_drafts,updated_by,20,,YES,uuid,pg_catalog,uuid,,,,,,
postgres,public,program_drafts,updated_at,21,now(),NO,timestamp with time zone,pg_catalog,timestamptz,,,,6,,
postgres,public,program_offering_variants,id,1,gen_random_uuid(),NO,uuid,pg_catalog,uuid,,,,,,
postgres,public,program_offering_variants,org_id,2,,NO,uuid,pg_catalog,uuid,,,,,,
postgres,public,program_offering_variants,offering_id,3,,NO,uuid,pg_catalog,uuid,,,,,,
postgres,public,program_offering_variants,label,4,,YES,text,pg_catalog,text,,,,,,
postgres,public,program_offering_variants,quantity_type,5,,YES,text,pg_catalog,text,,,,,,
postgres,public,program_offering_variants,quantity_value,6,,YES,numeric,pg_catalog,numeric,,,,,,
postgres,public,program_offering_variants,sort_order,7,100,NO,integer,pg_catalog,int4,,32,0,,,
postgres,public,program_offering_variants,is_active,8,true,NO,boolean,pg_catalog,bool,,,,,,
postgres,public,program_offering_variants,status,9,'active'::text,NO,text,pg_catalog,text,,,,,,
postgres,public,program_offering_variants,metadata,10,'{}'::jsonb,NO,jsonb,pg_catalog,jsonb,,,,,,
postgres,public,program_offering_variants,created_at,11,now(),NO,timestamp with time zone,pg_catalog,timestamptz,,,,6,,
postgres,public,program_offering_variants,updated_at,12,,YES,timestamp with time zone,pg_catalog,timestamptz,,,,6,,
postgres,public,program_offerings,id,1,gen_random_uuid(),NO,uuid,pg_catalog,uuid,,,,,,
postgres,public,program_offerings,org_id,2,,NO,uuid,pg_catalog,uuid,,,,,,
postgres,public,program_offerings,program_key,3,,NO,text,pg_catalog,text,,,,,,
postgres,public,program_offerings,label,4,,NO,text,pg_catalog,text,,,,,,
postgres,public,program_offerings,attendance_type,5,,NO,text,pg_catalog,text,,,,,,
postgres,public,program_offerings,status,8,'active'::text,NO,text,pg_catalog,text,,,,,,
postgres,public,program_offerings,effective_start,9,,YES,date,pg_catalog,date,,,,0,,
postgres,public,program_offerings,effective_end,10,,YES,date,pg_catalog,date,,,,0,,
postgres,public,program_offerings,sort_order,11,100,NO,integer,pg_catalog,int4,,32,0,,,
postgres,public,program_offerings,is_active,12,true,NO,boolean,pg_catalog,bool,,,,,,
postgres,public,program_offerings,metadata,13,'{}'::jsonb,NO,jsonb,pg_catalog,jsonb,,,,,,
postgres,public,program_offerings,created_at,14,now(),NO,timestamp with time zone,pg_catalog,timestamptz,,,,6,,
postgres,public,program_offerings,updated_at,15,,YES,timestamp with time zone,pg_catalog,timestamptz,,,,6,,
postgres,public,program_revisions,id,1,gen_random_uuid(),NO,uuid,pg_catalog,uuid,,,,,,
postgres,public,program_revisions,org_id,2,,NO,uuid,pg_catalog,uuid,,,,,,
postgres,public,program_revisions,program_id,3,,NO,uuid,pg_catalog,uuid,,,,,,
postgres,public,program_revisions,revision_number,4,,NO,integer,pg_catalog,int4,,32,0,,,
postgres,public,program_revisions,program_key,5,,NO,text,pg_catalog,text,,,,,,
postgres,public,program_revisions,label,6,,NO,text,pg_catalog,text,,,,,,
postgres,public,program_revisions,description,7,,YES,text,pg_catalog,text,,,,,,
postgres,public,program_revisions,category,8,,YES,text,pg_catalog,text,,,,,,
postgres,public,program_revisions,eligibility,9,'{}'::jsonb,NO,jsonb,pg_catalog,jsonb,,,,,,
postgres,public,program_revisions,audience,10,'{}'::jsonb,NO,jsonb,pg_catalog,jsonb,,,,,,
postgres,public,program_revisions,required_resource_type,11,,YES,text,pg_catalog,text,,,,,,
postgres,public,program_revisions,qualification_requirements,12,'[]'::jsonb,NO,jsonb,pg_catalog,jsonb,,,,,,
postgres,public,program_revisions,default_policy_refs,13,'{}'::jsonb,NO,jsonb,pg_catalog,jsonb,,,,,,
postgres,public,program_revisions,default_commercial_posture,14,'{}'::jsonb,NO,jsonb,pg_catalog,jsonb,,,,,,
postgres,public,program_revisions,payload_checksum,15,,NO,text,pg_catalog,text,,,,,,
postgres,public,program_revisions,published_by,16,,YES,uuid,pg_catalog,uuid,,,,,,
postgres,public,program_revisions,published_at,17,now(),NO,timestamp with time zone,pg_catalog,timestamptz,,,,6,,
postgres,public,program_revisions,source_draft_id,18,,NO,uuid,pg_catalog,uuid,,,,,,
postgres,public,programs,id,1,gen_random_uuid(),NO,uuid,pg_catalog,uuid,,,,,,
postgres,public,programs,org_id,2,,NO,uuid,pg_catalog,uuid,,,,,,
postgres,public,programs,program_key,3,,NO,text,pg_catalog,text,,,,,,
postgres,public,programs,lifecycle_status,4,'active'::text,NO,text,pg_catalog,text,,,,,,
postgres,public,programs,created_by,5,,YES,uuid,pg_catalog,uuid,,,,,,
postgres,public,programs,created_at,6,now(),NO,timestamp with time zone,pg_catalog,timestamptz,,,,6,,
postgres,public,programs,retired_by,7,,YES,uuid,pg_catalog,uuid,,,,,,
postgres,public,programs,retired_at,8,,YES,timestamp with time zone,pg_catalog,timestamptz,,,,6,,
postgres,public,quotes,id,1,gen_random_uuid(),NO,uuid,pg_catalog,uuid,,,,,,
postgres,public,quotes,opportunity_id,2,,YES,uuid,pg_catalog,uuid,,,,,,
postgres,public,quotes,job_id,3,,YES,uuid,pg_catalog,uuid,,,,,,
postgres,public,quotes,pricing_version,4,1,NO,integer,pg_catalog,int4,,32,0,,,
postgres,public,quotes,subtotal_cents,5,,YES,integer,pg_catalog,int4,,32,0,,,
postgres,public,quotes,discount_cents,6,0,NO,integer,pg_catalog,int4,,32,0,,,
postgres,public,quotes,tax_cents,7,0,NO,integer,pg_catalog,int4,,32,0,,,
postgres,public,quotes,total_cents,8,,YES,integer,pg_catalog,int4,,32,0,,,
postgres,public,quotes,recurring_total_cents,9,,YES,integer,pg_catalog,int4,,32,0,,,
postgres,public,quotes,currency,10,'USD'::text,NO,text,pg_catalog,text,,,,,,
postgres,public,quotes,price_breakdown,11,,YES,text,pg_catalog,text,,,,,,
postgres,public,quotes,status,12,'draft'::text,NO,text,pg_catalog,text,,,,,,
postgres,public,quotes,expires_at,13,,YES,timestamp with time zone,pg_catalog,timestamptz,,,,6,,
postgres,public,quotes,external_source,14,,YES,text,pg_catalog,text,,,,,,
postgres,public,quotes,external_id,15,,YES,text,pg_catalog,text,,,,,,
postgres,public,quotes,metadata,16,'{}'::jsonb,NO,jsonb,pg_catalog,jsonb,,,,,,
postgres,public,quotes,created_at,17,now(),NO,timestamp with time zone,pg_catalog,timestamptz,,,,6,,
postgres,public,quotes,updated_at,18,,YES,timestamp with time zone,pg_catalog,timestamptz,,,,6,,
postgres,public,quotes,org_id,19,,YES,uuid,pg_catalog,uuid,,,,,,
postgres,public,record_actions,id,1,gen_random_uuid(),NO,uuid,pg_catalog,uuid,,,,,,
postgres,public,record_actions,entity_type,2,,NO,text,pg_catalog,text,,,,,,
postgres,public,record_actions,action_key,3,,NO,text,pg_catalog,text,,,,,,
postgres,public,record_actions,label,4,,NO,text,pg_catalog,text,,,,,,
postgres,public,record_actions,event_key,5,,NO,text,pg_catalog,text,,,,,,
postgres,public,record_actions,placement,6,'secondary'::text,NO,text,pg_catalog,text,,,,,,
postgres,public,record_actions,is_active,7,true,NO,boolean,pg_catalog,bool,,,,,,
postgres,public,record_actions,created_at,8,now(),NO,timestamp with time zone,pg_catalog,timestamptz,,,,6,,
postgres,public,record_drawer_layouts,id,1,gen_random_uuid(),NO,uuid,pg_catalog,uuid,,,,,,
postgres,public,record_drawer_layouts,org_id,2,,NO,uuid,pg_catalog,uuid,,,,,,
postgres,public,record_drawer_layouts,entity_type,3,,NO,text,pg_catalog,text,,,,,,
postgres,public,record_drawer_layouts,surface,4,'drawer'::text,NO,text,pg_catalog,text,,,,,,
postgres,public,record_drawer_layouts,key,5,'default'::text,NO,text,pg_catalog,text,,,,,,
postgres,public,record_drawer_layouts,config_json,6,'{}'::jsonb,NO,jsonb,pg_catalog,jsonb,,,,,,
postgres,public,record_drawer_layouts,is_active,7,true,NO,boolean,pg_catalog,bool,,,,,,
postgres,public,record_drawer_layouts,created_at,8,now(),NO,timestamp with time zone,pg_catalog,timestamptz,,,,6,,
postgres,public,record_drawer_layouts,updated_at,9,,YES,timestamp with time zone,pg_catalog,timestamptz,,,,6,,
postgres,public,record_layouts,id,1,gen_random_uuid(),NO,uuid,pg_catalog,uuid,,,,,,
postgres,public,record_layouts,entity_type,2,,NO,text,pg_catalog,text,,,,,,
postgres,public,record_layouts,key,3,,NO,text,pg_catalog,text,,,,,,
postgres,public,record_layouts,config_json,4,'{}'::jsonb,NO,jsonb,pg_catalog,jsonb,,,,,,
postgres,public,record_layouts,is_active,5,true,NO,boolean,pg_catalog,bool,,,,,,
postgres,public,record_layouts,created_at,6,now(),NO,timestamp with time zone,pg_catalog,timestamptz,,,,6,,
postgres,public,record_overview_layouts,id,1,gen_random_uuid(),NO,uuid,pg_catalog,uuid,,,,,,
postgres,public,record_overview_layouts,org_id,2,,NO,uuid,pg_catalog,uuid,,,,,,
postgres,public,record_overview_layouts,entity_type,3,,NO,text,pg_catalog,text,,,,,,
postgres,public,record_overview_layouts,surface,4,'overview'::text,NO,text,pg_catalog,text,,,,,,
postgres,public,record_overview_layouts,template_key,5,'default'::text,NO,text,pg_catalog,text,,,,,,
postgres,public,record_overview_layouts,config,6,'{}'::jsonb,NO,jsonb,pg_catalog,jsonb,,,,,,
postgres,public,record_overview_layouts,is_active,7,true,NO,boolean,pg_catalog,bool,,,,,,
postgres,public,record_overview_layouts,created_at,8,now(),NO,timestamp with time zone,pg_catalog,timestamptz,,,,6,,
postgres,public,record_overview_layouts,updated_at,9,,YES,timestamp with time zone,pg_catalog,timestamptz,,,,6,,
postgres,public,recurrence_plans,id,1,gen_random_uuid(),NO,uuid,pg_catalog,uuid,,,,,,
postgres,public,recurrence_plans,job_id,2,,NO,uuid,pg_catalog,uuid,,,,,,
postgres,public,recurrence_plans,frequency_key,3,,NO,text,pg_catalog,text,,,,,,
postgres,public,recurrence_plans,interval,4,1,NO,integer,pg_catalog,int4,,32,0,,,
postgres,public,recurrence_plans,day_of_week,5,,YES,integer,pg_catalog,int4,,32,0,,,
postgres,public,recurrence_plans,start_date,6,,NO,date,pg_catalog,date,,,,0,,
postgres,public,recurrence_plans,end_date,7,,YES,date,pg_catalog,date,,,,0,,
postgres,public,recurrence_plans,next_run_at,8,,YES,timestamp with time zone,pg_catalog,timestamptz,,,,6,,
postgres,public,recurrence_plans,status,9,'active'::text,NO,text,pg_catalog,text,,,,,,
postgres,public,recurrence_plans,metadata,10,'{}'::jsonb,NO,jsonb,pg_catalog,jsonb,,,,,,
postgres,public,recurrence_plans,created_at,11,now(),NO,timestamp with time zone,pg_catalog,timestamptz,,,,6,,
postgres,public,recurrence_plans,updated_at,12,,YES,timestamp with time zone,pg_catalog,timestamptz,,,,6,,
postgres,public,resolved_obligations,id,1,gen_random_uuid(),NO,uuid,pg_catalog,uuid,,,,,,
postgres,public,resolved_obligations,org_id,2,,NO,uuid,pg_catalog,uuid,,,,,,
postgres,public,resolved_obligations,location_id,3,,YES,uuid,pg_catalog,uuid,,,,,,
postgres,public,resolved_obligations,consumption_event_id,4,,NO,uuid,pg_catalog,uuid,,,,,,
postgres,public,resolved_obligations,charge_template_id,5,,YES,uuid,pg_catalog,uuid,,,,,,
postgres,public,resolved_obligations,service_id,6,,YES,uuid,pg_catalog,uuid,,,,,,
postgres,public,resolved_obligations,amount_cents,7,,YES,bigint,pg_catalog,int8,,64,0,,,
postgres,public,resolved_obligations,currency_code,8,'USD'::text,NO,text,pg_catalog,text,,,,,,
postgres,public,resolved_obligations,responsibility_key,9,,YES,text,pg_catalog,text,,,,,,
postgres,public,resolved_obligations,occurs_on,10,,YES,date,pg_catalog,date,,,,0,,
postgres,public,resolved_obligations,billable_on,11,,YES,date,pg_catalog,date,,,,0,,
postgres,public,resolved_obligations,status,12,'previewed'::text,NO,text,pg_catalog,text,,,,,,
postgres,public,resolved_obligations,review_required,13,false,NO,boolean,pg_catalog,bool,,,,,,
postgres,public,resolved_obligations,explanation,14,'{}'::jsonb,NO,jsonb,pg_catalog,jsonb,,,,,,
postgres,public,resolved_obligations,draft_charge_id,15,,YES,uuid,pg_catalog,uuid,,,,,,
postgres,public,resolved_obligations,resolution_key,16,,YES,text,pg_catalog,text,,,,,,
postgres,public,resolved_obligations,created_by,17,,YES,uuid,pg_catalog,uuid,,,,,,
postgres,public,resolved_obligations,updated_by,18,,YES,uuid,pg_catalog,uuid,,,,,,
postgres,public,resolved_obligations,created_at,19,now(),NO,timestamp with time zone,pg_catalog,timestamptz,,,,6,,
postgres,public,resolved_obligations,updated_at,20,now(),NO,timestamp with time zone,pg_catalog,timestamptz,,,,6,,
postgres,public,resolved_obligations,obligation_kind,21,,YES,text,pg_catalog,text,,,,,,
postgres,public,resolved_obligations,period_start,22,,YES,date,pg_catalog,date,,,,0,,
postgres,public,resolved_obligations,period_end,23,,YES,date,pg_catalog,date,,,,0,,
postgres,public,resolved_obligations,review_status,24,'pending'::text,NO,text,pg_catalog,text,,,,,,
postgres,public,resolved_obligations,reviewed_at,25,,YES,timestamp with time zone,pg_catalog,timestamptz,,,,6,,
postgres,public,resolved_obligations,reviewed_by,26,,YES,uuid,pg_catalog,uuid,,,,,,
postgres,public,resolved_obligations,suppression_reason,27,,YES,text,pg_catalog,text,,,,,,
postgres,public,resolved_obligations,superseded_by_event_id,28,,YES,uuid,pg_catalog,uuid,,,,,,
postgres,public,role_definitions,id,1,gen_random_uuid(),NO,uuid,pg_catalog,uuid,,,,,,
postgres,public,role_definitions,org_id,2,,NO,uuid,pg_catalog,uuid,,,,,,
postgres,public,role_definitions,role_key,3,,NO,text,pg_catalog,text,,,,,,
postgres,public,role_definitions,role_label,4,,NO,text,pg_catalog,text,,,,,,
postgres,public,role_definitions,description,5,,YES,text,pg_catalog,text,,,,,,
postgres,public,role_definitions,is_system,6,false,NO,boolean,pg_catalog,bool,,,,,,
postgres,public,role_definitions,is_active,7,true,NO,boolean,pg_catalog,bool,,,,,,
postgres,public,role_definitions,created_at,8,now(),NO,timestamp with time zone,pg_catalog,timestamptz,,,,6,,
postgres,public,role_definitions,updated_at,9,,YES,timestamp with time zone,pg_catalog,timestamptz,,,,6,,
postgres,public,role_permission_grants,id,1,gen_random_uuid(),NO,uuid,pg_catalog,uuid,,,,,,
postgres,public,role_permission_grants,org_id,2,,NO,uuid,pg_catalog,uuid,,,,,,
postgres,public,role_permission_grants,role_key,3,,NO,text,pg_catalog,text,,,,,,
postgres,public,role_permission_grants,permission_key,4,,NO,text,pg_catalog,text,,,,,,
postgres,public,role_permission_grants,allowed,5,true,NO,boolean,pg_catalog,bool,,,,,,
postgres,public,role_permission_grants,created_at,6,now(),NO,timestamp with time zone,pg_catalog,timestamptz,,,,6,,
postgres,public,role_permission_grants,updated_at,7,,YES,timestamp with time zone,pg_catalog,timestamptz,,,,6,,
postgres,public,schedule_assignments,id,1,gen_random_uuid(),NO,uuid,pg_catalog,uuid,,,,,,
postgres,public,schedule_assignments,org_id,2,,NO,uuid,pg_catalog,uuid,,,,,,
postgres,public,schedule_assignments,enrollment_agreement_id,3,,NO,uuid,pg_catalog,uuid,,,,,,
postgres,public,schedule_assignments,schedule_pattern_id,4,,NO,uuid,pg_catalog,uuid,,,,,,
postgres,public,schedule_assignments,customer_member_id,5,,NO,uuid,pg_catalog,uuid,,,,,,
postgres,public,schedule_assignments,start_date,6,,NO,date,pg_catalog,date,,,,0,,
postgres,public,schedule_assignments,end_date,7,,YES,date,pg_catalog,date,,,,0,,
postgres,public,schedule_assignments,status,8,,NO,text,pg_catalog,text,,,,,,
postgres,public,schedule_assignments,assignment_kind,9,'base'::text,NO,text,pg_catalog,text,,,,,,
postgres,public,schedule_assignments,source_key,10,'operator'::text,NO,text,pg_catalog,text,,,,,,
postgres,public,schedule_assignments,supersedes_assignment_id,11,,YES,uuid,pg_catalog,uuid,,,,,,
postgres,public,schedule_assignments,metadata,12,'{}'::jsonb,NO,jsonb,pg_catalog,jsonb,,,,,,
postgres,public,schedule_assignments,created_by,13,,YES,uuid,pg_catalog,uuid,,,,,,
postgres,public,schedule_assignments,updated_by,14,,YES,uuid,pg_catalog,uuid,,,,,,
postgres,public,schedule_assignments,created_at,15,now(),NO,timestamp with time zone,pg_catalog,timestamptz,,,,6,,
postgres,public,schedule_assignments,updated_at,16,now(),NO,timestamp with time zone,pg_catalog,timestamptz,,,,6,,
postgres,public,schedule_patterns,id,1,gen_random_uuid(),NO,uuid,pg_catalog,uuid,,,,,,
postgres,public,schedule_patterns,org_id,2,,NO,uuid,pg_catalog,uuid,,,,,,
postgres,public,schedule_patterns,site_location_id,3,,NO,uuid,pg_catalog,uuid,,,,,,
postgres,public,schedule_patterns,key,4,,NO,text,pg_catalog,text,,,,,,
postgres,public,schedule_patterns,label,5,,NO,text,pg_catalog,text,,,,,,
postgres,public,schedule_patterns,schedule_type_key,6,,NO,text,pg_catalog,text,,,,,,
postgres,public,schedule_patterns,weekdays,7,,NO,ARRAY,pg_catalog,_int2,,,,,,
postgres,public,schedule_patterns,sort_order,8,100,NO,integer,pg_catalog,int4,,32,0,,,
postgres,public,schedule_patterns,is_active,9,true,NO,boolean,pg_catalog,bool,,,,,,
postgres,public,schedule_patterns,metadata,10,'{}'::jsonb,NO,jsonb,pg_catalog,jsonb,,,,,,
postgres,public,schedule_patterns,created_at,11,now(),NO,timestamp with time zone,pg_catalog,timestamptz,,,,6,,
postgres,public,schedule_patterns,updated_at,12,,YES,timestamp with time zone,pg_catalog,timestamptz,,,,6,,
postgres,public,schedule_statuses,id,1,gen_random_uuid(),NO,uuid,pg_catalog,uuid,,,,,,
postgres,public,schedule_statuses,key,2,,NO,text,pg_catalog,text,,,,,,
postgres,public,schedule_statuses,label,3,,NO,text,pg_catalog,text,,,,,,
postgres,public,schedule_statuses,position,4,0,NO,integer,pg_catalog,int4,,32,0,,,
postgres,public,schedule_statuses,is_active,5,true,NO,boolean,pg_catalog,bool,,,,,,
postgres,public,schedule_tags,schedule_id,1,,NO,uuid,pg_catalog,uuid,,,,,,
postgres,public,schedule_tags,tag_id,2,,NO,uuid,pg_catalog,uuid,,,,,,
postgres,public,schedule_tags,created_at,3,now(),NO,timestamp with time zone,pg_catalog,timestamptz,,,,6,,
postgres,public,schedules,id,1,gen_random_uuid(),NO,uuid,pg_catalog,uuid,,,,,,
postgres,public,schedules,job_id,2,,NO,uuid,pg_catalog,uuid,,,,,,
postgres,public,schedules,visit_type,3,,YES,text,pg_catalog,text,,,,,,
postgres,public,schedules,start_at,4,,YES,timestamp with time zone,pg_catalog,timestamptz,,,,6,,
postgres,public,schedules,end_at,5,,YES,timestamp with time zone,pg_catalog,timestamptz,,,,6,,
postgres,public,schedules,duration_minutes,6,,YES,integer,pg_catalog,int4,,32,0,,,
postgres,public,schedules,timezone,7,,YES,text,pg_catalog,text,,,,,,
postgres,public,schedules,schedule_status_id,8,,YES,uuid,pg_catalog,uuid,,,,,,
postgres,public,schedules,external_source,9,,YES,text,pg_catalog,text,,,,,,
postgres,public,schedules,external_id,10,,YES,text,pg_catalog,text,,,,,,
postgres,public,schedules,metadata,11,'{}'::jsonb,NO,jsonb,pg_catalog,jsonb,,,,,,
postgres,public,schedules,created_at,12,now(),NO,timestamp with time zone,pg_catalog,timestamptz,,,,6,,
postgres,public,schedules,updated_at,13,,YES,timestamp with time zone,pg_catalog,timestamptz,,,,6,,
postgres,public,schedules,org_id,14,,NO,uuid,pg_catalog,uuid,,,,,,
postgres,public,schedules,customer_subscription_id,15,,YES,uuid,pg_catalog,uuid,,,,,,
postgres,public,schedules,subscription_sequence,16,,YES,integer,pg_catalog,int4,,32,0,,,
postgres,public,schedules,canceled_at,17,,YES,timestamp with time zone,pg_catalog,timestamptz,,,,6,,
postgres,public,schedules,canceled_by,18,,YES,text,pg_catalog,text,,,,,,
postgres,public,schedules,cancel_reason,19,,YES,text,pg_catalog,text,,,,,,
postgres,public,schedules,rescheduled_from_schedule_id,20,,YES,uuid,pg_catalog,uuid,,,,,,
postgres,public,schedules,reschedule_reason,21,,YES,text,pg_catalog,text,,,,,,
postgres,public,schedules,location_id,22,,YES,uuid,pg_catalog,uuid,,,,,,
postgres,public,schedules,status_key,23,'scheduled'::text,YES,text,pg_catalog,text,,,,,,
postgres,public,schedules,assigned_vendor_id,24,,YES,uuid,pg_catalog,uuid,,,,,,
postgres,public,schedules,price_cents,25,,YES,integer,pg_catalog,int4,,32,0,,,
postgres,public,schedules,schedule_number,26,,NO,bigint,pg_catalog,int8,,64,0,,,
postgres,public,service_offerings,id,1,gen_random_uuid(),NO,uuid,pg_catalog,uuid,,,,,,
postgres,public,service_offerings,org_id,2,,NO,uuid,pg_catalog,uuid,,,,,,
postgres,public,service_offerings,vertical_id,3,,YES,uuid,pg_catalog,uuid,,,,,,
postgres,public,service_offerings,offering_key,4,,NO,text,pg_catalog,text,,,,,,
postgres,public,service_offerings,offering_name,5,,NO,text,pg_catalog,text,,,,,,
postgres,public,service_offerings,description,6,,YES,text,pg_catalog,text,,,,,,
postgres,public,service_offerings,is_active,7,true,NO,boolean,pg_catalog,bool,,,,,,
postgres,public,service_offerings,metadata,8,'{}'::jsonb,NO,jsonb,pg_catalog,jsonb,,,,,,
postgres,public,service_offerings,created_at,9,now(),NO,timestamp with time zone,pg_catalog,timestamptz,,,,6,,
postgres,public,service_offerings,updated_at,10,,YES,timestamp with time zone,pg_catalog,timestamptz,,,,6,,
postgres,public,service_plan_templates,id,1,gen_random_uuid(),NO,uuid,pg_catalog,uuid,,,,,,
postgres,public,service_plan_templates,org_id,2,,NO,uuid,pg_catalog,uuid,,,,,,
postgres,public,service_plan_templates,vertical_id,3,,YES,uuid,pg_catalog,uuid,,,,,,
postgres,public,service_plan_templates,plan_key,4,,NO,text,pg_catalog,text,,,,,,
postgres,public,service_plan_templates,plan_name,5,,NO,text,pg_catalog,text,,,,,,
postgres,public,service_plan_templates,is_recurring,6,false,NO,boolean,pg_catalog,bool,,,,,,
postgres,public,service_plan_templates,recurrence_unit,7,,YES,text,pg_catalog,text,,,,,,
postgres,public,service_plan_templates,recurrence_interval,8,,YES,integer,pg_catalog,int4,,32,0,,,
postgres,public,service_plan_templates,sort_order,9,0,NO,integer,pg_catalog,int4,,32,0,,,
postgres,public,service_plan_templates,is_active,10,true,NO,boolean,pg_catalog,bool,,,,,,
postgres,public,service_plan_templates,metadata,11,'{}'::jsonb,NO,jsonb,pg_catalog,jsonb,,,,,,
postgres,public,service_plan_templates,created_at,12,now(),NO,timestamp with time zone,pg_catalog,timestamptz,,,,6,,
postgres,public,service_plan_templates,updated_at,13,,YES,timestamp with time zone,pg_catalog,timestamptz,,,,6,,
postgres,public,service_price_dimensions,id,1,gen_random_uuid(),NO,uuid,pg_catalog,uuid,,,,,,
postgres,public,service_price_dimensions,pricing_rule_id,2,,NO,uuid,pg_catalog,uuid,,,,,,
postgres,public,service_price_dimensions,dimension_type,3,,NO,text,pg_catalog,text,,,,,,
postgres,public,service_price_dimensions,dimension_key,4,,NO,text,pg_catalog,text,,,,,,
postgres,public,service_price_dimensions,dimension_label,5,,YES,text,pg_catalog,text,,,,,,
postgres,public,service_price_dimensions,sort_order,6,0,NO,integer,pg_catalog,int4,,32,0,,,
postgres,public,service_price_dimensions,metadata,7,'{}'::jsonb,NO,jsonb,pg_catalog,jsonb,,,,,,
postgres,public,service_price_dimensions,created_at,8,now(),NO,timestamp with time zone,pg_catalog,timestamptz,,,,6,,
postgres,public,service_pricing_rules,id,1,gen_random_uuid(),NO,uuid,pg_catalog,uuid,,,,,,
postgres,public,service_pricing_rules,org_id,2,,NO,uuid,pg_catalog,uuid,,,,,,
postgres,public,service_pricing_rules,vertical_id,3,,YES,uuid,pg_catalog,uuid,,,,,,
postgres,public,service_pricing_rules,service_offering_id,4,,NO,uuid,pg_catalog,uuid,,,,,,
postgres,public,service_pricing_rules,service_plan_template_id,5,,YES,uuid,pg_catalog,uuid,,,,,,
postgres,public,service_pricing_rules,pricing_model,6,'flat'::text,NO,text,pg_catalog,text,,,,,,
postgres,public,service_pricing_rules,base_price,7,,YES,numeric,pg_catalog,numeric,,12,2,,,
postgres,public,service_pricing_rules,currency,8,'USD'::text,NO,text,pg_catalog,text,,,,,,
postgres,public,service_pricing_rules,is_active,9,true,NO,boolean,pg_catalog,bool,,,,,,
postgres,public,service_pricing_rules,effective_start_at,10,,YES,timestamp with time zone,pg_catalog,timestamptz,,,,6,,
postgres,public,service_pricing_rules,effective_end_at,11,,YES,timestamp with time zone,pg_catalog,timestamptz,,,,6,,
postgres,public,service_pricing_rules,metadata,12,'{}'::jsonb,NO,jsonb,pg_catalog,jsonb,,,,,,
postgres,public,service_pricing_rules,created_at,13,now(),NO,timestamp with time zone,pg_catalog,timestamptz,,,,6,,
postgres,public,service_pricing_rules,updated_at,14,,YES,timestamp with time zone,pg_catalog,timestamptz,,,,6,,
postgres,public,sla_events,id,1,gen_random_uuid(),NO,uuid,pg_catalog,uuid,,,,,,
postgres,public,sla_events,org_id,2,,NO,uuid,pg_catalog,uuid,,,,,,
postgres,public,sla_events,thread_id,3,,NO,uuid,pg_catalog,uuid,,,,,,
postgres,public,sla_events,sla_type,4,,NO,text,pg_catalog,text,,,,,,
postgres,public,sla_events,state,5,,NO,text,pg_catalog,text,,,,,,
postgres,public,sla_events,occurred_at,6,now(),NO,timestamp with time zone,pg_catalog,timestamptz,,,,6,,
postgres,public,sla_events,metadata,7,'{}'::jsonb,NO,jsonb,pg_catalog,jsonb,,,,,,
postgres,public,sqft_bands,id,1,gen_random_uuid(),NO,uuid,pg_catalog,uuid,,,,,,
postgres,public,sqft_bands,key,2,,NO,text,pg_catalog,text,,,,,,
postgres,public,sqft_bands,label,3,,NO,text,pg_catalog,text,,,,,,
postgres,public,sqft_bands,position,4,0,NO,integer,pg_catalog,int4,,32,0,,,
postgres,public,sqft_bands,is_active,5,true,NO,boolean,pg_catalog,bool,,,,,,
postgres,public,status_definitions,id,1,gen_random_uuid(),NO,uuid,pg_catalog,uuid,,,,,,
postgres,public,status_definitions,org_id,2,,YES,uuid,pg_catalog,uuid,,,,,,
postgres,public,status_definitions,entity_type,3,,NO,text,pg_catalog,text,,,,,,
postgres,public,status_definitions,status_key,4,,NO,text,pg_catalog,text,,,,,,
postgres,public,status_definitions,status_label,5,,NO,text,pg_catalog,text,,,,,,
postgres,public,status_definitions,sort_order,6,100,NO,integer,pg_catalog,int4,,32,0,,,
postgres,public,status_definitions,is_active,7,true,NO,boolean,pg_catalog,bool,,,,,,
postgres,public,status_definitions,is_system,8,false,NO,boolean,pg_catalog,bool,,,,,,
postgres,public,status_definitions,metadata,9,'{}'::jsonb,NO,jsonb,pg_catalog,jsonb,,,,,,
postgres,public,status_definitions,created_at,10,now(),NO,timestamp with time zone,pg_catalog,timestamptz,,,,6,,
postgres,public,status_definitions,updated_at,11,,YES,timestamp with time zone,pg_catalog,timestamptz,,,,6,,
postgres,public,status_definitions,industry_key,12,,YES,text,pg_catalog,text,,,,,,
postgres,public,status_definitions,is_default,13,false,NO,boolean,pg_catalog,bool,,,,,,
postgres,public,status_transition_rules,id,1,gen_random_uuid(),NO,uuid,pg_catalog,uuid,,,,,,
postgres,public,status_transition_rules,org_id,2,,NO,uuid,pg_catalog,uuid,,,,,,
postgres,public,status_transition_rules,entity_type,3,,NO,text,pg_catalog,text,,,,,,
postgres,public,status_transition_rules,department_id,4,,YES,uuid,pg_catalog,uuid,,,,,,
postgres,public,status_transition_rules,work_unit_id,5,,YES,uuid,pg_catalog,uuid,,,,,,
postgres,public,status_transition_rules,action_key,6,,YES,text,pg_catalog,text,,,,,,
postgres,public,status_transition_rules,from_status_key,7,,YES,text,pg_catalog,text,,,,,,
postgres,public,status_transition_rules,to_status_key,8,,NO,text,pg_catalog,text,,,,,,
postgres,public,status_transition_rules,required_metadata_fields,9,'[]'::jsonb,NO,jsonb,pg_catalog,jsonb,,,,,,
postgres,public,status_transition_rules,required_payload_fields,10,'[]'::jsonb,NO,jsonb,pg_catalog,jsonb,,,,,,
postgres,public,status_transition_rules,blocked,11,false,NO,boolean,pg_catalog,bool,,,,,,
postgres,public,status_transition_rules,is_active,12,true,NO,boolean,pg_catalog,bool,,,,,,
postgres,public,status_transition_rules,message,13,,YES,text,pg_catalog,text,,,,,,
postgres,public,status_transition_rules,created_at,14,now(),NO,timestamp with time zone,pg_catalog,timestamptz,,,,6,,
postgres,public,status_transition_rules,updated_at,15,now(),NO,timestamp with time zone,pg_catalog,timestamptz,,,,6,,
postgres,public,tags,id,1,gen_random_uuid(),NO,uuid,pg_catalog,uuid,,,,,,
postgres,public,tags,name,2,,NO,text,pg_catalog,text,,,,,,
postgres,public,tags,created_at,3,now(),NO,timestamp with time zone,pg_catalog,timestamptz,,,,6,,
postgres,public,task_assist_proposals,id,1,gen_random_uuid(),NO,uuid,pg_catalog,uuid,,,,,,
postgres,public,task_assist_proposals,org_id,2,,NO,uuid,pg_catalog,uuid,,,,,,
postgres,public,task_assist_proposals,actor_user_id,3,,NO,uuid,pg_catalog,uuid,,,,,,
postgres,public,task_assist_proposals,created_by,4,,NO,uuid,pg_catalog,uuid,,,,,,
postgres,public,task_assist_proposals,agent_key,5,'task_assist'::text,NO,text,pg_catalog,text,,,,,,
postgres,public,task_assist_proposals,proposal_type,6,,NO,text,pg_catalog,text,,,,,,
postgres,public,task_assist_proposals,entity_type,7,'opportunities'::text,NO,text,pg_catalog,text,,,,,,
postgres,public,task_assist_proposals,entity_id,8,,NO,uuid,pg_catalog,uuid,,,,,,
postgres,public,task_assist_proposals,status,9,'draft'::text,NO,text,pg_catalog,text,,,,,,
postgres,public,task_assist_proposals,payload,10,'{}'::jsonb,NO,jsonb,pg_catalog,jsonb,,,,,,
postgres,public,task_assist_proposals,validation_errors,11,'[]'::jsonb,NO,jsonb,pg_catalog,jsonb,,,,,,
postgres,public,task_assist_proposals,warnings,12,'[]'::jsonb,NO,jsonb,pg_catalog,jsonb,,,,,,
postgres,public,task_assist_proposals,expires_at,13,,YES,timestamp with time zone,pg_catalog,timestamptz,,,,6,,
postgres,public,task_assist_proposals,approved_at,14,,YES,timestamp with time zone,pg_catalog,timestamptz,,,,6,,
postgres,public,task_assist_proposals,approved_by,15,,YES,uuid,pg_catalog,uuid,,,,,,
postgres,public,task_assist_proposals,rejected_at,16,,YES,timestamp with time zone,pg_catalog,timestamptz,,,,6,,
postgres,public,task_assist_proposals,rejected_by,17,,YES,uuid,pg_catalog,uuid,,,,,,
postgres,public,task_assist_proposals,applied_at,18,,YES,timestamp with time zone,pg_catalog,timestamptz,,,,6,,
postgres,public,task_assist_proposals,applied_by,19,,YES,uuid,pg_catalog,uuid,,,,,,
postgres,public,task_assist_proposals,applied_result,20,'{}'::jsonb,NO,jsonb,pg_catalog,jsonb,,,,,,
postgres,public,task_assist_proposals,created_at,21,now(),NO,timestamp with time zone,pg_catalog,timestamptz,,,,6,,
postgres,public,task_assist_proposals,updated_at,22,now(),NO,timestamp with time zone,pg_catalog,timestamptz,,,,6,,
postgres,public,tour_availability_rules,id,1,gen_random_uuid(),NO,uuid,pg_catalog,uuid,,,,,,
postgres,public,tour_availability_rules,org_id,2,,NO,uuid,pg_catalog,uuid,,,,,,
postgres,public,tour_availability_rules,location_id,3,,YES,uuid,pg_catalog,uuid,,,,,,
postgres,public,tour_availability_rules,user_id,4,,YES,uuid,pg_catalog,uuid,,,,,,
postgres,public,tour_availability_rules,day_of_week,5,,NO,smallint,pg_catalog,int2,,16,0,,,
postgres,public,tour_availability_rules,start_time,6,,NO,time without time zone,pg_catalog,time,,,,6,,
postgres,public,tour_availability_rules,end_time,7,,NO,time without time zone,pg_catalog,time,,,,6,,
postgres,public,tour_availability_rules,timezone,8,,NO,text,pg_catalog,text,,,,,,
postgres,public,tour_availability_rules,slot_duration_minutes,9,,NO,integer,pg_catalog,int4,,32,0,,,
postgres,public,tour_availability_rules,buffer_minutes,10,0,NO,integer,pg_catalog,int4,,32,0,,,
postgres,public,tour_availability_rules,max_bookings_per_slot,11,1,NO,integer,pg_catalog,int4,,32,0,,,
postgres,public,tour_availability_rules,approval_required,12,false,NO,boolean,pg_catalog,bool,,,,,,
postgres,public,tour_availability_rules,is_active,13,true,NO,boolean,pg_catalog,bool,,,,,,
postgres,public,tour_availability_rules,metadata,14,'{}'::jsonb,NO,jsonb,pg_catalog,jsonb,,,,,,
postgres,public,tour_availability_rules,created_at,15,now(),NO,timestamp with time zone,pg_catalog,timestamptz,,,,6,,
postgres,public,tour_availability_rules,updated_at,16,now(),NO,timestamp with time zone,pg_catalog,timestamptz,,,,6,,
postgres,public,tour_bookings,id,1,gen_random_uuid(),NO,uuid,pg_catalog,uuid,,,,,,
postgres,public,tour_bookings,org_id,2,,NO,uuid,pg_catalog,uuid,,,,,,
postgres,public,tour_bookings,opportunity_id,3,,NO,uuid,pg_catalog,uuid,,,,,,
postgres,public,tour_bookings,location_id,4,,NO,uuid,pg_catalog,uuid,,,,,,
postgres,public,tour_bookings,primary_person_id,5,,YES,uuid,pg_catalog,uuid,,,,,,
postgres,public,tour_bookings,primary_contact_id,6,,YES,uuid,pg_catalog,uuid,,,,,,
postgres,public,tour_bookings,requested_by_user_id,7,,YES,uuid,pg_catalog,uuid,,,,,,
postgres,public,tour_bookings,start_at,8,,NO,timestamp with time zone,pg_catalog,timestamptz,,,,6,,
postgres,public,tour_bookings,end_at,9,,NO,timestamp with time zone,pg_catalog,timestamptz,,,,6,,
postgres,public,tour_bookings,timezone,10,,NO,text,pg_catalog,text,,,,,,
postgres,public,tour_bookings,status_key,11,,NO,text,pg_catalog,text,,,,,,
postgres,public,tour_bookings,source,12,,NO,text,pg_catalog,text,,,,,,
postgres,public,tour_bookings,form_submission_id,13,,YES,uuid,pg_catalog,uuid,,,,,,
postgres,public,tour_bookings,form_public_link_id,14,,YES,uuid,pg_catalog,uuid,,,,,,
postgres,public,tour_bookings,canceled_at,15,,YES,timestamp with time zone,pg_catalog,timestamptz,,,,6,,
postgres,public,tour_bookings,canceled_by,16,,YES,text,pg_catalog,text,,,,,,
postgres,public,tour_bookings,cancel_reason,17,,YES,text,pg_catalog,text,,,,,,
postgres,public,tour_bookings,rescheduled_from_booking_id,18,,YES,uuid,pg_catalog,uuid,,,,,,
postgres,public,tour_bookings,metadata,19,'{}'::jsonb,NO,jsonb,pg_catalog,jsonb,,,,,,
postgres,public,tour_bookings,created_at,20,now(),NO,timestamp with time zone,pg_catalog,timestamptz,,,,6,,
postgres,public,tour_bookings,updated_at,21,now(),NO,timestamp with time zone,pg_catalog,timestamptz,,,,6,,
postgres,public,tour_public_booking_links,id,1,gen_random_uuid(),NO,uuid,pg_catalog,uuid,,,,,,
postgres,public,tour_public_booking_links,org_id,2,,NO,uuid,pg_catalog,uuid,,,,,,
postgres,public,tour_public_booking_links,token_hash,3,,NO,text,pg_catalog,text,,,,,,
postgres,public,tour_public_booking_links,token_prefix,4,,NO,text,pg_catalog,text,,,,,,
postgres,public,tour_public_booking_links,opportunity_id,5,,NO,uuid,pg_catalog,uuid,,,,,,
postgres,public,tour_public_booking_links,location_id,6,,NO,uuid,pg_catalog,uuid,,,,,,
postgres,public,tour_public_booking_links,expires_at,7,,YES,timestamp with time zone,pg_catalog,timestamptz,,,,6,,
postgres,public,tour_public_booking_links,is_active,8,true,NO,boolean,pg_catalog,bool,,,,,,
postgres,public,tour_public_booking_links,metadata,9,'{}'::jsonb,NO,jsonb,pg_catalog,jsonb,,,,,,
postgres,public,tour_public_booking_links,created_at,10,now(),NO,timestamp with time zone,pg_catalog,timestamptz,,,,6,,
postgres,public,tour_public_booking_links,updated_at,11,now(),NO,timestamp with time zone,pg_catalog,timestamptz,,,,6,,
postgres,public,user_access_profiles,id,1,gen_random_uuid(),NO,uuid,pg_catalog,uuid,,,,,,
postgres,public,user_access_profiles,user_id,2,,NO,uuid,pg_catalog,uuid,,,,,,
postgres,public,user_access_profiles,org_id,3,,NO,uuid,pg_catalog,uuid,,,,,,
postgres,public,user_access_profiles,department_scope,4,,NO,text,pg_catalog,text,,,,,,
postgres,public,user_access_profiles,site_scope,5,,NO,text,pg_catalog,text,,,,,,
postgres,public,user_access_profiles,created_at,6,now(),NO,timestamp with time zone,pg_catalog,timestamptz,,,,6,,
postgres,public,user_access_profiles,updated_at,7,,YES,timestamp with time zone,pg_catalog,timestamptz,,,,6,,
postgres,public,user_department_access,id,1,gen_random_uuid(),NO,uuid,pg_catalog,uuid,,,,,,
postgres,public,user_department_access,user_id,2,,NO,uuid,pg_catalog,uuid,,,,,,
postgres,public,user_department_access,org_id,3,,NO,uuid,pg_catalog,uuid,,,,,,
postgres,public,user_department_access,department_id,4,,NO,uuid,pg_catalog,uuid,,,,,,
postgres,public,user_department_access,created_at,5,now(),NO,timestamp with time zone,pg_catalog,timestamptz,,,,6,,
postgres,public,user_department_access,updated_at,6,,YES,timestamp with time zone,pg_catalog,timestamptz,,,,6,,
postgres,public,user_profiles,id,1,,NO,uuid,pg_catalog,uuid,,,,,,
postgres,public,user_profiles,role,2,'ops'::app_role,NO,USER-DEFINED,public,app_role,,,,,,
postgres,public,user_profiles,created_at,3,now(),NO,timestamp with time zone,pg_catalog,timestamptz,,,,6,,
postgres,public,user_profiles,updated_at,4,now(),NO,timestamp with time zone,pg_catalog,timestamptz,,,,6,,
postgres,public,user_profiles,timezone,5,,YES,text,pg_catalog,text,,,,,,
postgres,public,user_roles,user_id,1,,NO,uuid,pg_catalog,uuid,,,,,,
postgres,public,user_roles,role,2,,NO,text,pg_catalog,text,,,,,,
postgres,public,user_roles,created_at,3,now(),NO,timestamp with time zone,pg_catalog,timestamptz,,,,6,,
postgres,public,user_roles,org_id,4,,NO,uuid,pg_catalog,uuid,,,,,,
postgres,public,user_site_access,id,1,gen_random_uuid(),NO,uuid,pg_catalog,uuid,,,,,,
postgres,public,user_site_access,user_id,2,,NO,uuid,pg_catalog,uuid,,,,,,
postgres,public,user_site_access,org_id,3,,NO,uuid,pg_catalog,uuid,,,,,,
postgres,public,user_site_access,location_id,4,,NO,uuid,pg_catalog,uuid,,,,,,
postgres,public,user_site_access,created_at,5,now(),NO,timestamp with time zone,pg_catalog,timestamptz,,,,6,,
postgres,public,user_site_access,updated_at,6,,YES,timestamp with time zone,pg_catalog,timestamptz,,,,6,,
postgres,public,vendor_statuses,id,1,gen_random_uuid(),NO,uuid,pg_catalog,uuid,,,,,,
postgres,public,vendor_statuses,key,2,,NO,text,pg_catalog,text,,,,,,
postgres,public,vendor_statuses,label,3,,NO,text,pg_catalog,text,,,,,,
postgres,public,vendor_statuses,position,4,0,NO,integer,pg_catalog,int4,,32,0,,,
postgres,public,vendor_statuses,is_active,5,true,NO,boolean,pg_catalog,bool,,,,,,
postgres,public,vendor_tags,vendor_id,1,,NO,uuid,pg_catalog,uuid,,,,,,
postgres,public,vendor_tags,tag_id,2,,NO,uuid,pg_catalog,uuid,,,,,,
postgres,public,vendor_tags,created_at,3,now(),NO,timestamp with time zone,pg_catalog,timestamptz,,,,6,,
postgres,public,vendor_users,id,1,gen_random_uuid(),NO,uuid,pg_catalog,uuid,,,,,,
postgres,public,vendor_users,vendor_id,2,,NO,uuid,pg_catalog,uuid,,,,,,
postgres,public,vendor_users,contact_id,3,,NO,uuid,pg_catalog,uuid,,,,,,
postgres,public,vendor_users,role,4,,YES,text,pg_catalog,text,,,,,,
postgres,public,vendor_users,is_active,5,true,NO,boolean,pg_catalog,bool,,,,,,
postgres,public,vendor_users,availability_days,6,,YES,ARRAY,pg_catalog,_text,,,,,,
postgres,public,vendor_users,availability_timeblocks,7,,YES,ARRAY,pg_catalog,_text,,,,,,
postgres,public,vendor_users,drivers_license_file_id,8,,YES,uuid,pg_catalog,uuid,,,,,,
postgres,public,vendor_users,agreements,9,'{}'::jsonb,NO,jsonb,pg_catalog,jsonb,,,,,,
postgres,public,vendor_users,external_source,10,,YES,text,pg_catalog,text,,,,,,
postgres,public,vendor_users,external_id,11,,YES,text,pg_catalog,text,,,,,,
postgres,public,vendor_users,metadata,12,'{}'::jsonb,NO,jsonb,pg_catalog,jsonb,,,,,,
postgres,public,vendor_users,created_at,13,now(),NO,timestamp with time zone,pg_catalog,timestamptz,,,,6,,
postgres,public,vendor_users,updated_at,14,,YES,timestamp with time zone,pg_catalog,timestamptz,,,,6,,
postgres,public,vendor_users,org_id,15,,YES,uuid,pg_catalog,uuid,,,,,,
postgres,public,vendor_verticals,vendor_id,1,,NO,uuid,pg_catalog,uuid,,,,,,
postgres,public,vendor_verticals,vertical_id,2,,NO,uuid,pg_catalog,uuid,,,,,,
postgres,public,vendor_verticals,created_at,3,now(),NO,timestamp with time zone,pg_catalog,timestamptz,,,,6,,
postgres,public,vendors,id,1,gen_random_uuid(),NO,uuid,pg_catalog,uuid,,,,,,
postgres,public,vendors,name,2,,NO,text,pg_catalog,text,,,,,,
postgres,public,vendors,status,3,'pending'::text,NO,text,pg_catalog,text,,,,,,
postgres,public,vendors,email,4,,YES,text,pg_catalog,text,,,,,,
postgres,public,vendors,phone,5,,YES,text,pg_catalog,text,,,,,,
postgres,public,vendors,payout_percent,6,0.70,NO,numeric,pg_catalog,numeric,,,,,,
postgres,public,vendors,max_daily_jobs,7,,YES,integer,pg_catalog,int4,,32,0,,,
postgres,public,vendors,insurance_doc_file_id,8,,YES,uuid,pg_catalog,uuid,,,,,,
postgres,public,vendors,w9_received,9,false,NO,boolean,pg_catalog,bool,,,,,,
postgres,public,vendors,ach_verified,10,false,NO,boolean,pg_catalog,bool,,,,,,
postgres,public,vendors,primary_contact_id,11,,YES,uuid,pg_catalog,uuid,,,,,,
postgres,public,vendors,external_source,12,,YES,text,pg_catalog,text,,,,,,
postgres,public,vendors,external_id,13,,YES,text,pg_catalog,text,,,,,,
postgres,public,vendors,metadata,14,'{}'::jsonb,NO,jsonb,pg_catalog,jsonb,,,,,,
postgres,public,vendors,created_at,15,now(),NO,timestamp with time zone,pg_catalog,timestamptz,,,,6,,
postgres,public,vendors,updated_at,16,,YES,timestamp with time zone,pg_catalog,timestamptz,,,,6,,
postgres,public,vendors,org_id,17,,NO,uuid,pg_catalog,uuid,,,,,,
postgres,public,vendors,service_area_zip_codes,18,,YES,ARRAY,pg_catalog,_text,,,,,,
postgres,public,vendors,owns_supplies,19,,YES,boolean,pg_catalog,bool,,,,,,
postgres,public,vendors,days_available,20,,YES,ARRAY,pg_catalog,_text,,,,,,
postgres,public,vendors,operating_hours_open,21,,YES,time without time zone,pg_catalog,time,,,,6,,
postgres,public,vendors,operating_hours_close,22,,YES,time without time zone,pg_catalog,time,,,,6,,
postgres,public,vendors,address_line1,23,,YES,text,pg_catalog,text,,,,,,
postgres,public,vendors,city,24,,YES,text,pg_catalog,text,,,,,,
postgres,public,vendors,state,25,,YES,text,pg_catalog,text,,,,,,
postgres,public,vendors,postal_code,26,,YES,text,pg_catalog,text,,,,,,
postgres,public,vendors,drivers_license_doc_file_id,27,,YES,uuid,pg_catalog,uuid,,,,,,
postgres,public,vendors,consent_contractor_agreement,28,false,NO,boolean,pg_catalog,bool,,,,,,
postgres,public,vendors,consent_marketing,29,false,NO,boolean,pg_catalog,bool,,,,,,
postgres,public,vendors,consent_legal,30,false,NO,boolean,pg_catalog,bool,,,,,,
postgres,public,vendors,submitted_at,31,,YES,timestamp with time zone,pg_catalog,timestamptz,,,,6,,
postgres,public,vendors,vendor_status_id,32,,NO,uuid,pg_catalog,uuid,,,,,,
postgres,public,vendors,company_name,33,,YES,text,pg_catalog,text,,,,,,
postgres,public,vendors,insurance_doc_path,34,,YES,text,pg_catalog,text,,,,,,
postgres,public,vendors,drivers_license_doc_path,35,,YES,text,pg_catalog,text,,,,,,
postgres,public,vendors,status_key,36,,YES,text,pg_catalog,text,,,,,,
postgres,public,vendors,payout_override_type,37,,YES,text,pg_catalog,text,,,,,,
postgres,public,vendors,payout_override_value,38,,YES,numeric,pg_catalog,numeric,,,,,,
postgres,public,vendors,primary_person_id,39,,YES,uuid,pg_catalog,uuid,,,,,,
postgres,public,vendors,vendor_number,40,,NO,bigint,pg_catalog,int8,,64,0,,,
postgres,public,verticals,id,1,gen_random_uuid(),NO,uuid,pg_catalog,uuid,,,,,,
postgres,public,verticals,name,2,,NO,text,pg_catalog,text,,,,,,
postgres,public,verticals,slug,3,,NO,text,pg_catalog,text,,,,,,
postgres,public,verticals,is_active,4,true,NO,boolean,pg_catalog,bool,,,,,,
postgres,public,verticals,settings,5,'{}'::jsonb,NO,jsonb,pg_catalog,jsonb,,,,,,
postgres,public,verticals,external_source,6,,YES,text,pg_catalog,text,,,,,,
postgres,public,verticals,external_id,7,,YES,text,pg_catalog,text,,,,,,
postgres,public,verticals,metadata,8,'{}'::jsonb,NO,jsonb,pg_catalog,jsonb,,,,,,
postgres,public,verticals,created_at,9,now(),NO,timestamp with time zone,pg_catalog,timestamptz,,,,6,,
postgres,public,verticals,updated_at,10,,YES,timestamp with time zone,pg_catalog,timestamptz,,,,6,,
postgres,public,work_units,id,1,gen_random_uuid(),NO,uuid,pg_catalog,uuid,,,,,,
postgres,public,work_units,org_id,2,,NO,uuid,pg_catalog,uuid,,,,,,
postgres,public,work_units,department_id,3,,NO,uuid,pg_catalog,uuid,,,,,,
postgres,public,work_units,key,4,,NO,text,pg_catalog,text,,,,,,
postgres,public,work_units,name,5,,NO,text,pg_catalog,text,,,,,,
postgres,public,work_units,description,6,,YES,text,pg_catalog,text,,,,,,
postgres,public,work_units,sort_order,7,0,NO,integer,pg_catalog,int4,,32,0,,,
postgres,public,work_units,is_active,8,true,NO,boolean,pg_catalog,bool,,,,,,
postgres,public,work_units,queue_definition,9,'{}'::jsonb,NO,jsonb,pg_catalog,jsonb,,,,,,
postgres,public,work_units,metadata,10,'{}'::jsonb,NO,jsonb,pg_catalog,jsonb,,,,,,
postgres,public,work_units,created_at,11,now(),NO,timestamp with time zone,pg_catalog,timestamptz,,,,6,,
postgres,public,work_units,updated_at,12,,YES,timestamp with time zone,pg_catalog,timestamptz,,,,6,,
postgres,public,workflow_action_runs,id,1,gen_random_uuid(),NO,uuid,pg_catalog,uuid,,,,,,
postgres,public,workflow_action_runs,org_id,2,,NO,uuid,pg_catalog,uuid,,,,,,
postgres,public,workflow_action_runs,workflow_run_id,3,,NO,uuid,pg_catalog,uuid,,,,,,
postgres,public,workflow_action_runs,workflow_id,4,,NO,uuid,pg_catalog,uuid,,,,,,
postgres,public,workflow_action_runs,action_id,5,,YES,uuid,pg_catalog,uuid,,,,,,
postgres,public,workflow_action_runs,action_order,6,,YES,integer,pg_catalog,int4,,32,0,,,
postgres,public,workflow_action_runs,action_type,7,,YES,text,pg_catalog,text,,,,,,
postgres,public,workflow_action_runs,status,8,'started'::text,NO,text,pg_catalog,text,,,,,,
postgres,public,workflow_action_runs,error,9,,YES,text,pg_catalog,text,,,,,,
postgres,public,workflow_action_runs,started_at,10,now(),NO,timestamp with time zone,pg_catalog,timestamptz,,,,6,,
postgres,public,workflow_action_runs,completed_at,11,,YES,timestamp with time zone,pg_catalog,timestamptz,,,,6,,
postgres,public,workflow_action_runs,inputs,12,'{}'::jsonb,NO,jsonb,pg_catalog,jsonb,,,,,,
postgres,public,workflow_action_runs,outputs,13,'{}'::jsonb,NO,jsonb,pg_catalog,jsonb,,,,,,
postgres,public,workflow_action_runs,meta,14,'{}'::jsonb,NO,jsonb,pg_catalog,jsonb,,,,,,
postgres,public,workflow_actions,id,1,gen_random_uuid(),NO,uuid,pg_catalog,uuid,,,,,,
postgres,public,workflow_actions,workflow_id,2,,NO,uuid,pg_catalog,uuid,,,,,,
postgres,public,workflow_actions,action_order,3,,NO,integer,pg_catalog,int4,,32,0,,,
postgres,public,workflow_actions,action_type,4,,NO,text,pg_catalog,text,,,,,,
postgres,public,workflow_actions,target_entity,5,,YES,text,pg_catalog,text,,,,,,
postgres,public,workflow_actions,payload,6,,NO,jsonb,pg_catalog,jsonb,,,,,,
postgres,public,workflow_actions,created_at,7,now(),NO,timestamp with time zone,pg_catalog,timestamptz,,,,6,,
postgres,public,workflow_actions,org_id,8,,YES,uuid,pg_catalog,uuid,,,,,,
postgres,public,workflow_conditions,id,1,gen_random_uuid(),NO,uuid,pg_catalog,uuid,,,,,,
postgres,public,workflow_conditions,workflow_id,2,,NO,uuid,pg_catalog,uuid,,,,,,
postgres,public,workflow_conditions,field,3,,NO,text,pg_catalog,text,,,,,,
postgres,public,workflow_conditions,operator,4,,NO,text,pg_catalog,text,,,,,,
postgres,public,workflow_conditions,value,5,,YES,text,pg_catalog,text,,,,,,
postgres,public,workflow_conditions,created_at,6,now(),NO,timestamp with time zone,pg_catalog,timestamptz,,,,6,,
postgres,public,workflow_conditions,org_id,7,,YES,uuid,pg_catalog,uuid,,,,,,
postgres,public,workflow_events,id,1,gen_random_uuid(),NO,uuid,pg_catalog,uuid,,,,,,
postgres,public,workflow_events,org_id,2,,NO,uuid,pg_catalog,uuid,,,,,,
postgres,public,workflow_events,event_type,3,,NO,text,pg_catalog,text,,,,,,
postgres,public,workflow_events,entity_type,4,,YES,text,pg_catalog,text,,,,,,
postgres,public,workflow_events,entity_id,5,,YES,uuid,pg_catalog,uuid,,,,,,
postgres,public,workflow_events,action_type,6,,YES,text,pg_catalog,text,,,,,,
postgres,public,workflow_events,payload,7,'{}'::jsonb,NO,jsonb,pg_catalog,jsonb,,,,,,
postgres,public,workflow_events,occurred_at,8,now(),NO,timestamp with time zone,pg_catalog,timestamptz,,,,6,,
postgres,public,workflow_events,created_at,9,now(),NO,timestamp with time zone,pg_catalog,timestamptz,,,,6,,
postgres,public,workflow_run_events,run_id,1,,YES,uuid,pg_catalog,uuid,,,,,,
postgres,public,workflow_run_events,workflow_id,2,,YES,uuid,pg_catalog,uuid,,,,,,
postgres,public,workflow_run_events,status,3,,YES,text,pg_catalog,text,,,,,,
postgres,public,workflow_run_events,error,4,,YES,text,pg_catalog,text,,,,,,
postgres,public,workflow_run_events,started_at,5,,YES,timestamp with time zone,pg_catalog,timestamptz,,,,6,,
postgres,public,workflow_run_events,completed_at,6,,YES,timestamp with time zone,pg_catalog,timestamptz,,,,6,,
postgres,public,workflow_run_events,run_org_id,7,,YES,uuid,pg_catalog,uuid,,,,,,
postgres,public,workflow_run_events,event_id,8,,YES,uuid,pg_catalog,uuid,,,,,,
postgres,public,workflow_run_events,event_org_id,9,,YES,uuid,pg_catalog,uuid,,,,,,
postgres,public,workflow_run_events,event_type,10,,YES,text,pg_catalog,text,,,,,,
postgres,public,workflow_run_events,entity_type,11,,YES,text,pg_catalog,text,,,,,,
postgres,public,workflow_run_events,entity_id,12,,YES,uuid,pg_catalog,uuid,,,,,,
postgres,public,workflow_run_events,action_type,13,,YES,text,pg_catalog,text,,,,,,
postgres,public,workflow_run_events,occurred_at,14,,YES,timestamp with time zone,pg_catalog,timestamptz,,,,6,,
postgres,public,workflow_runs,id,1,gen_random_uuid(),NO,uuid,pg_catalog,uuid,,,,,,
postgres,public,workflow_runs,workflow_id,2,,NO,uuid,pg_catalog,uuid,,,,,,
postgres,public,workflow_runs,event_id,3,,YES,uuid,pg_catalog,uuid,,,,,,
postgres,public,workflow_runs,status,4,'pending'::text,NO,text,pg_catalog,text,,,,,,
postgres,public,workflow_runs,error,5,,YES,text,pg_catalog,text,,,,,,
postgres,public,workflow_runs,started_at,6,now(),NO,timestamp with time zone,pg_catalog,timestamptz,,,,6,,
postgres,public,workflow_runs,completed_at,7,,YES,timestamp with time zone,pg_catalog,timestamptz,,,,6,,
postgres,public,workflow_runs,event_payload,8,'{}'::jsonb,NO,jsonb,pg_catalog,jsonb,,,,,,
postgres,public,workflow_runs,org_id,9,,YES,uuid,pg_catalog,uuid,,,,,,
postgres,public,workflows,id,1,gen_random_uuid(),NO,uuid,pg_catalog,uuid,,,,,,
postgres,public,workflows,name,2,,NO,text,pg_catalog,text,,,,,,
postgres,public,workflows,description,3,,YES,text,pg_catalog,text,,,,,,
postgres,public,workflows,event_type,4,,NO,text,pg_catalog,text,,,,,,
postgres,public,workflows,entity_type,5,,NO,text,pg_catalog,text,,,,,,
postgres,public,workflows,enabled,6,true,NO,boolean,pg_catalog,bool,,,,,,
postgres,public,workflows,created_by,7,,YES,uuid,pg_catalog,uuid,,,,,,
postgres,public,workflows,created_at,8,now(),NO,timestamp with time zone,pg_catalog,timestamptz,,,,6,,
postgres,public,workflows,updated_at,9,now(),NO,timestamp with time zone,pg_catalog,timestamptz,,,,6,,
postgres,public,workflows,org_id,10,,NO,uuid,pg_catalog,uuid,,,,,,
postgres,public,workflows,metadata,11,'{}'::jsonb,NO,jsonb,pg_catalog,jsonb,,,,,,
postgres,public,workspace_kpi_placement,id,1,gen_random_uuid(),NO,uuid,pg_catalog,uuid,,,,,,
postgres,public,workspace_kpi_placement,org_id,2,,NO,uuid,pg_catalog,uuid,,,,,,
postgres,public,workspace_kpi_placement,surface,3,,NO,text,pg_catalog,text,,,,,,
postgres,public,workspace_kpi_placement,department_id,4,,YES,uuid,pg_catalog,uuid,,,,,,
postgres,public,workspace_kpi_placement,work_unit_id,5,,YES,uuid,pg_catalog,uuid,,,,,,
postgres,public,workspace_kpi_placement,metric_key,6,,NO,text,pg_catalog,text,,,,,,
postgres,public,workspace_kpi_placement,display_order,7,0,NO,integer,pg_catalog,int4,,32,0,,,
postgres,public,workspace_kpi_placement,is_visible,8,true,NO,boolean,pg_catalog,bool,,,,,,
postgres,public,workspace_kpi_placement,label_override,9,,YES,text,pg_catalog,text,,,,,,
postgres,public,workspace_kpi_placement,format_override,10,,YES,text,pg_catalog,text,,,,,,
postgres,public,workspace_kpi_placement,lane_override,11,,YES,text,pg_catalog,text,,,,,,
postgres,public,workspace_kpi_placement,metadata,12,'{}'::jsonb,NO,jsonb,pg_catalog,jsonb,,,,,,
postgres,public,workspace_kpi_placement,created_at,13,now(),NO,timestamp with time zone,pg_catalog,timestamptz,,,,6,,
postgres,public,workspace_kpi_placement,updated_at,14,now(),NO,timestamp with time zone,pg_catalog,timestamptz,,,,6,,
