[70619:7583229:0730/163046.856646:ERROR:net/cert/internal/trust_store_mac.cc:807] Error parsing certificate:
ERROR: Failed parsing extensions

Trying to load the allocator multiple times. This is *not* supported.
397914 bytes written to file /Users/Kelly/Code/alloy-worktrees/wt6-vacilando-os-product-def/docs/platform/planning/vacilando-os/qa/decision-experience-v2/decision-briefing.png
[77902:7604521:0730/163301.068238:ERROR:net/cert/internal/trust_store_mac.cc:807] Error parsing certificate:
ERROR: Failed parsing extensions

Trying to load the allocator multiple times. This is *not* supported.
[0730/163324.839095:WARNING:third_party/crashpad/crashpad/util/process/process_memory_mac.cc:94] mach_vm_read(0x1f4314000, 0x4000): (os/kern) invalid argument (4)
[0730/163324.879285:WARNING:third_party/crashpad/crashpad/snapshot/mac/mach_o_image_reader.cc:81] could not read mach_header, module /System/Library/Frameworks/SharedWithYouCore.framework/Versions/A/SharedWithYouCore, address 0x1f4315000
[0730/163324.893246:WARNING:third_party/crashpad/crashpad/util/process/process_memory_mac.cc:94] mach_vm_read(0x29d5f4000, 0x4000): (ipc/send) invalid destination port (0x10000003)
[0730/163324.894895:WARNING:third_party/crashpad/crashpad/snapshot/mac/process_reader_mac.cc:483] could not read dyld_image_info::imageFilePath
[0730/163324.894926:WARNING:third_party/crashpad/crashpad/util/process/process_memory_mac.cc:94] mach_vm_read(0x1a7c18000, 0x4000): (ipc/send) invalid destination port (0x10000003)
[0730/163324.894941:WARNING:third_party/crashpad/crashpad/snapshot/mac/mach_o_image_reader.cc:81] could not read mach_header, module , address 0x1a7c19000
[0730/163324.894953:WARNING:third_party/crashpad/crashpad/util/process/process_memory_mac.cc:94] mach_vm_read(0x29d5f8000, 0x4000): (ipc/send) invalid destination port (0x10000003)
[0730/163324.894964:WARNING:third_party/crashpad/crashpad/snapshot/mac/process_reader_mac.cc:483] could not read dyld_image_info::imageFilePath
[0730/163324.894973:WARNING:third_party/crashpad/crashpad/util/process/process_memory_mac.cc:94] mach_vm_read(0x1a813c000, 0x4000): (ipc/send) invalid destination port (0x10000003)
[0730/163324.894983:WARNING:third_party/crashpad/crashpad/snapshot/mac/mach_o_image_reader.cc:81] could not read mach_header, module , address 0x1a813f000
[0730/163324.894993:WARNING:third_party/crashpad/crashpad/util/process/process_memory_mac.cc:94] mach_vm_read(0x29d5c4000, 0x8000): (ipc/send) invalid destination port (0x10000003)
[0730/163324.895002:WARNING:third_party/crashpad/crashpad/util/process/process_memory_mac.cc:94] mach_vm_read(0x29d5c4000, 0x4000): (ipc/send) invalid destination port (0x10000003)
[0730/163324.895011:WARNING:third_party/crashpad/crashpad/snapshot/mac/process_reader_mac.cc:483] could not read dyld_image_info::imageFilePath
[0730/163324.895020:WARNING:third_party/crashpad/crashpad/util/process/process_memory_mac.cc:94] mach_vm_read(0x198f5c000, 0x4000): (ipc/send) invalid destination port (0x10000003)
[0730/163324.895029:WARNING:third_party/crashpad/crashpad/snapshot/mac/mach_o_image_reader.cc:81] could not read mach_header, module , address 0x198f5f000
[0730/163324.895038:WARNING:third_party/crashpad/crashpad/util/process/process_memory_mac.cc:94] mach_vm_read(0x29d6e8000, 0x4000): (ipc/send) invalid destination port (0x10000003)
[0730/163324.895047:WARNING:third_party/crashpad/crashpad/snapshot/mac/process_reader_mac.cc:483] could not read dyld_image_info::imageFilePath
[0730/163324.895056:WARNING:third_party/crashpad/crashpad/util/process/process_memory_mac.cc:94] mach_vm_read(0x23b060000, 0x4000): (ipc/send) invalid destination port (0x10000003)
[0730/163324.895075:WARNING:third_party/crashpad/crashpad/snapshot/mac/mach_o_image_reader.cc:81] could not read mach_header, module , address 0x23b061000
[0730/163324.895095:WARNING:third_party/crashpad/crashpad/util/process/process_memory_mac.cc:94] mach_vm_read(0x29d5f8000, 0x4000): (ipc/send) invalid destination port (0x10000003)
[0730/163324.895104:WARNING:third_party/crashpad/crashpad/snapshot/mac/process_reader_mac.cc:483] could not read dyld_image_info::imageFilePath
[0730/163324.895132:WARNING:third_party/crashpad/crashpad/util/process/process_memory_mac.cc:94] mach_vm_read(0x1a8134000, 0x4000): (ipc/send) invalid destination port (0x10000003)
[0730/163324.895140:WARNING:third_party/crashpad/crashpad/snapshot/mac/mach_o_image_reader.cc:81] could not read mach_header, module , address 0x1a8136000
[0730/163324.895148:WARNING:third_party/crashpad/crashpad/util/process/process_memory_mac.cc:94] mach_vm_read(0x29d6b4000, 0x4000): (ipc/send) invalid destination port (0x10000003)
[0730/163324.895155:WARNING:third_party/crashpad/crashpad/snapshot/mac/process_reader_mac.cc:483] could not read dyld_image_info::imageFilePath
[0730/163324.895162:WARNING:third_party/crashpad/crashpad/util/process/process_memory_mac.cc:94] mach_vm_read(0x1ef724000, 0x4000): (ipc/send) invalid destination port (0x10000003)
[0730/163324.895168:WARNING:third_party/crashpad/crashpad/snapshot/mac/mach_o_image_reader.cc:81] could not read mach_header, module , address 0x1ef726000
[0730/163324.895175:WARNING:third_party/crashpad/crashpad/util/process/process_memory_mac.cc:94] mach_vm_read(0x29d65c000, 0x4000): (ipc/send) invalid destination port (0x10000003)
[0730/163324.895181:WARNING:third_party/crashpad/crashpad/snapshot/mac/process_reader_mac.cc:483] could not read dyld_image_info::imageFilePath
[0730/163324.895188:WARNING:third_party/crashpad/crashpad/util/process/process_memory_mac.cc:94] mach_vm_read(0x1d2a6c000, 0x4000): (ipc/send) invalid destination port (0x10000003)
[0730/163324.895194:WARNING:third_party/crashpad/crashpad/snapshot/mac/mach_o_image_reader.cc:81] could not read mach_header, module , address 0x1d2a6d000
[0730/163324.895201:WARNING:third_party/crashpad/crashpad/util/process/process_memory_mac.cc:94] mach_vm_read(0x29d624000, 0x4000): (ipc/send) invalid destination port (0x10000003)
[0730/163324.895207:WARNING:third_party/crashpad/crashpad/snapshot/mac/process_reader_mac.cc:483] could not read dyld_image_info::imageFilePath
[0730/163324.895214:WARNING:third_party/crashpad/crashpad/util/process/process_memory_mac.cc:94] mach_vm_read(0x1bcd04000, 0x4000): (ipc/send) invalid destination port (0x10000003)
[0730/163324.895220:WARNING:third_party/crashpad/crashpad/snapshot/mac/mach_o_image_reader.cc:81] could not read mach_header, module , address 0x1bcd07000
[0730/163324.895228:WARNING:third_party/crashpad/crashpad/util/process/process_memory_mac.cc:94] mach_vm_read(0x29d624000, 0x4000): (ipc/send) invalid destination port (0x10000003)
[0730/163324.895234:WARNING:third_party/crashpad/crashpad/snapshot/mac/process_reader_mac.cc:483] could not read dyld_image_info::imageFilePath
[0730/163324.895242:WARNING:third_party/crashpad/crashpad/util/process/process_memory_mac.cc:94] mach_vm_read(0x1bcd1c000, 0x4000): (ipc/send) invalid destination port (0x10000003)
[0730/163324.895254:WARNING:third_party/crashpad/crashpad/snapshot/mac/mach_o_image_reader.cc:81] could not read mach_header, module , address 0x1bcd1d000
[0730/163324.895261:WARNING:third_party/crashpad/crashpad/util/process/process_memory_mac.cc:94] mach_vm_read(0x29d658000, 0x4000): (ipc/send) invalid destination port (0x10000003)
[0730/163324.895268:WARNING:third_party/crashpad/crashpad/snapshot/mac/process_reader_mac.cc:483] could not read dyld_image_info::imageFilePath
[0730/163324.895274:WARNING:third_party/crashpad/crashpad/util/process/process_memory_mac.cc:94] mach_vm_read(0x1d0f9c000, 0x4000): (ipc/send) invalid destination port (0x10000003)
[0730/163324.895280:WARNING:third_party/crashpad/crashpad/snapshot/mac/mach_o_image_reader.cc:81] could not read mach_header, module , address 0x1d0f9c000
[0730/163324.895287:WARNING:third_party/crashpad/crashpad/util/process/process_memory_mac.cc:94] mach_vm_read(0x29d5e0000, 0x4000): (ipc/send) invalid destination port (0x10000003)
[0730/163324.895294:WARNING:third_party/crashpad/crashpad/snapshot/mac/process_reader_mac.cc:483] could not read dyld_image_info::imageFilePath
[0730/163324.895300:WARNING:third_party/crashpad/crashpad/util/process/process_memory_mac.cc:94] mach_vm_read(0x1a0138000, 0x4000): (ipc/send) invalid destination port (0x10000003)
[0730/163324.895317:WARNING:third_party/crashpad/crashpad/snapshot/mac/mach_o_image_reader.cc:81] could not read mach_header, module , address 0x1a0138000
[0730/163324.895324:WARNING:third_party/crashpad/crashpad/util/process/process_memory_mac.cc:94] mach_vm_read(0x29d5e0000, 0x8000): (ipc/send) invalid destination port (0x10000003)
[0730/163324.895331:WARNING:third_party/crashpad/crashpad/util/process/process_memory_mac.cc:94] mach_vm_read(0x29d5e0000, 0x4000): (ipc/send) invalid destination port (0x10000003)
[0730/163324.895338:WARNING:third_party/crashpad/crashpad/snapshot/mac/process_reader_mac.cc:483] could not read dyld_image_info::imageFilePath
[0730/163324.895344:WARNING:third_party/crashpad/crashpad/util/process/process_memory_mac.cc:94] mach_vm_read(0x1a1204000, 0x4000): (ipc/send) invalid destination port (0x10000003)
[0730/163324.895351:WARNING:third_party/crashpad/crashpad/snapshot/mac/mach_o_image_reader.cc:81] could not read mach_header, module , address 0x1a1206000
[0730/163324.895358:WARNING:third_party/crashpad/crashpad/util/process/process_memory_mac.cc:94] mach_vm_read(0x29d5d8000, 0x4000): (ipc/send) invalid destination port (0x10000003)
[0730/163324.895365:WARNING:third_party/crashpad/crashpad/snapshot/mac/process_reader_mac.cc:483] could not read dyld_image_info::imageFilePath
[0730/163324.895371:WARNING:third_party/crashpad/crashpad/util/process/process_memory_mac.cc:94] mach_vm_read(0x19d9d0000, 0x4000): (ipc/send) invalid destination port (0x10000003)
[0730/163324.895378:WARNING:third_party/crashpad/crashpad/snapshot/mac/mach_o_image_reader.cc:81] could not read mach_header, module , address 0x19d9d1000
[0730/163324.895386:WARNING:third_party/crashpad/crashpad/util/process/process_memory_mac.cc:94] mach_vm_read(0x29d5c4000, 0x4000): (ipc/send) invalid destination port (0x10000003)
[0730/163324.895396:WARNING:third_party/crashpad/crashpad/snapshot/mac/process_reader_mac.cc:483] could not read dyld_image_info::imageFilePath
[0730/163324.895402:WARNING:third_party/crashpad/crashpad/util/process/process_memory_mac.cc:94] mach_vm_read(0x197700000, 0x4000): (ipc/send) invalid destination port (0x10000003)
[0730/163324.895408:WARNING:third_party/crashpad/crashpad/snapshot/mac/mach_o_image_reader.cc:81] could not read mach_header, module , address 0x197703000
[0730/163324.895415:WARNING:third_party/crashpad/crashpad/util/process/process_memory_mac.cc:94] mach_vm_read(0x29d5f0000, 0x4000): (ipc/send) invalid destination port (0x10000003)
[0730/163324.895422:WARNING:third_party/crashpad/crashpad/snapshot/mac/process_reader_mac.cc:483] could not read dyld_image_info::imageFilePath
[0730/163324.895428:WARNING:third_party/crashpad/crashpad/util/process/process_memory_mac.cc:94] mach_vm_read(0x1a7170000, 0x4000): (ipc/send) invalid destination port (0x10000003)
[0730/163324.895437:WARNING:third_party/crashpad/crashpad/snapshot/mac/mach_o_image_reader.cc:81] could not read mach_header, module , address 0x1a7171000
[0730/163324.895443:WARNING:third_party/crashpad/crashpad/util/process/process_memory_mac.cc:94] mach_vm_read(0x29d5c8000, 0x8000): (ipc/send) invalid destination port (0x10000003)
[0730/163324.895450:WARNING:third_party/crashpad/crashpad/util/process/process_memory_mac.cc:94] mach_vm_read(0x29d5c8000, 0x4000): (ipc/send) invalid destination port (0x10000003)
[0730/163324.895456:WARNING:third_party/crashpad/crashpad/snapshot/mac/process_reader_mac.cc:483] could not read dyld_image_info::imageFilePath
[0730/163324.895463:WARNING:third_party/crashpad/crashpad/util/process/process_memory_mac.cc:94] mach_vm_read(0x19b02c000, 0x4000): (ipc/send) invalid destination port (0x10000003)
[0730/163324.895469:WARNING:third_party/crashpad/crashpad/snapshot/mac/mach_o_image_reader.cc:81] could not read mach_header, module , address 0x19b02f000
[0730/163324.895476:WARNING:third_party/crashpad/crashpad/util/process/process_memory_mac.cc:94] mach_vm_read(0x29d618000, 0x4000): (ipc/send) invalid destination port (0x10000003)
[0730/163324.895492:WARNING:third_party/crashpad/crashpad/snapshot/mac/process_reader_mac.cc:483] could not read dyld_image_info::imageFilePath
[0730/163324.895499:WARNING:third_party/crashpad/crashpad/util/process/process_memory_mac.cc:94] mach_vm_read(0x1b6cd0000, 0x4000): (ipc/send) invalid destination port (0x10000003)
[0730/163324.895505:WARNING:third_party/crashpad/crashpad/snapshot/mac/mach_o_image_reader.cc:81] could not read mach_header, module , address 0x1b6cd1000
[0730/163324.895512:WARNING:third_party/crashpad/crashpad/util/process/process_memory_mac.cc:94] mach_vm_read(0x29d5d4000, 0x8000): (ipc/send) invalid destination port (0x10000003)
[0730/163324.895519:WARNING:third_party/crashpad/crashpad/util/process/process_memory_mac.cc:94] mach_vm_read(0x29d5d4000, 0x4000): (ipc/send) invalid destination port (0x10000003)
[0730/163324.895525:WARNING:third_party/crashpad/crashpad/snapshot/mac/process_reader_mac.cc:483] could not read dyld_image_info::imageFilePath
[0730/163324.911145:WARNING:third_party/crashpad/crashpad/util/process/process_memory_mac.cc:94] mach_vm_read(0x19d984000, 0x4000): (ipc/send) invalid destination port (0x10000003)
[0730/163324.911179:WARNING:third_party/crashpad/crashpad/snapshot/mac/mach_o_image_reader.cc:81] could not read mach_header, module , address 0x19d984000
[0730/163324.911190:WARNING:third_party/crashpad/crashpad/util/process/process_memory_mac.cc:94] mach_vm_read(0x29d600000, 0x4000): (ipc/send) invalid destination port (0x10000003)
[0730/163324.911199:WARNING:third_party/crashpad/crashpad/snapshot/mac/process_reader_mac.cc:483] could not read dyld_image_info::imageFilePath
[0730/163324.911207:WARNING:third_party/crashpad/crashpad/util/process/process_memory_mac.cc:94] mach_vm_read(0x1ab234000, 0x4000): (ipc/send) invalid destination port (0x10000003)
[0730/163324.911215:WARNING:third_party/crashpad/crashpad/snapshot/mac/mach_o_image_reader.cc:81] could not read mach_header, module , address 0x1ab236000
[0730/163324.911222:WARNING:third_party/crashpad/crashpad/util/process/process_memory_mac.cc:94] mach_vm_read(0x29d5c4000, 0x4000): (ipc/send) invalid destination port (0x10000003)
[0730/163324.911229:WARNING:third_party/crashpad/crashpad/snapshot/mac/process_reader_mac.cc:483] could not read dyld_image_info::imageFilePath
[0730/163324.911236:WARNING:third_party/crashpad/crashpad/util/process/process_memory_mac.cc:94] mach_vm_read(0x197270000, 0x4000): (ipc/send) invalid destination port (0x10000003)
[0730/163324.911243:WARNING:third_party/crashpad/crashpad/snapshot/mac/mach_o_image_reader.cc:81] could not read mach_header, module , address 0x197271000
[0730/163324.944807:WARNING:third_party/crashpad/crashpad/util/process/process_memory_mac.cc:94] mach_vm_read(0x29d5dc000, 0x4000): (ipc/send) invalid destination port (0x10000003)
[0730/163324.944868:WARNING:third_party/crashpad/crashpad/snapshot/mac/process_reader_mac.cc:483] could not read dyld_image_info::imageFilePath
[0730/163324.944884:WARNING:third_party/crashpad/crashpad/util/process/process_memory_mac.cc:94] mach_vm_read(0x19e688000, 0x4000): (ipc/send) invalid destination port (0x10000003)
[0730/163324.944894:WARNING:third_party/crashpad/crashpad/snapshot/mac/mach_o_image_reader.cc:81] could not read mach_header, module , address 0x19e68b000
[0730/163324.945276:WARNING:third_party/crashpad/crashpad/util/process/process_memory_mac.cc:94] mach_vm_read(0x29d5c8000, 0x4000): (ipc/send) invalid destination port (0x10000003)
[0730/163324.945638:WARNING:third_party/crashpad/crashpad/snapshot/mac/process_reader_mac.cc:483] could not read dyld_image_info::imageFilePath
[0730/163324.974013:WARNING:third_party/crashpad/crashpad/util/process/process_memory_mac.cc:94] mach_vm_read(0x199aec000, 0x4000): (ipc/send) invalid destination port (0x10000003)
[0730/163324.974257:WARNING:third_party/crashpad/crashpad/snapshot/mac/mach_o_image_reader.cc:81] could not read mach_header, module , address 0x199aee000
[0730/163324.974272:WARNING:third_party/crashpad/crashpad/util/process/process_memory_mac.cc:94] mach_vm_read(0x29d650000, 0x4000): (ipc/send) invalid destination port (0x10000003)
[0730/163324.974306:WARNING:third_party/crashpad/crashpad/snapshot/mac/process_reader_mac.cc:483] could not read dyld_image_info::imageFilePath
[0730/163324.974313:WARNING:third_party/crashpad/crashpad/util/process/process_memory_mac.cc:94] mach_vm_read(0x1cd244000, 0x4000): (ipc/send) invalid destination port (0x10000003)
[0730/163324.974319:WARNING:third_party/crashpad/crashpad/snapshot/mac/mach_o_image_reader.cc:81] could not read mach_header, module , address 0x1cd245000
[0730/163324.974324:WARNING:third_party/crashpad/crashpad/util/process/process_memory_mac.cc:94] mach_vm_read(0x29d5f0000, 0x4000): (ipc/send) invalid destination port (0x10000003)
[0730/163324.974329:WARNING:third_party/crashpad/crashpad/snapshot/mac/process_reader_mac.cc:483] could not read dyld_image_info::imageFilePath
[0730/163324.974333:WARNING:third_party/crashpad/crashpad/util/process/process_memory_mac.cc:94] mach_vm_read(0x1a5b34000, 0x4000): (ipc/send) invalid destination port (0x10000003)
[0730/163324.974338:WARNING:third_party/crashpad/crashpad/snapshot/mac/mach_o_image_reader.cc:81] could not read mach_header, module , address 0x1a5b36000
[0730/163324.974342:WARNING:third_party/crashpad/crashpad/util/process/process_memory_mac.cc:94] mach_vm_read(0x29d600000, 0x4000): (ipc/send) invalid destination port (0x10000003)
[0730/163324.974346:WARNING:third_party/crashpad/crashpad/snapshot/mac/process_reader_mac.cc:483] could not read dyld_image_info::imageFilePath
[0730/163324.974351:WARNING:third_party/crashpad/crashpad/util/process/process_memory_mac.cc:94] mach_vm_read(0x1aae6c000, 0x4000): (ipc/send) invalid destination port (0x10000003)
[0730/163324.974355:WARNING:third_party/crashpad/crashpad/snapshot/mac/mach_o_image_reader.cc:81] could not read mach_header, module , address 0x1aae6e000
[0730/163324.974359:WARNING:third_party/crashpad/crashpad/util/process/process_memory_mac.cc:94] mach_vm_read(0x29d624000, 0x4000): (ipc/send) invalid destination port (0x10000003)
[0730/163324.974364:WARNING:third_party/crashpad/crashpad/snapshot/mac/process_reader_mac.cc:483] could not read dyld_image_info::imageFilePath
[0730/163324.974368:WARNING:third_party/crashpad/crashpad/util/process/process_memory_mac.cc:94] mach_vm_read(0x1bbf78000, 0x4000): (ipc/send) invalid destination port (0x10000003)
[0730/163324.974372:WARNING:third_party/crashpad/crashpad/snapshot/mac/mach_o_image_reader.cc:81] could not read mach_header, module , address 0x1bbf79000
[0730/163324.974376:WARNING:third_party/crashpad/crashpad/util/process/process_memory_mac.cc:94] mach_vm_read(0x29d760000, 0x4000): (ipc/send) invalid destination port (0x10000003)
[0730/163324.974381:WARNING:third_party/crashpad/crashpad/snapshot/mac/process_reader_mac.cc:483] could not read dyld_image_info::imageFilePath
[0730/163324.974385:WARNING:third_party/crashpad/crashpad/util/process/process_memory_mac.cc:94] mach_vm_read(0x25ddd0000, 0x4000): (ipc/send) invalid destination port (0x10000003)
[0730/163324.974389:WARNING:third_party/crashpad/crashpad/snapshot/mac/mach_o_image_reader.cc:81] could not read mach_header, module , address 0x25ddd0000
[0730/163324.974399:WARNING:third_party/crashpad/crashpad/util/process/process_memory_mac.cc:94] mach_vm_read(0x29d770000, 0x4000): (ipc/send) invalid destination port (0x10000003)
[0730/163324.974404:WARNING:third_party/crashpad/crashpad/snapshot/mac/process_reader_mac.cc:483] could not read dyld_image_info::imageFilePath
[0730/163324.974408:WARNING:third_party/crashpad/crashpad/util/process/process_memory_mac.cc:94] mach_vm_read(0x263984000, 0x4000): (ipc/send) invalid destination port (0x10000003)
[0730/163324.974412:WARNING:third_party/crashpad/crashpad/snapshot/mac/mach_o_image_reader.cc:81] could not read mach_header, module , address 0x263986000
[0730/163324.974417:WARNING:third_party/crashpad/crashpad/util/process/process_memory_mac.cc:94] mach_vm_read(0x29d764000, 0x4000): (ipc/send) invalid destination port (0x10000003)
[0730/163324.974420:WARNING:third_party/crashpad/crashpad/snapshot/mac/process_reader_mac.cc:483] could not read dyld_image_info::imageFilePath
[0730/163324.974435:WARNING:third_party/crashpad/crashpad/util/process/process_memory_mac.cc:94] mach_vm_read(0x25e78c000, 0x4000): (ipc/send) invalid destination port (0x10000003)
[0730/163324.974440:WARNING:third_party/crashpad/crashpad/snapshot/mac/mach_o_image_reader.cc:81] could not read mach_header, module , address 0x25e78c000
[0730/163324.974444:WARNING:third_party/crashpad/crashpad/util/process/process_memory_mac.cc:94] mach_vm_read(0x29d61c000, 0x4000): (ipc/send) invalid destination port (0x10000003)
[0730/163324.974449:WARNING:third_party/crashpad/crashpad/snapshot/mac/process_reader_mac.cc:483] could not read dyld_image_info::imageFilePath
[0730/163324.974453:WARNING:third_party/crashpad/crashpad/util/process/process_memory_mac.cc:94] mach_vm_read(0x1b9c10000, 0x4000): (ipc/send) invalid destination port (0x10000003)
[0730/163324.974457:WARNING:third_party/crashpad/crashpad/snapshot/mac/mach_o_image_reader.cc:81] could not read mach_header, module , address 0x1b9c12000
[0730/163324.974461:WARNING:third_party/crashpad/crashpad/util/process/process_memory_mac.cc:94] mach_vm_read(0x29d764000, 0x4000): (ipc/send) invalid destination port (0x10000003)
[0730/163324.974465:WARNING:third_party/crashpad/crashpad/snapshot/mac/process_reader_mac.cc:483] could not read dyld_image_info::imageFilePath
[0730/163324.974469:WARNING:third_party/crashpad/crashpad/util/process/process_memory_mac.cc:94] mach_vm_read(0x25e7e0000, 0x4000): (ipc/send) invalid destination port (0x10000003)
[0730/163324.974473:WARNING:third_party/crashpad/crashpad/snapshot/mac/mach_o_image_reader.cc:81] could not read mach_header, module , address 0x25e7e0000
[0730/163324.974477:WARNING:third_party/crashpad/crashpad/util/process/process_memory_mac.cc:94] mach_vm_read(0x29d710000, 0x4000): (ipc/send) invalid destination port (0x10000003)
[0730/163324.974481:WARNING:third_party/crashpad/crashpad/snapshot/mac/process_reader_mac.cc:483] could not read dyld_image_info::imageFilePath
[0730/163324.974486:WARNING:third_party/crashpad/crashpad/util/process/process_memory_mac.cc:94] mach_vm_read(0x2481c4000, 0x4000): (ipc/send) invalid destination port (0x10000003)
[0730/163324.974493:WARNING:third_party/crashpad/crashpad/snapshot/mac/mach_o_image_reader.cc:81] could not read mach_header, module , address 0x2481c7000
[0730/163324.974498:WARNING:third_party/crashpad/crashpad/util/process/process_memory_mac.cc:94] mach_vm_read(0x29d608000, 0x4000): (ipc/send) invalid destination port (0x10000003)
[0730/163324.974501:WARNING:third_party/crashpad/crashpad/snapshot/mac/process_reader_mac.cc:483] could not read dyld_image_info::imageFilePath
[0730/163324.974506:WARNING:third_party/crashpad/crashpad/util/process/process_memory_mac.cc:94] mach_vm_read(0x1af974000, 0x4000): (ipc/send) invalid destination port (0x10000003)
[0730/163324.974510:WARNING:third_party/crashpad/crashpad/snapshot/mac/mach_o_image_reader.cc:81] could not read mach_header, module , address 0x1af977000
[0730/163324.974514:WARNING:third_party/crashpad/crashpad/util/process/process_memory_mac.cc:94] mach_vm_read(0x29d5d8000, 0x4000): (ipc/send) invalid destination port (0x10000003)
[0730/163324.974517:WARNING:third_party/crashpad/crashpad/snapshot/mac/process_reader_mac.cc:483] could not read dyld_image_info::imageFilePath
[0730/163324.974522:WARNING:third_party/crashpad/crashpad/util/process/process_memory_mac.cc:94] mach_vm_read(0x19db08000, 0x4000): (ipc/send) invalid destination port (0x10000003)
[0730/163324.974525:WARNING:third_party/crashpad/crashpad/snapshot/mac/mach_o_image_reader.cc:81] could not read mach_header, module , address 0x19db0b000
[0730/163324.974530:WARNING:third_party/crashpad/crashpad/util/process/process_memory_mac.cc:94] mach_vm_read(0x29d5e4000, 0x4000): (ipc/send) invalid destination port (0x10000003)
[0730/163324.974534:WARNING:third_party/crashpad/crashpad/snapshot/mac/process_reader_mac.cc:483] could not read dyld_image_info::imageFilePath
[0730/163324.974538:WARNING:third_party/crashpad/crashpad/util/process/process_memory_mac.cc:94] mach_vm_read(0x1a199c000, 0x4000): (ipc/send) invalid destination port (0x10000003)
[0730/163324.974549:WARNING:third_party/crashpad/crashpad/snapshot/mac/mach_o_image_reader.cc:81] could not read mach_header, module , address 0x1a199f000
[0730/163324.974554:WARNING:third_party/crashpad/crashpad/util/process/process_memory_mac.cc:94] mach_vm_read(0x29d710000, 0x4000): (ipc/send) invalid destination port (0x10000003)
[0730/163324.974558:WARNING:third_party/crashpad/crashpad/snapshot/mac/process_reader_mac.cc:483] could not read dyld_image_info::imageFilePath
[0730/163324.974562:WARNING:third_party/crashpad/crashpad/util/process/process_memory_mac.cc:94] mach_vm_read(0x2483ec000, 0x4000): (ipc/send) invalid destination port (0x10000003)
[0730/163324.974566:WARNING:third_party/crashpad/crashpad/snapshot/mac/mach_o_image_reader.cc:81] could not read mach_header, module , address 0x2483ef000
[0730/163324.974571:WARNING:third_party/crashpad/crashpad/util/process/process_memory_mac.cc:94] mach_vm_read(0x29d60c000, 0x4000): (ipc/send) invalid destination port (0x10000003)
[0730/163324.974575:WARNING:third_party/crashpad/crashpad/snapshot/mac/process_reader_mac.cc:483] could not read dyld_image_info::imageFilePath
[0730/163324.983968:WARNING:third_party/crashpad/crashpad/util/process/process_memory_mac.cc:94] mach_vm_read(0x1b0530000, 0x4000): (ipc/send) invalid destination port (0x10000003)
[0730/163324.983986:WARNING:third_party/crashpad/crashpad/snapshot/mac/mach_o_image_reader.cc:81] could not read mach_header, module , address 0x1b0532000
[0730/163324.983993:WARNING:third_party/crashpad/crashpad/util/process/process_memory_mac.cc:94] mach_vm_read(0x29d6f8000, 0x4000): (ipc/send) invalid destination port (0x10000003)
[0730/163324.983999:WARNING:third_party/crashpad/crashpad/snapshot/mac/process_reader_mac.cc:483] could not read dyld_image_info::imageFilePath
[0730/163324.984004:WARNING:third_party/crashpad/crashpad/util/process/process_memory_mac.cc:94] mach_vm_read(0x23fe8c000, 0x4000): (ipc/send) invalid destination port (0x10000003)
[0730/163324.984009:WARNING:third_party/crashpad/crashpad/snapshot/mac/mach_o_image_reader.cc:81] could not read mach_header, module , address 0x23fe8e000
[0730/163324.984013:WARNING:third_party/crashpad/crashpad/util/process/process_memory_mac.cc:94] mach_vm_read(0x29d6dc000, 0x4000): (ipc/send) invalid destination port (0x10000003)
[0730/163324.984017:WARNING:third_party/crashpad/crashpad/snapshot/mac/process_reader_mac.cc:483] could not read dyld_image_info::imageFilePath
[0730/163324.984022:WARNING:third_party/crashpad/crashpad/util/process/process_memory_mac.cc:94] mach_vm_read(0x238688000, 0x4000): (ipc/send) invalid destination port (0x10000003)
[0730/163324.984026:WARNING:third_party/crashpad/crashpad/snapshot/mac/mach_o_image_reader.cc:81] could not read mach_header, module , address 0x23868b000
[0730/163324.984030:WARNING:third_party/crashpad/crashpad/util/process/process_memory_mac.cc:94] mach_vm_read(0x29d628000, 0x8000): (ipc/send) invalid destination port (0x10000003)
[0730/163324.984035:WARNING:third_party/crashpad/crashpad/util/process/process_memory_mac.cc:94] mach_vm_read(0x29d628000, 0x4000): (ipc/send) invalid destination port (0x10000003)
[0730/163324.984039:WARNING:third_party/crashpad/crashpad/snapshot/mac/process_reader_mac.cc:483] could not read dyld_image_info::imageFilePath
[0730/163324.984043:WARNING:third_party/crashpad/crashpad/util/process/process_memory_mac.cc:94] mach_vm_read(0x1bdb14000, 0x4000): (ipc/send) invalid destination port (0x10000003)
[0730/163324.984047:WARNING:third_party/crashpad/crashpad/snapshot/mac/mach_o_image_reader.cc:81] could not read mach_header, module , address 0x1bdb17000
[0730/163324.984052:WARNING:third_party/crashpad/crashpad/util/process/process_memory_mac.cc:94] mach_vm_read(0x29d658000, 0x4000): (ipc/send) invalid destination port (0x10000003)
[0730/163324.984056:WARNING:third_party/crashpad/crashpad/snapshot/mac/process_reader_mac.cc:483] could not read dyld_image_info::imageFilePath
[0730/163324.984126:WARNING:third_party/crashpad/crashpad/util/process/process_memory_mac.cc:94] mach_vm_read(0x1d0a98000, 0x4000): (ipc/send) invalid destination port (0x10000003)
[0730/163324.984148:WARNING:third_party/crashpad/crashpad/snapshot/mac/mach_o_image_reader.cc:81] could not read mach_header, module , address 0x1d0a98000
[0730/163324.984160:WARNING:third_party/crashpad/crashpad/util/process/process_memory_mac.cc:94] mach_vm_read(0x29d770000, 0x4000): (ipc/send) invalid destination port (0x10000003)
[0730/163324.984167:WARNING:third_party/crashpad/crashpad/snapshot/mac/process_reader_mac.cc:483] could not read dyld_image_info::imageFilePath
[0730/163324.984172:WARNING:third_party/crashpad/crashpad/util/process/process_memory_mac.cc:94] mach_vm_read(0x263004000, 0x4000): (ipc/send) invalid destination port (0x10000003)
[0730/163324.984178:WARNING:third_party/crashpad/crashpad/snapshot/mac/mach_o_image_reader.cc:81] could not read mach_header, module , address 0x263005000
[0730/163324.984183:WARNING:third_party/crashpad/crashpad/util/process/process_memory_mac.cc:94] mach_vm_read(0x29d614000, 0x4000): (ipc/send) invalid destination port (0x10000003)
[0730/163324.984187:WARNING:third_party/crashpad/crashpad/snapshot/mac/process_reader_mac.cc:483] could not read dyld_image_info::imageFilePath
[0730/163324.984192:WARNING:third_party/crashpad/crashpad/util/process/process_memory_mac.cc:94] mach_vm_read(0x1b6840000, 0x4000): (ipc/send) invalid destination port (0x10000003)
[0730/163324.984196:WARNING:third_party/crashpad/crashpad/snapshot/mac/mach_o_image_reader.cc:81] could not read mach_header, module , address 0x1b6843000
[0730/163324.984201:WARNING:third_party/crashpad/crashpad/util/process/process_memory_mac.cc:94] mach_vm_read(0x29d76c000, 0x4000): (ipc/send) invalid destination port (0x10000003)
[0730/163324.984205:WARNING:third_party/crashpad/crashpad/snapshot/mac/process_reader_mac.cc:483] could not read dyld_image_info::imageFilePath
[0730/163324.984209:WARNING:third_party/crashpad/crashpad/util/process/process_memory_mac.cc:94] mach_vm_read(0x261d3c000, 0x4000): (ipc/send) invalid destination port (0x10000003)
[0730/163324.984213:WARNING:third_party/crashpad/crashpad/snapshot/mac/mach_o_image_reader.cc:81] could not read mach_header, module , address 0x261d3f000
[0730/163324.984217:WARNING:third_party/crashpad/crashpad/util/process/process_memory_mac.cc:94] mach_vm_read(0x29d618000, 0x4000): (ipc/send) invalid destination port (0x10000003)
[0730/163324.984286:WARNING:third_party/crashpad/crashpad/snapshot/mac/process_reader_mac.cc:483] could not read dyld_image_info::imageFilePath
[0730/163324.984295:WARNING:third_party/crashpad/crashpad/util/process/process_memory_mac.cc:94] mach_vm_read(0x1b7668000, 0x4000): (ipc/send) invalid destination port (0x10000003)
[0730/163324.984299:WARNING:third_party/crashpad/crashpad/snapshot/mac/mach_o_image_reader.cc:81] could not read mach_header, module , address 0x1b7668000
[0730/163324.984304:WARNING:third_party/crashpad/crashpad/util/process/process_memory_mac.cc:94] mach_vm_read(0x29d618000, 0x4000): (ipc/send) invalid destination port (0x10000003)
[0730/163324.984308:WARNING:third_party/crashpad/crashpad/snapshot/mac/process_reader_mac.cc:483] could not read dyld_image_info::imageFilePath
[0730/163324.984312:WARNING:third_party/crashpad/crashpad/util/process/process_memory_mac.cc:94] mach_vm_read(0x1b75e8000, 0x4000): (ipc/send) invalid destination port (0x10000003)
[0730/163324.984321:WARNING:third_party/crashpad/crashpad/snapshot/mac/mach_o_image_reader.cc:81] could not read mach_header, module , address 0x1b75ea000
[0730/163324.984325:WARNING:third_party/crashpad/crashpad/util/process/process_memory_mac.cc:94] mach_vm_read(0x29d78c000, 0x8000): (ipc/send) invalid destination port (0x10000003)
[0730/163324.984330:WARNING:third_party/crashpad/crashpad/util/process/process_memory_mac.cc:94] mach_vm_read(0x29d78c000, 0x4000): (ipc/send) invalid destination port (0x10000003)
[0730/163324.984334:WARNING:third_party/crashpad/crashpad/snapshot/mac/process_reader_mac.cc:483] could not read dyld_image_info::imageFilePath
[0730/163324.984353:WARNING:third_party/crashpad/crashpad/util/process/process_memory_mac.cc:94] mach_vm_read(0x26aad4000, 0x4000): (ipc/send) invalid destination port (0x10000003)
[0730/163324.984358:WARNING:third_party/crashpad/crashpad/snapshot/mac/mach_o_image_reader.cc:81] could not read mach_header, module , address 0x26aad6000
[0730/163324.984362:WARNING:third_party/crashpad/crashpad/util/process/process_memory_mac.cc:94] mach_vm_read(0x29d690000, 0x4000): (ipc/send) invalid destination port (0x10000003)
[0730/163324.984366:WARNING:third_party/crashpad/crashpad/snapshot/mac/process_reader_mac.cc:483] could not read dyld_image_info::imageFilePath
[0730/163324.984370:WARNING:third_party/crashpad/crashpad/util/process/process_memory_mac.cc:94] mach_vm_read(0x1e1994000, 0x4000): (ipc/send) invalid destination port (0x10000003)
[0730/163324.984374:WARNING:third_party/crashpad/crashpad/snapshot/mac/mach_o_image_reader.cc:81] could not read mach_header, module , address 0x1e1994000
[0730/163324.984378:WARNING:third_party/crashpad/crashpad/util/process/process_memory_mac.cc:94] mach_vm_read(0x29d780000, 0x4000): (ipc/send) invalid destination port (0x10000003)
[0730/163324.984382:WARNING:third_party/crashpad/crashpad/snapshot/mac/process_reader_mac.cc:483] could not read dyld_image_info::imageFilePath
[0730/163324.984386:WARNING:third_party/crashpad/crashpad/util/process/process_memory_mac.cc:94] mach_vm_read(0x266904000, 0x4000): (ipc/send) invalid destination port (0x10000003)
[0730/163324.984390:WARNING:third_party/crashpad/crashpad/snapshot/mac/mach_o_image_reader.cc:81] could not read mach_header, module , address 0x266907000
[0730/163324.984394:WARNING:third_party/crashpad/crashpad/util/process/process_memory_mac.cc:94] mach_vm_read(0x29d5d4000, 0x4000): (ipc/send) invalid destination port (0x10000003)
[0730/163324.984398:WARNING:third_party/crashpad/crashpad/snapshot/mac/process_reader_mac.cc:483] could not read dyld_image_info::imageFilePath
[0730/163324.984402:WARNING:third_party/crashpad/crashpad/util/process/process_memory_mac.cc:94] mach_vm_read(0x19d700000, 0x4000): (ipc/send) invalid destination port (0x10000003)
[0730/163324.984406:WARNING:third_party/crashpad/crashpad/snapshot/mac/mach_o_image_reader.cc:81] could not read mach_header, module , address 0x19d701000
[0730/163324.984410:WARNING:third_party/crashpad/crashpad/util/process/process_memory_mac.cc:94] mach_vm_read(0x29d6f8000, 0x4000): (ipc/send) invalid destination port (0x10000003)
[0730/163324.984417:WARNING:third_party/crashpad/crashpad/snapshot/mac/process_reader_mac.cc:483] could not read dyld_image_info::imageFilePath
[0730/163324.984421:WARNING:third_party/crashpad/crashpad/util/process/process_memory_mac.cc:94] mach_vm_read(0x23fb9c000, 0x4000): (ipc/send) invalid destination port (0x10000003)
[0730/163324.984425:WARNING:third_party/crashpad/crashpad/snapshot/mac/mach_o_image_reader.cc:81] could not read mach_header, module , address 0x23fb9d000
[0730/163324.984429:WARNING:third_party/crashpad/crashpad/util/process/process_memory_mac.cc:94] mach_vm_read(0x29d644000, 0x4000): (ipc/send) invalid destination port (0x10000003)
[0730/163324.984433:WARNING:third_party/crashpad/crashpad/snapshot/mac/process_reader_mac.cc:483] could not read dyld_image_info::imageFilePath
[0730/163324.984437:WARNING:third_party/crashpad/crashpad/util/process/process_memory_mac.cc:94] mach_vm_read(0x1c9870000, 0x4000): (ipc/send) invalid destination port (0x10000003)
[0730/163324.984441:WARNING:third_party/crashpad/crashpad/snapshot/mac/mach_o_image_reader.cc:81] could not read mach_header, module , address 0x1c9873000
[0730/163324.984445:WARNING:third_party/crashpad/crashpad/util/process/process_memory_mac.cc:94] mach_vm_read(0x29d614000, 0x4000): (ipc/send) invalid destination port (0x10000003)
[0730/163324.984449:WARNING:third_party/crashpad/crashpad/snapshot/mac/process_reader_mac.cc:483] could not read dyld_image_info::imageFilePath
[0730/163324.984453:WARNING:third_party/crashpad/crashpad/util/process/process_memory_mac.cc:94] mach_vm_read(0x1b670c000, 0x4000): (ipc/send) invalid destination port (0x10000003)
[0730/163324.984464:WARNING:third_party/crashpad/crashpad/snapshot/mac/mach_o_image_reader.cc:81] could not read mach_header, module , address 0x1b670c000
[0730/163324.984468:WARNING:third_party/crashpad/crashpad/util/process/process_memory_mac.cc:94] mach_vm_read(0x29d640000, 0x4000): (ipc/send) invalid destination port (0x10000003)
[0730/163324.984494:WARNING:third_party/crashpad/crashpad/snapshot/mac/process_reader_mac.cc:483] could not read dyld_image_info::imageFilePath
[0730/163324.984499:WARNING:third_party/crashpad/crashpad/util/process/process_memory_mac.cc:94] mach_vm_read(0x1c8fd4000, 0x4000): (ipc/send) invalid destination port (0x10000003)
[0730/163324.984503:WARNING:third_party/crashpad/crashpad/snapshot/mac/mach_o_image_reader.cc:81] could not read mach_header, module , address 0x1c8fd6000
[0730/163324.984507:WARNING:third_party/crashpad/crashpad/util/process/process_memory_mac.cc:94] mach_vm_read(0x29d644000, 0x4000): (ipc/send) invalid destination port (0x10000003)
[0730/163324.984511:WARNING:third_party/crashpad/crashpad/snapshot/mac/process_reader_mac.cc:483] could not read dyld_image_info::imageFilePath
[0730/163324.984515:WARNING:third_party/crashpad/crashpad/util/process/process_memory_mac.cc:94] mach_vm_read(0x1c9af0000, 0x4000): (ipc/send) invalid destination port (0x10000003)
[0730/163324.984519:WARNING:third_party/crashpad/crashpad/snapshot/mac/mach_o_image_reader.cc:81] could not read mach_header, module , address 0x1c9af3000
[0730/163325.102087:WARNING:third_party/crashpad/crashpad/util/process/process_memory_mac.cc:94] mach_vm_read(0x29d658000, 0x4000): (ipc/send) invalid destination port (0x10000003)
[0730/163325.102128:WARNING:third_party/crashpad/crashpad/snapshot/mac/process_reader_mac.cc:483] could not read dyld_image_info::imageFilePath
[0730/163325.102135:WARNING:third_party/crashpad/crashpad/util/process/process_memory_mac.cc:94] mach_vm_read(0x1d2330000, 0x4000): (ipc/send) invalid destination port (0x10000003)
[0730/163325.102140:WARNING:third_party/crashpad/crashpad/snapshot/mac/mach_o_image_reader.cc:81] could not read mach_header, module , address 0x1d2333000
[0730/163325.102145:WARNING:third_party/crashpad/crashpad/util/process/process_memory_mac.cc:94] mach_vm_read(0x29d5e4000, 0x4000): (ipc/send) invalid destination port (0x10000003)
[0730/163325.102150:WARNING:third_party/crashpad/crashpad/snapshot/mac/process_reader_mac.cc:483] could not read dyld_image_info::imageFilePath
[0730/163325.102154:WARNING:third_party/crashpad/crashpad/util/process/process_memory_mac.cc:94] mach_vm_read(0x1a1880000, 0x4000): (ipc/send) invalid destination port (0x10000003)
[0730/163325.102158:WARNING:third_party/crashpad/crashpad/snapshot/mac/mach_o_image_reader.cc:81] could not read mach_header, module , address 0x1a1880000
[0730/163325.102162:WARNING:third_party/crashpad/crashpad/util/process/process_memory_mac.cc:94] mach_vm_read(0x29d6d8000, 0x4000): (ipc/send) invalid destination port (0x10000003)
[0730/163325.102166:WARNING:third_party/crashpad/crashpad/snapshot/mac/process_reader_mac.cc:483] could not read dyld_image_info::imageFilePath
[0730/163325.102169:WARNING:third_party/crashpad/crashpad/util/process/process_memory_mac.cc:94] mach_vm_read(0x23832c000, 0x4000): (ipc/send) invalid destination port (0x10000003)
[0730/163325.102173:WARNING:third_party/crashpad/crashpad/snapshot/mac/mach_o_image_reader.cc:81] could not read mach_header, module , address 0x23832f000
[0730/163325.102177:WARNING:third_party/crashpad/crashpad/util/process/process_memory_mac.cc:94] mach_vm_read(0x29d658000, 0x8000): (ipc/send) invalid destination port (0x10000003)
[0730/163325.102181:WARNING:third_party/crashpad/crashpad/util/process/process_memory_mac.cc:94] mach_vm_read(0x29d658000, 0x4000): (ipc/send) invalid destination port (0x10000003)
[0730/163325.102184:WARNING:third_party/crashpad/crashpad/snapshot/mac/process_reader_mac.cc:483] could not read dyld_image_info::imageFilePath
[0730/163325.102188:WARNING:third_party/crashpad/crashpad/util/process/process_memory_mac.cc:94] mach_vm_read(0x1d27c8000, 0x4000): (ipc/send) invalid destination port (0x10000003)
[0730/163325.102206:WARNING:third_party/crashpad/crashpad/snapshot/mac/mach_o_image_reader.cc:81] could not read mach_header, module , address 0x1d27cb000
[0730/163325.102211:WARNING:third_party/crashpad/crashpad/util/process/process_memory_mac.cc:94] mach_vm_read(0x29d7ac000, 0x4000): (ipc/send) invalid destination port (0x10000003)
[0730/163325.102214:WARNING:third_party/crashpad/crashpad/snapshot/mac/process_reader_mac.cc:483] could not read dyld_image_info::imageFilePath
[0730/163325.102228:WARNING:third_party/crashpad/crashpad/util/process/process_memory_mac.cc:94] mach_vm_read(0x2754a0000, 0x4000): (ipc/send) invalid destination port (0x10000003)
[0730/163325.102232:WARNING:third_party/crashpad/crashpad/snapshot/mac/mach_o_image_reader.cc:81] could not read mach_header, module , address 0x2754a3000
[0730/163325.102236:WARNING:third_party/crashpad/crashpad/util/process/process_memory_mac.cc:94] mach_vm_read(0x29d6a0000, 0x4000): (ipc/send) invalid destination port (0x10000003)
[0730/163325.102239:WARNING:third_party/crashpad/crashpad/snapshot/mac/process_reader_mac.cc:483] could not read dyld_image_info::imageFilePath
[0730/163325.102243:WARNING:third_party/crashpad/crashpad/util/process/process_memory_mac.cc:94] mach_vm_read(0x1eb228000, 0x4000): (ipc/send) invalid destination port (0x10000003)
[0730/163325.102247:WARNING:third_party/crashpad/crashpad/snapshot/mac/mach_o_image_reader.cc:81] could not read mach_header, module , address 0x1eb228000
[0730/163325.102251:WARNING:third_party/crashpad/crashpad/util/process/process_memory_mac.cc:94] mach_vm_read(0x29d5c4000, 0x8000): (ipc/send) invalid destination port (0x10000003)
[0730/163325.102255:WARNING:third_party/crashpad/crashpad/util/process/process_memory_mac.cc:94] mach_vm_read(0x29d5c4000, 0x4000): (ipc/send) invalid destination port (0x10000003)
[0730/163325.102258:WARNING:third_party/crashpad/crashpad/snapshot/mac/process_reader_mac.cc:483] could not read dyld_image_info::imageFilePath
[0730/163325.102262:WARNING:third_party/crashpad/crashpad/util/process/process_memory_mac.cc:94] mach_vm_read(0x197c08000, 0x4000): (ipc/send) invalid destination port (0x10000003)
[0730/163325.102265:WARNING:third_party/crashpad/crashpad/snapshot/mac/mach_o_image_reader.cc:81] could not read mach_header, module , address 0x197c08000
[0730/163325.102269:WARNING:third_party/crashpad/crashpad/util/process/process_memory_mac.cc:94] mach_vm_read(0x29d688000, 0x4000): (ipc/send) invalid destination port (0x10000003)
[0730/163325.102272:WARNING:third_party/crashpad/crashpad/snapshot/mac/process_reader_mac.cc:483] could not read dyld_image_info::imageFilePath
[0730/163325.102276:WARNING:third_party/crashpad/crashpad/util/process/process_memory_mac.cc:94] mach_vm_read(0x1dfc6c000, 0x4000): (ipc/send) invalid destination port (0x10000003)
[0730/163325.102280:WARNING:third_party/crashpad/crashpad/snapshot/mac/mach_o_image_reader.cc:81] could not read mach_header, module , address 0x1dfc6e000
[0730/163325.102283:WARNING:third_party/crashpad/crashpad/util/process/process_memory_mac.cc:94] mach_vm_read(0x29d5cc000, 0x4000): (ipc/send) invalid destination port (0x10000003)
[0730/163325.102287:WARNING:third_party/crashpad/crashpad/snapshot/mac/process_reader_mac.cc:483] could not read dyld_image_info::imageFilePath
[0730/163325.102291:WARNING:third_party/crashpad/crashpad/util/process/process_memory_mac.cc:94] mach_vm_read(0x19b35c000, 0x4000): (ipc/send) invalid destination port (0x10000003)
[0730/163325.102295:WARNING:third_party/crashpad/crashpad/snapshot/mac/mach_o_image_reader.cc:81] could not read mach_header, module , address 0x19b35c000
[0730/163325.102303:WARNING:third_party/crashpad/crashpad/util/process/process_memory_mac.cc:94] mach_vm_read(0x29d5cc000, 0x4000): (ipc/send) invalid destination port (0x10000003)
[0730/163325.102306:WARNING:third_party/crashpad/crashpad/snapshot/mac/process_reader_mac.cc:483] could not read dyld_image_info::imageFilePath
[0730/163325.107344:WARNING:third_party/crashpad/crashpad/util/process/process_memory_mac.cc:94] mach_vm_read(0x19b674000, 0x4000): (ipc/send) invalid destination port (0x10000003)
[0730/163325.135583:WARNING:third_party/crashpad/crashpad/snapshot/mac/mach_o_image_reader.cc:81] could not read mach_header, module , address 0x19b675000
[0730/163325.135624:WARNING:third_party/crashpad/crashpad/util/process/process_memory_mac.cc:94] mach_vm_read(0x29d728000, 0x4000): (ipc/send) invalid destination port (0x10000003)
[0730/163325.135635:WARNING:third_party/crashpad/crashpad/snapshot/mac/process_reader_mac.cc:483] could not read dyld_image_info::imageFilePath
[0730/163325.135642:WARNING:third_party/crashpad/crashpad/util/process/process_memory_mac.cc:94] mach_vm_read(0x2506ec000, 0x4000): (ipc/send) invalid destination port (0x10000003)
[0730/163325.135647:WARNING:third_party/crashpad/crashpad/snapshot/mac/mach_o_image_reader.cc:81] could not read mach_header, module , address 0x2506ed000
[0730/163325.135652:WARNING:third_party/crashpad/crashpad/util/process/process_memory_mac.cc:94] mach_vm_read(0x29d7b8000, 0x4000): (ipc/send) invalid destination port (0x10000003)
[0730/163325.135656:WARNING:third_party/crashpad/crashpad/snapshot/mac/process_reader_mac.cc:483] could not read dyld_image_info::imageFilePath
[0730/163325.135661:WARNING:third_party/crashpad/crashpad/util/process/process_memory_mac.cc:94] mach_vm_read(0x276440000, 0x4000): (ipc/send) invalid destination port (0x10000003)
[0730/163325.135665:WARNING:third_party/crashpad/crashpad/snapshot/mac/mach_o_image_reader.cc:81] could not read mach_header, module , address 0x276441000
[0730/163325.135669:WARNING:third_party/crashpad/crashpad/util/process/process_memory_mac.cc:94] mach_vm_read(0x29d5b8000, 0x4000): (ipc/send) invalid destination port (0x10000003)
[0730/163325.135673:WARNING:third_party/crashpad/crashpad/snapshot/mac/process_reader_mac.cc:483] could not read dyld_image_info::imageFilePath
[0730/163325.135676:WARNING:third_party/crashpad/crashpad/util/process/process_memory_mac.cc:94] mach_vm_read(0x18f058000, 0x4000): (ipc/send) invalid destination port (0x10000003)
[0730/163325.135680:WARNING:third_party/crashpad/crashpad/snapshot/mac/mach_o_image_reader.cc:81] could not read mach_header, module , address 0x18f05a000
[0730/163325.135684:WARNING:third_party/crashpad/crashpad/util/process/process_memory_mac.cc:94] mach_vm_read(0x29d5b8000, 0x8000): (ipc/send) invalid destination port (0x10000003)
[0730/163325.135688:WARNING:third_party/crashpad/crashpad/util/process/process_memory_mac.cc:94] mach_vm_read(0x29d5b8000, 0x4000): (ipc/send) invalid destination port (0x10000003)
[0730/163325.135691:WARNING:third_party/crashpad/crashpad/snapshot/mac/process_reader_mac.cc:483] could not read dyld_image_info::imageFilePath
[0730/163325.135706:WARNING:third_party/crashpad/crashpad/util/process/process_memory_mac.cc:94] mach_vm_read(0x19014c000, 0x4000): (ipc/send) invalid destination port (0x10000003)
[0730/163325.135710:WARNING:third_party/crashpad/crashpad/snapshot/mac/mach_o_image_reader.cc:81] could not read mach_header, module , address 0x19014d000
[0730/163325.135714:WARNING:third_party/crashpad/crashpad/util/process/process_memory_mac.cc:94] mach_vm_read(0x29d5c8000, 0x4000): (ipc/send) invalid destination port (0x10000003)
[0730/163325.135718:WARNING:third_party/crashpad/crashpad/snapshot/mac/process_reader_mac.cc:483] could not read dyld_image_info::imageFilePath
[0730/163325.135721:WARNING:third_party/crashpad/crashpad/util/process/process_memory_mac.cc:94] mach_vm_read(0x19a328000, 0x4000): (ipc/send) invalid destination port (0x10000003)
[0730/163325.135725:WARNING:third_party/crashpad/crashpad/snapshot/mac/mach_o_image_reader.cc:81] could not read mach_header, module , address 0x19a328000
[0730/163325.135729:WARNING:third_party/crashpad/crashpad/util/process/process_memory_mac.cc:94] mach_vm_read(0x29d5c0000, 0x4000): (ipc/send) invalid destination port (0x10000003)
[0730/163325.135732:WARNING:third_party/crashpad/crashpad/snapshot/mac/process_reader_mac.cc:483] could not read dyld_image_info::imageFilePath
[0730/163325.135755:WARNING:third_party/crashpad/crashpad/util/process/process_memory_mac.cc:94] mach_vm_read(0x194cb8000, 0x4000): (ipc/send) invalid destination port (0x10000003)
[0730/163325.135760:WARNING:third_party/crashpad/crashpad/snapshot/mac/mach_o_image_reader.cc:81] could not read mach_header, module , address 0x194cb9000
[0730/163325.135763:WARNING:third_party/crashpad/crashpad/util/process/process_memory_mac.cc:94] mach_vm_read(0x29d5d0000, 0x8000): (ipc/send) invalid destination port (0x10000003)
[0730/163325.135767:WARNING:third_party/crashpad/crashpad/util/process/process_memory_mac.cc:94] mach_vm_read(0x29d5d0000, 0x4000): (ipc/send) invalid destination port (0x10000003)
[0730/163325.135771:WARNING:third_party/crashpad/crashpad/snapshot/mac/process_reader_mac.cc:483] could not read dyld_image_info::imageFilePath
[0730/163325.135775:WARNING:third_party/crashpad/crashpad/util/process/process_memory_mac.cc:94] mach_vm_read(0x19bfa0000, 0x4000): (ipc/send) invalid destination port (0x10000003)
[0730/163325.135779:WARNING:third_party/crashpad/crashpad/snapshot/mac/mach_o_image_reader.cc:81] could not read mach_header, module , address 0x19bfa3000
[0730/163325.135782:WARNING:third_party/crashpad/crashpad/util/process/process_memory_mac.cc:94] mach_vm_read(0x29d5d0000, 0x8000): (ipc/send) invalid destination port (0x10000003)
[0730/163325.135786:WARNING:third_party/crashpad/crashpad/util/process/process_memory_mac.cc:94] mach_vm_read(0x29d5d0000, 0x4000): (ipc/send) invalid destination port (0x10000003)
[0730/163325.135790:WARNING:third_party/crashpad/crashpad/snapshot/mac/process_reader_mac.cc:483] could not read dyld_image_info::imageFilePath
[0730/163325.135794:WARNING:third_party/crashpad/crashpad/util/process/process_memory_mac.cc:94] mach_vm_read(0x19c114000, 0x4000): (ipc/send) invalid destination port (0x10000003)
[0730/163325.135802:WARNING:third_party/crashpad/crashpad/snapshot/mac/mach_o_image_reader.cc:81] could not read mach_header, module , address 0x19c116000
[0730/163325.135806:WARNING:third_party/crashpad/crashpad/util/process/process_memory_mac.cc:94] mach_vm_read(0x29d710000, 0x4000): (ipc/send) invalid destination port (0x10000003)
[0730/163325.135809:WARNING:third_party/crashpad/crashpad/snapshot/mac/process_reader_mac.cc:483] could not read dyld_image_info::imageFilePath
[0730/163325.135813:WARNING:third_party/crashpad/crashpad/util/process/process_memory_mac.cc:94] mach_vm_read(0x248288000, 0x4000): (ipc/send) invalid destination port (0x10000003)
[0730/163325.135816:WARNING:third_party/crashpad/crashpad/snapshot/mac/mach_o_image_reader.cc:81] could not read mach_header, module , address 0x248289000
[0730/163325.135820:WARNING:third_party/crashpad/crashpad/util/process/process_memory_mac.cc:94] mach_vm_read(0x29d788000, 0x4000): (ipc/send) invalid destination port (0x10000003)
[0730/163325.135824:WARNING:third_party/crashpad/crashpad/snapshot/mac/process_reader_mac.cc:483] could not read dyld_image_info::imageFilePath
[0730/163325.135827:WARNING:third_party/crashpad/crashpad/util/process/process_memory_mac.cc:94] mach_vm_read(0x268e9c000, 0x4000): (ipc/send) invalid destination port (0x10000003)
[0730/163325.135831:WARNING:third_party/crashpad/crashpad/snapshot/mac/mach_o_image_reader.cc:81] could not read mach_header, module , address 0x268e9d000
[0730/163325.135841:WARNING:third_party/crashpad/crashpad/util/process/process_memory_mac.cc:94] mach_vm_read(0x29d710000, 0x4000): (ipc/send) invalid destination port (0x10000003)
[0730/163325.135845:WARNING:third_party/crashpad/crashpad/snapshot/mac/process_reader_mac.cc:483] could not read dyld_image_info::imageFilePath
[0730/163325.135849:WARNING:third_party/crashpad/crashpad/util/process/process_memory_mac.cc:94] mach_vm_read(0x248060000, 0x4000): (ipc/send) invalid destination port (0x10000003)
[0730/163325.135853:WARNING:third_party/crashpad/crashpad/snapshot/mac/mach_o_image_reader.cc:81] could not read mach_header, module , address 0x248060000
[0730/163325.135862:WARNING:third_party/crashpad/crashpad/util/process/process_memory_mac.cc:94] mach_vm_read(0x29d710000, 0x4000): (ipc/send) invalid destination port (0x10000003)
[0730/163325.135873:WARNING:third_party/crashpad/crashpad/snapshot/mac/process_reader_mac.cc:483] could not read dyld_image_info::imageFilePath
[0730/163325.135876:WARNING:third_party/crashpad/crashpad/util/process/process_memory_mac.cc:94] mach_vm_read(0x2480b0000, 0x4000): (ipc/send) invalid destination port (0x10000003)
[0730/163325.135881:WARNING:third_party/crashpad/crashpad/snapshot/mac/mach_o_image_reader.cc:81] could not read mach_header, module , address 0x2480b1000
[0730/163325.135885:WARNING:third_party/crashpad/crashpad/util/process/process_memory_mac.cc:94] mach_vm_read(0x29d734000, 0x4000): (ipc/send) invalid destination port (0x10000003)
[0730/163325.135889:WARNING:third_party/crashpad/crashpad/snapshot/mac/process_reader_mac.cc:483] could not read dyld_image_info::imageFilePath
[0730/163325.135897:WARNING:third_party/crashpad/crashpad/util/process/process_memory_mac.cc:94] mach_vm_read(0x253640000, 0x4000): (ipc/send) invalid destination port (0x10000003)
[0730/163325.135901:WARNING:third_party/crashpad/crashpad/snapshot/mac/mach_o_image_reader.cc:81] could not read mach_header, module , address 0x253641000
[0730/163325.135905:WARNING:third_party/crashpad/crashpad/util/process/process_memory_mac.cc:94] mach_vm_read(0x29d75c000, 0x4000): (ipc/send) invalid destination port (0x10000003)
[0730/163325.135909:WARNING:third_party/crashpad/crashpad/snapshot/mac/process_reader_mac.cc:483] could not read dyld_image_info::imageFilePath
[0730/163325.135912:WARNING:third_party/crashpad/crashpad/util/process/process_memory_mac.cc:94] mach_vm_read(0x25d6cc000, 0x4000): (ipc/send) invalid destination port (0x10000003)
[0730/163325.135916:WARNING:third_party/crashpad/crashpad/snapshot/mac/mach_o_image_reader.cc:81] could not read mach_header, module , address 0x25d6cd000
[0730/163325.135920:WARNING:third_party/crashpad/crashpad/util/process/process_memory_mac.cc:94] mach_vm_read(0x29d710000, 0x4000): (ipc/send) invalid destination port (0x10000003)
[0730/163325.135924:WARNING:third_party/crashpad/crashpad/snapshot/mac/process_reader_mac.cc:483] could not read dyld_image_info::imageFilePath
[0730/163325.140156:WARNING:third_party/crashpad/crashpad/util/process/process_memory_mac.cc:94] mach_vm_read(0x248160000, 0x4000): (ipc/send) invalid destination port (0x10000003)
[0730/163325.140179:WARNING:third_party/crashpad/crashpad/snapshot/mac/mach_o_image_reader.cc:81] could not read mach_header, module , address 0x248160000
[0730/163325.140190:WARNING:third_party/crashpad/crashpad/util/process/process_memory_mac.cc:94] mach_vm_read(0x29d74c000, 0x4000): (ipc/send) invalid destination port (0x10000003)
[0730/163325.151833:WARNING:third_party/crashpad/crashpad/snapshot/mac/process_reader_mac.cc:483] could not read dyld_image_info::imageFilePath
[0730/163325.151870:WARNING:third_party/crashpad/crashpad/util/process/process_memory_mac.cc:94] mach_vm_read(0x25b5c4000, 0x4000): (ipc/send) invalid destination port (0x10000003)
[0730/163325.151879:WARNING:third_party/crashpad/crashpad/snapshot/mac/mach_o_image_reader.cc:81] could not read mach_header, module , address 0x25b5c5000
[0730/163325.151884:WARNING:third_party/crashpad/crashpad/util/process/process_memory_mac.cc:94] mach_vm_read(0x29d74c000, 0x4000): (ipc/send) invalid destination port (0x10000003)
[0730/163325.151888:WARNING:third_party/crashpad/crashpad/snapshot/mac/process_reader_mac.cc:483] could not read dyld_image_info::imageFilePath
[0730/163325.151893:WARNING:third_party/crashpad/crashpad/util/process/process_memory_mac.cc:94] mach_vm_read(0x25b0ec000, 0x4000): (ipc/send) invalid destination port (0x10000003)
[0730/163325.151898:WARNING:third_party/crashpad/crashpad/snapshot/mac/mach_o_image_reader.cc:81] could not read mach_header, module , address 0x25b0ef000
[0730/163325.151902:WARNING:third_party/crashpad/crashpad/util/process/process_memory_mac.cc:94] mach_vm_read(0x29d788000, 0x4000): (ipc/send) invalid destination port (0x10000003)
[0730/163325.151934:WARNING:third_party/crashpad/crashpad/snapshot/mac/process_reader_mac.cc:483] could not read dyld_image_info::imageFilePath
[0730/163325.151939:WARNING:third_party/crashpad/crashpad/util/process/process_memory_mac.cc:94] mach_vm_read(0x269054000, 0x4000): (ipc/send) invalid destination port (0x10000003)
[0730/163325.151943:WARNING:third_party/crashpad/crashpad/snapshot/mac/mach_o_image_reader.cc:81] could not read mach_header, module , address 0x269055000
[0730/163325.151947:WARNING:third_party/crashpad/crashpad/util/process/process_memory_mac.cc:94] mach_vm_read(0x29d790000, 0x4000): (ipc/send) invalid destination port (0x10000003)
[0730/163325.151951:WARNING:third_party/crashpad/crashpad/snapshot/mac/process_reader_mac.cc:483] could not read dyld_image_info::imageFilePath
[0730/163325.151955:WARNING:third_party/crashpad/crashpad/util/process/process_memory_mac.cc:94] mach_vm_read(0x26c14c000, 0x4000): (ipc/send) invalid destination port (0x10000003)
[0730/163325.151959:WARNING:third_party/crashpad/crashpad/snapshot/mac/mach_o_image_reader.cc:81] could not read mach_header, module , address 0x26c14d000
[0730/163325.151962:WARNING:third_party/crashpad/crashpad/util/process/process_memory_mac.cc:94] mach_vm_read(0x29d734000, 0x4000): (ipc/send) invalid destination port (0x10000003)
[0730/163325.151966:WARNING:third_party/crashpad/crashpad/snapshot/mac/process_reader_mac.cc:483] could not read dyld_image_info::imageFilePath
[0730/163325.151970:WARNING:third_party/crashpad/crashpad/util/process/process_memory_mac.cc:94] mach_vm_read(0x253904000, 0x4000): (ipc/send) invalid destination port (0x10000003)
[0730/163325.151973:WARNING:third_party/crashpad/crashpad/snapshot/mac/mach_o_image_reader.cc:81] could not read mach_header, module , address 0x253906000
[0730/163325.151977:WARNING:third_party/crashpad/crashpad/util/process/process_memory_mac.cc:94] mach_vm_read(0x29d6d4000, 0x8000): (ipc/send) invalid destination port (0x10000003)
[0730/163325.151981:WARNING:third_party/crashpad/crashpad/util/process/process_memory_mac.cc:94] mach_vm_read(0x29d6d4000, 0x4000): (ipc/send) invalid destination port (0x10000003)
[0730/163325.151985:WARNING:third_party/crashpad/crashpad/snapshot/mac/process_reader_mac.cc:483] could not read dyld_image_info::imageFilePath
[0730/163325.151989:WARNING:third_party/crashpad/crashpad/util/process/process_memory_mac.cc:94] mach_vm_read(0x2375ec000, 0x4000): (ipc/send) invalid destination port (0x10000003)
[0730/163325.151992:WARNING:third_party/crashpad/crashpad/snapshot/mac/mach_o_image_reader.cc:81] could not read mach_header, module , address 0x2375ed000
[0730/163325.151996:WARNING:third_party/crashpad/crashpad/util/process/process_memory_mac.cc:94] mach_vm_read(0x29d608000, 0x8000): (ipc/send) invalid destination port (0x10000003)
[0730/163325.152000:WARNING:third_party/crashpad/crashpad/util/process/process_memory_mac.cc:94] mach_vm_read(0x29d608000, 0x4000): (ipc/send) invalid destination port (0x10000003)
[0730/163325.152004:WARNING:third_party/crashpad/crashpad/snapshot/mac/process_reader_mac.cc:483] could not read dyld_image_info::imageFilePath
[0730/163325.152011:WARNING:third_party/crashpad/crashpad/util/process/process_memory_mac.cc:94] mach_vm_read(0x1aff20000, 0x4000): (ipc/send) invalid destination port (0x10000003)
[0730/163325.152015:WARNING:third_party/crashpad/crashpad/snapshot/mac/mach_o_image_reader.cc:81] could not read mach_header, module , address 0x1aff21000
[0730/163325.152019:WARNING:third_party/crashpad/crashpad/util/process/process_memory_mac.cc:94] mach_vm_read(0x29d6c8000, 0x4000): (ipc/send) invalid destination port (0x10000003)
[0730/163325.152022:WARNING:third_party/crashpad/crashpad/snapshot/mac/process_reader_mac.cc:483] could not read dyld_image_info::imageFilePath
[0730/163325.152026:WARNING:third_party/crashpad/crashpad/util/process/process_memory_mac.cc:94] mach_vm_read(0x234200000, 0x4000): (ipc/send) invalid destination port (0x10000003)
[0730/163325.152030:WARNING:third_party/crashpad/crashpad/snapshot/mac/mach_o_image_reader.cc:81] could not read mach_header, module , address 0x234203000
[0730/163325.152041:WARNING:third_party/crashpad/crashpad/util/process/process_memory_mac.cc:94] mach_vm_read(0x29d5f4000, 0x4000): (ipc/send) invalid destination port (0x10000003)
[0730/163325.152044:WARNING:third_party/crashpad/crashpad/snapshot/mac/process_reader_mac.cc:483] could not read dyld_image_info::imageFilePath
[0730/163325.152048:WARNING:third_party/crashpad/crashpad/util/process/process_memory_mac.cc:94] mach_vm_read(0x1a7e6c000, 0x4000): (ipc/send) invalid destination port (0x10000003)
[0730/163325.152052:WARNING:third_party/crashpad/crashpad/snapshot/mac/mach_o_image_reader.cc:81] could not read mach_header, module , address 0x1a7e6e000
[0730/163325.152055:WARNING:third_party/crashpad/crashpad/util/process/process_memory_mac.cc:94] mach_vm_read(0x29d634000, 0x4000): (ipc/send) invalid destination port (0x10000003)
[0730/163325.152059:WARNING:third_party/crashpad/crashpad/snapshot/mac/process_reader_mac.cc:483] could not read dyld_image_info::imageFilePath
[0730/163325.152063:WARNING:third_party/crashpad/crashpad/util/process/process_memory_mac.cc:94] mach_vm_read(0x1c3844000, 0x4000): (ipc/send) invalid destination port (0x10000003)
[0730/163325.152066:WARNING:third_party/crashpad/crashpad/snapshot/mac/mach_o_image_reader.cc:81] could not read mach_header, module , address 0x1c3844000
[0730/163325.152070:WARNING:third_party/crashpad/crashpad/util/process/process_memory_mac.cc:94] mach_vm_read(0x29d75c000, 0x4000): (ipc/send) invalid destination port (0x10000003)
[0730/163325.152073:WARNING:third_party/crashpad/crashpad/snapshot/mac/process_reader_mac.cc:483] could not read dyld_image_info::imageFilePath
[0730/163325.152077:WARNING:third_party/crashpad/crashpad/util/process/process_memory_mac.cc:94] mach_vm_read(0x25d858000, 0x4000): (ipc/send) invalid destination port (0x10000003)
[0730/163325.152080:WARNING:third_party/crashpad/crashpad/snapshot/mac/mach_o_image_reader.cc:81] could not read mach_header, module , address 0x25d858000
[0730/163325.152084:WARNING:third_party/crashpad/crashpad/util/process/process_memory_mac.cc:94] mach_vm_read(0x29d5e8000, 0x4000): (ipc/send) invalid destination port (0x10000003)
[0730/163325.152091:WARNING:third_party/crashpad/crashpad/snapshot/mac/process_reader_mac.cc:483] could not read dyld_image_info::imageFilePath
[0730/163325.152094:WARNING:third_party/crashpad/crashpad/util/process/process_memory_mac.cc:94] mach_vm_read(0x1a3d00000, 0x4000): (ipc/send) invalid destination port (0x10000003)
[0730/163325.152098:WARNING:third_party/crashpad/crashpad/snapshot/mac/mach_o_image_reader.cc:81] could not read mach_header, module , address 0x1a3d01000
[0730/163325.152102:WARNING:third_party/crashpad/crashpad/util/process/process_memory_mac.cc:94] mach_vm_read(0x29d6f4000, 0x4000): (ipc/send) invalid destination port (0x10000003)
[0730/163325.152105:WARNING:third_party/crashpad/crashpad/snapshot/mac/process_reader_mac.cc:483] could not read dyld_image_info::imageFilePath
[0730/163325.152109:WARNING:third_party/crashpad/crashpad/util/process/process_memory_mac.cc:94] mach_vm_read(0x23f5f0000, 0x4000): (ipc/send) invalid destination port (0x10000003)
[0730/163325.152112:WARNING:third_party/crashpad/crashpad/snapshot/mac/mach_o_image_reader.cc:81] could not read mach_header, module , address 0x23f5f1000
[0730/163325.152116:WARNING:third_party/crashpad/crashpad/util/process/process_memory_mac.cc:94] mach_vm_read(0x29d790000, 0x8000): (ipc/send) invalid destination port (0x10000003)
[0730/163325.152120:WARNING:third_party/crashpad/crashpad/util/process/process_memory_mac.cc:94] mach_vm_read(0x29d790000, 0x4000): (ipc/send) invalid destination port (0x10000003)
[0730/163325.152123:WARNING:third_party/crashpad/crashpad/snapshot/mac/process_reader_mac.cc:483] could not read dyld_image_info::imageFilePath
[0730/163325.152127:WARNING:third_party/crashpad/crashpad/util/process/process_memory_mac.cc:94] mach_vm_read(0x26ccd8000, 0x4000): (ipc/send) invalid destination port (0x10000003)
[0730/163325.152131:WARNING:third_party/crashpad/crashpad/snapshot/mac/mach_o_image_reader.cc:81] could not read mach_header, module , address 0x26ccd8000
[0730/163325.153198:WARNING:third_party/crashpad/crashpad/util/process/process_memory_mac.cc:94] mach_vm_read(0x29d5dc000, 0x4000): (ipc/send) invalid destination port (0x10000003)
[0730/163325.153252:WARNING:third_party/crashpad/crashpad/snapshot/mac/process_reader_mac.cc:483] could not read dyld_image_info::imageFilePath
[0730/163325.153268:WARNING:third_party/crashpad/crashpad/util/process/process_memory_mac.cc:94] mach_vm_read(0x19ea30000, 0x4000): (ipc/send) invalid destination port (0x10000003)
[0730/163325.153277:WARNING:third_party/crashpad/crashpad/snapshot/mac/mach_o_image_reader.cc:81] could not read mach_header, module , address 0x19ea33000
[0730/163325.153285:WARNING:third_party/crashpad/crashpad/util/process/process_memory_mac.cc:94] mach_vm_read(0x29d62c000, 0x4000): (ipc/send) invalid destination port (0x10000003)
[0730/163325.153293:WARNING:third_party/crashpad/crashpad/snapshot/mac/process_reader_mac.cc:483] could not read dyld_image_info::imageFilePath
[0730/163325.153300:WARNING:third_party/crashpad/crashpad/util/process/process_memory_mac.cc:94] mach_vm_read(0x1bf418000, 0x4000): (ipc/send) invalid destination port (0x10000003)
[0730/163325.176131:WARNING:third_party/crashpad/crashpad/snapshot/mac/mach_o_image_reader.cc:81] could not read mach_header, module , address 0x1bf418000
[0730/163325.176152:WARNING:third_party/crashpad/crashpad/util/process/process_memory_mac.cc:94] mach_vm_read(0x29d62c000, 0x4000): (ipc/send) invalid destination port (0x10000003)
[0730/163325.176164:WARNING:third_party/crashpad/crashpad/snapshot/mac/process_reader_mac.cc:483] could not read dyld_image_info::imageFilePath
[0730/163325.176170:WARNING:third_party/crashpad/crashpad/util/process/process_memory_mac.cc:94] mach_vm_read(0x1bff10000, 0x4000): (ipc/send) invalid destination port (0x10000003)
[0730/163325.176175:WARNING:third_party/crashpad/crashpad/snapshot/mac/mach_o_image_reader.cc:81] could not read mach_header, module , address 0x1bff12000
[0730/163325.176180:WARNING:third_party/crashpad/crashpad/util/process/process_memory_mac.cc:94] mach_vm_read(0x29d634000, 0x4000): (ipc/send) invalid destination port (0x10000003)
[0730/163325.176184:WARNING:third_party/crashpad/crashpad/snapshot/mac/process_reader_mac.cc:483] could not read dyld_image_info::imageFilePath
[0730/163325.176189:WARNING:third_party/crashpad/crashpad/util/process/process_memory_mac.cc:94] mach_vm_read(0x1c360c000, 0x4000): (ipc/send) invalid destination port (0x10000003)
[0730/163325.176193:WARNING:third_party/crashpad/crashpad/snapshot/mac/mach_o_image_reader.cc:81] could not read mach_header, module , address 0x1c360c000
[0730/163325.176198:WARNING:third_party/crashpad/crashpad/util/process/process_memory_mac.cc:94] mach_vm_read(0x29d62c000, 0x4000): (ipc/send) invalid destination port (0x10000003)
[0730/163325.176202:WARNING:third_party/crashpad/crashpad/snapshot/mac/process_reader_mac.cc:483] could not read dyld_image_info::imageFilePath
[0730/163325.176206:WARNING:third_party/crashpad/crashpad/util/process/process_memory_mac.cc:94] mach_vm_read(0x1bfcc4000, 0x4000): (ipc/send) invalid destination port (0x10000003)
[0730/163325.176210:WARNING:third_party/crashpad/crashpad/snapshot/mac/mach_o_image_reader.cc:81] could not read mach_header, module , address 0x1bfcc5000
[0730/163325.176214:WARNING:third_party/crashpad/crashpad/util/process/process_memory_mac.cc:94] mach_vm_read(0x29d620000, 0x4000): (ipc/send) invalid destination port (0x10000003)
[0730/163325.176218:WARNING:third_party/crashpad/crashpad/snapshot/mac/process_reader_mac.cc:483] could not read dyld_image_info::imageFilePath
[0730/163325.176222:WARNING:third_party/crashpad/crashpad/util/process/process_memory_mac.cc:94] mach_vm_read(0x1ba5d4000, 0x4000): (ipc/send) invalid destination port (0x10000003)
[0730/163325.176226:WARNING:third_party/crashpad/crashpad/snapshot/mac/mach_o_image_reader.cc:81] could not read mach_header, module , address 0x1ba5d4000
[0730/163325.176250:WARNING:third_party/crashpad/crashpad/util/process/process_memory_mac.cc:94] mach_vm_read(0x29d5d4000, 0x4000): (ipc/send) invalid destination port (0x10000003)
[0730/163325.176255:WARNING:third_party/crashpad/crashpad/snapshot/mac/process_reader_mac.cc:483] could not read dyld_image_info::imageFilePath
[0730/163325.176270:WARNING:third_party/crashpad/crashpad/util/process/process_memory_mac.cc:94] mach_vm_read(0x19d73c000, 0x4000): (ipc/send) invalid destination port (0x10000003)
[0730/163325.176276:WARNING:third_party/crashpad/crashpad/snapshot/mac/mach_o_image_reader.cc:81] could not read mach_header, module , address 0x19d73e000
[0730/163325.176280:WARNING:third_party/crashpad/crashpad/util/process/process_memory_mac.cc:94] mach_vm_read(0x29d70c000, 0x4000): (ipc/send) invalid destination port (0x10000003)
[0730/163325.176284:WARNING:third_party/crashpad/crashpad/snapshot/mac/process_reader_mac.cc:483] could not read dyld_image_info::imageFilePath
[0730/163325.176288:WARNING:third_party/crashpad/crashpad/util/process/process_memory_mac.cc:94] mach_vm_read(0x246de0000, 0x4000): (ipc/send) invalid destination port (0x10000003)
[0730/163325.176292:WARNING:third_party/crashpad/crashpad/snapshot/mac/mach_o_image_reader.cc:81] could not read mach_header, module , address 0x246de2000
[0730/163325.176296:WARNING:third_party/crashpad/crashpad/util/process/process_memory_mac.cc:94] mach_vm_read(0x29d5fc000, 0x4000): (ipc/send) invalid destination port (0x10000003)
[0730/163325.176300:WARNING:third_party/crashpad/crashpad/snapshot/mac/process_reader_mac.cc:483] could not read dyld_image_info::imageFilePath
[0730/163325.176304:WARNING:third_party/crashpad/crashpad/util/process/process_memory_mac.cc:94] mach_vm_read(0x1a9f38000, 0x4000): (ipc/send) invalid destination port (0x10000003)
[0730/163325.176308:WARNING:third_party/crashpad/crashpad/snapshot/mac/mach_o_image_reader.cc:81] could not read mach_header, module , address 0x1a9f39000
[0730/163325.176312:WARNING:third_party/crashpad/crashpad/util/process/process_memory_mac.cc:94] mach_vm_read(0x29d5bc000, 0x4000): (ipc/send) invalid destination port (0x10000003)
[0730/163325.176316:WARNING:third_party/crashpad/crashpad/snapshot/mac/process_reader_mac.cc:483] could not read dyld_image_info::imageFilePath
[0730/163325.176320:WARNING:third_party/crashpad/crashpad/util/process/process_memory_mac.cc:94] mach_vm_read(0x193168000, 0x4000): (ipc/send) invalid destination port (0x10000003)
[0730/163325.181666:WARNING:third_party/crashpad/crashpad/snapshot/mac/mach_o_image_reader.cc:81] could not read mach_header, module , address 0x193168000
[0730/163325.192972:WARNING:third_party/crashpad/crashpad/util/process/process_memory_mac.cc:94] mach_vm_read(0x29d5f8000, 0x4000): (ipc/send) invalid destination port (0x10000003)
[0730/163325.192984:WARNING:third_party/crashpad/crashpad/snapshot/mac/process_reader_mac.cc:483] could not read dyld_image_info::imageFilePath
[0730/163325.192992:WARNING:third_party/crashpad/crashpad/util/process/process_memory_mac.cc:94] mach_vm_read(0x1a8124000, 0x4000): (ipc/send) invalid destination port (0x10000003)
[0730/163325.192998:WARNING:third_party/crashpad/crashpad/snapshot/mac/mach_o_image_reader.cc:81] could not read mach_header, module , address 0x1a8125000
[0730/163325.193003:WARNING:third_party/crashpad/crashpad/util/process/process_memory_mac.cc:94] mach_vm_read(0x29d5e0000, 0x8000): (ipc/send) invalid destination port (0x10000003)
[0730/163325.222321:WARNING:third_party/crashpad/crashpad/util/process/process_memory_mac.cc:94] mach_vm_read(0x29d5e0000, 0x4000): (ipc/send) invalid destination port (0x10000003)
[0730/163325.222381:WARNING:third_party/crashpad/crashpad/snapshot/mac/process_reader_mac.cc:483] could not read dyld_image_info::imageFilePath
[0730/163325.222397:WARNING:third_party/crashpad/crashpad/util/process/process_memory_mac.cc:94] mach_vm_read(0x1a0b2c000, 0x4000): (ipc/send) invalid destination port (0x10000003)
[0730/163325.222408:WARNING:third_party/crashpad/crashpad/snapshot/mac/mach_o_image_reader.cc:81] could not read mach_header, module , address 0x1a0b2e000
[0730/163325.222419:WARNING:third_party/crashpad/crashpad/util/process/process_memory_mac.cc:94] mach_vm_read(0x29d620000, 0x4000): (ipc/send) invalid destination port (0x10000003)
[0730/163325.222428:WARNING:third_party/crashpad/crashpad/snapshot/mac/process_reader_mac.cc:483] could not read dyld_image_info::imageFilePath
[0730/163325.222437:WARNING:third_party/crashpad/crashpad/util/process/process_memory_mac.cc:94] mach_vm_read(0x1bb418000, 0x4000): (ipc/send) invalid destination port (0x10000003)
[0730/163325.222446:WARNING:third_party/crashpad/crashpad/snapshot/mac/mach_o_image_reader.cc:81] could not read mach_header, module , address 0x1bb418000
[0730/163325.222455:WARNING:third_party/crashpad/crashpad/util/process/process_memory_mac.cc:94] mach_vm_read(0x29d5f0000, 0x8000): (ipc/send) invalid destination port (0x10000003)
[0730/163325.222464:WARNING:third_party/crashpad/crashpad/util/process/process_memory_mac.cc:94] mach_vm_read(0x29d5f0000, 0x4000): (ipc/send) invalid destination port (0x10000003)
[0730/163325.222472:WARNING:third_party/crashpad/crashpad/snapshot/mac/process_reader_mac.cc:483] could not read dyld_image_info::imageFilePath
[0730/163325.222481:WARNING:third_party/crashpad/crashpad/util/process/process_memory_mac.cc:94] mach_vm_read(0x1a76bc000, 0x4000): (ipc/send) invalid destination port (0x10000003)
[0730/163325.222490:WARNING:third_party/crashpad/crashpad/snapshot/mac/mach_o_image_reader.cc:81] could not read mach_header, module , address 0x1a76be000
[0730/163325.222499:WARNING:third_party/crashpad/crashpad/util/process/process_memory_mac.cc:94] mach_vm_read(0x29d5cc000, 0x4000): (ipc/send) invalid destination port (0x10000003)
[0730/163325.222507:WARNING:third_party/crashpad/crashpad/snapshot/mac/process_reader_mac.cc:483] could not read dyld_image_info::imageFilePath
[0730/163325.222516:WARNING:third_party/crashpad/crashpad/util/process/process_memory_mac.cc:94] mach_vm_read(0x19b324000, 0x4000): (ipc/send) invalid destination port (0x10000003)
[0730/163325.222524:WARNING:third_party/crashpad/crashpad/snapshot/mac/mach_o_image_reader.cc:81] could not read mach_header, module , address 0x19b326000
[0730/163325.222533:WARNING:third_party/crashpad/crashpad/util/process/process_memory_mac.cc:94] mach_vm_read(0x29d5c0000, 0x8000): (ipc/send) invalid destination port (0x10000003)
[0730/163325.222542:WARNING:third_party/crashpad/crashpad/util/process/process_memory_mac.cc:94] mach_vm_read(0x29d5c0000, 0x4000): (ipc/send) invalid destination port (0x10000003)
[0730/163325.222558:WARNING:third_party/crashpad/crashpad/snapshot/mac/process_reader_mac.cc:483] could not read dyld_image_info::imageFilePath
[0730/163325.222567:WARNING:third_party/crashpad/crashpad/util/process/process_memory_mac.cc:94] mach_vm_read(0x196944000, 0x4000): (ipc/send) invalid destination port (0x10000003)
[0730/163325.222575:WARNING:third_party/crashpad/crashpad/snapshot/mac/mach_o_image_reader.cc:81] could not read mach_header, module , address 0x196946000
[0730/163325.222584:WARNING:third_party/crashpad/crashpad/util/process/process_memory_mac.cc:94] mach_vm_read(0x29d71c000, 0x4000): (ipc/send) invalid destination port (0x10000003)
[0730/163325.222592:WARNING:third_party/crashpad/crashpad/snapshot/mac/process_reader_mac.cc:483] could not read dyld_image_info::imageFilePath
[0730/163325.222600:WARNING:third_party/crashpad/crashpad/util/process/process_memory_mac.cc:94] mach_vm_read(0x24b890000, 0x4000): (ipc/send) invalid destination port (0x10000003)
[0730/163325.222609:WARNING:third_party/crashpad/crashpad/snapshot/mac/mach_o_image_reader.cc:81] could not read mach_header, module , address 0x24b890000
[0730/163325.222617:WARNING:third_party/crashpad/crashpad/util/process/process_memory_mac.cc:94] mach_vm_read(0x29d5bc000, 0x4000): (ipc/send) invalid destination port (0x10000003)
[0730/163325.222626:WARNING:third_party/crashpad/crashpad/snapshot/mac/process_reader_mac.cc:483] could not read dyld_image_info::imageFilePath
[0730/163325.222634:WARNING:third_party/crashpad/crashpad/util/process/process_memory_mac.cc:94] mach_vm_read(0x191b44000, 0x4000): (ipc/send) invalid destination port (0x10000003)
[0730/163325.222642:WARNING:third_party/crashpad/crashpad/snapshot/mac/mach_o_image_reader.cc:81] could not read mach_header, module , address 0x191b46000
[0730/163325.222651:WARNING:third_party/crashpad/crashpad/util/process/process_memory_mac.cc:94] mach_vm_read(0x29d5c4000, 0x4000): (ipc/send) invalid destination port (0x10000003)
[0730/163325.222659:WARNING:third_party/crashpad/crashpad/snapshot/mac/process_reader_mac.cc:483] could not read dyld_image_info::imageFilePath
[0730/163325.222767:WARNING:third_party/crashpad/crashpad/util/process/process_memory_mac.cc:94] mach_vm_read(0x197568000, 0x4000): (ipc/send) invalid destination port (0x10000003)
[0730/163325.222791:WARNING:third_party/crashpad/crashpad/snapshot/mac/mach_o_image_reader.cc:81] could not read mach_header, module , address 0x19756a000
[0730/163325.222799:WARNING:third_party/crashpad/crashpad/util/process/process_memory_mac.cc:94] mach_vm_read(0x29d640000, 0x4000): (ipc/send) invalid destination port (0x10000003)
[0730/163325.222806:WARNING:third_party/crashpad/crashpad/snapshot/mac/process_reader_mac.cc:483] could not read dyld_image_info::imageFilePath
[0730/163325.222812:WARNING:third_party/crashpad/crashpad/util/process/process_memory_mac.cc:94] mach_vm_read(0x1c90d8000, 0x4000): (ipc/send) invalid destination port (0x10000003)
[0730/163325.222817:WARNING:third_party/crashpad/crashpad/snapshot/mac/mach_o_image_reader.cc:81] could not read mach_header, module , address 0x1c90da000
[0730/163325.222828:WARNING:third_party/crashpad/crashpad/util/process/process_memory_mac.cc:94] mach_vm_read(0x29d5d4000, 0x4000): (ipc/send) invalid destination port (0x10000003)
[0730/163325.222832:WARNING:third_party/crashpad/crashpad/snapshot/mac/process_reader_mac.cc:483] could not read dyld_image_info::imageFilePath
[0730/163325.222838:WARNING:third_party/crashpad/crashpad/util/process/process_memory_mac.cc:94] mach_vm_read(0x19d5c0000, 0x4000): (ipc/send) invalid destination port (0x10000003)
[0730/163325.222842:WARNING:third_party/crashpad/crashpad/snapshot/mac/mach_o_image_reader.cc:81] could not read mach_header, module , address 0x19d5c2000
[0730/163325.222847:WARNING:third_party/crashpad/crashpad/util/process/process_memory_mac.cc:94] mach_vm_read(0x29d5cc000, 0x4000): (ipc/send) invalid destination port (0x10000003)
[0730/163325.222851:WARNING:third_party/crashpad/crashpad/snapshot/mac/process_reader_mac.cc:483] could not read dyld_image_info::imageFilePath
[0730/163325.222856:WARNING:third_party/crashpad/crashpad/util/process/process_memory_mac.cc:94] mach_vm_read(0x19b2e8000, 0x4000): (ipc/send) invalid destination port (0x10000003)
[0730/163325.222861:WARNING:third_party/crashpad/crashpad/snapshot/mac/mach_o_image_reader.cc:81] could not read mach_header, module , address 0x19b2e9000
[0730/163325.222865:WARNING:third_party/crashpad/crashpad/util/process/process_memory_mac.cc:94] mach_vm_read(0x29d5f4000, 0x4000): (ipc/send) invalid destination port (0x10000003)
[0730/163325.222871:WARNING:third_party/crashpad/crashpad/snapshot/mac/process_reader_mac.cc:483] could not read dyld_image_info::imageFilePath
[0730/163325.222876:WARNING:third_party/crashpad/crashpad/util/process/process_memory_mac.cc:94] mach_vm_read(0x1a77bc000, 0x4000): (ipc/send) invalid destination port (0x10000003)
[0730/163325.222880:WARNING:third_party/crashpad/crashpad/snapshot/mac/mach_o_image_reader.cc:81] could not read mach_header, module , address 0x1a77be000
[0730/163325.222886:WARNING:third_party/crashpad/crashpad/util/process/process_memory_mac.cc:94] mach_vm_read(0x29d7b0000, 0x4000): (ipc/send) invalid destination port (0x10000003)
[0730/163325.222890:WARNING:third_party/crashpad/crashpad/snapshot/mac/process_reader_mac.cc:483] could not read dyld_image_info::imageFilePath
[0730/163325.222895:WARNING:third_party/crashpad/crashpad/util/process/process_memory_mac.cc:94] mach_vm_read(0x2756d4000, 0x4000): (ipc/send) invalid destination port (0x10000003)
[0730/163325.222902:WARNING:third_party/crashpad/crashpad/snapshot/mac/mach_o_image_reader.cc:81] could not read mach_header, module , address 0x2756d7000
[0730/163325.222907:WARNING:third_party/crashpad/crashpad/util/process/process_memory_mac.cc:94] mach_vm_read(0x29d7b4000, 0x4000): (ipc/send) invalid destination port (0x10000003)
[0730/163325.222911:WARNING:third_party/crashpad/crashpad/snapshot/mac/process_reader_mac.cc:483] could not read dyld_image_info::imageFilePath
[0730/163325.222915:WARNING:third_party/crashpad/crashpad/util/process/process_memory_mac.cc:94] mach_vm_read(0x276200000, 0x4000): (ipc/send) invalid destination port (0x10000003)
[0730/163325.254622:WARNING:third_party/crashpad/crashpad/snapshot/mac/mach_o_image_reader.cc:81] could not read mach_header, module , address 0x276201000
[0730/163325.254655:WARNING:third_party/crashpad/crashpad/util/process/process_memory_mac.cc:94] mach_vm_read(0x29d5f0000, 0x8000): (ipc/send) invalid destination port (0x10000003)
[0730/163325.254668:WARNING:third_party/crashpad/crashpad/util/process/process_memory_mac.cc:94] mach_vm_read(0x29d5f0000, 0x4000): (ipc/send) invalid destination port (0x10000003)
[0730/163325.254676:WARNING:third_party/crashpad/crashpad/snapshot/mac/process_reader_mac.cc:483] could not read dyld_image_info::imageFilePath
[0730/163325.254686:WARNING:third_party/crashpad/crashpad/util/process/process_memory_mac.cc:94] mach_vm_read(0x1a7494000, 0x4000): (ipc/send) invalid destination port (0x10000003)
[0730/163325.254694:WARNING:third_party/crashpad/crashpad/snapshot/mac/mach_o_image_reader.cc:81] could not read mach_header, module , address 0x1a7496000
[0730/163325.254701:WARNING:third_party/crashpad/crashpad/util/process/process_memory_mac.cc:94] mach_vm_read(0x29d5f0000, 0x8000): (ipc/send) invalid destination port (0x10000003)
[0730/163325.254708:WARNING:third_party/crashpad/crashpad/util/process/process_memory_mac.cc:94] mach_vm_read(0x29d5f0000, 0x4000): (ipc/send) invalid destination port (0x10000003)
[0730/163325.254714:WARNING:third_party/crashpad/crashpad/snapshot/mac/process_reader_mac.cc:483] could not read dyld_image_info::imageFilePath
[0730/163325.254720:WARNING:third_party/crashpad/crashpad/util/process/process_memory_mac.cc:94] mach_vm_read(0x1a74d0000, 0x4000): (ipc/send) invalid destination port (0x10000003)
[0730/163325.254727:WARNING:third_party/crashpad/crashpad/snapshot/mac/mach_o_image_reader.cc:81] could not read mach_header, module , address 0x1a74d2000
[0730/163325.254733:WARNING:third_party/crashpad/crashpad/util/process/process_memory_mac.cc:94] mach_vm_read(0x29d5dc000, 0x8000): (ipc/send) invalid destination port (0x10000003)
[0730/163325.254740:WARNING:third_party/crashpad/crashpad/util/process/process_memory_mac.cc:94] mach_vm_read(0x29d5dc000, 0x4000): (ipc/send) invalid destination port (0x10000003)
[0730/163325.254746:WARNING:third_party/crashpad/crashpad/snapshot/mac/process_reader_mac.cc:483] could not read dyld_image_info::imageFilePath
[0730/163325.254753:WARNING:third_party/crashpad/crashpad/util/process/process_memory_mac.cc:94] mach_vm_read(0x19fdf4000, 0x4000): (ipc/send) invalid destination port (0x10000003)
[0730/163325.254759:WARNING:third_party/crashpad/crashpad/snapshot/mac/mach_o_image_reader.cc:81] could not read mach_header, module , address 0x19fdf6000
[0730/163325.254766:WARNING:third_party/crashpad/crashpad/util/process/process_memory_mac.cc:94] mach_vm_read(0x1fba1c000, 0x4000): (ipc/send) invalid destination port (0x10000003)
[0730/163325.254772:WARNING:third_party/crashpad/crashpad/snapshot/mac/process_reader_mac.cc:483] could not read dyld_image_info::imageFilePath
[0730/163325.254779:WARNING:third_party/crashpad/crashpad/util/process/process_memory_mac.cc:94] mach_vm_read(0x11dffc000, 0x4000): (ipc/send) invalid destination port (0x10000003)
[0730/163325.254796:WARNING:third_party/crashpad/crashpad/snapshot/mac/mach_o_image_reader.cc:81] could not read mach_header, module , address 0x11dffc000
[0730/163325.254803:WARNING:third_party/crashpad/crashpad/util/process/process_memory_mac.cc:94] mach_vm_read(0x29d5bc000, 0x4000): (ipc/send) invalid destination port (0x10000003)
[0730/163325.254809:WARNING:third_party/crashpad/crashpad/snapshot/mac/process_reader_mac.cc:483] could not read dyld_image_info::imageFilePath
[0730/163325.254815:WARNING:third_party/crashpad/crashpad/util/process/process_memory_mac.cc:94] mach_vm_read(0x191cd4000, 0x4000): (ipc/send) invalid destination port (0x10000003)
[0730/163325.254821:WARNING:third_party/crashpad/crashpad/snapshot/mac/mach_o_image_reader.cc:81] could not read mach_header, module , address 0x191cd7000
[0730/163325.254827:WARNING:third_party/crashpad/crashpad/util/process/process_memory_mac.cc:94] mach_vm_read(0x29d6ec000, 0x4000): (ipc/send) invalid destination port (0x10000003)
[0730/163325.254833:WARNING:third_party/crashpad/crashpad/snapshot/mac/process_reader_mac.cc:483] could not read dyld_image_info::imageFilePath
[0730/163325.254839:WARNING:third_party/crashpad/crashpad/util/process/process_memory_mac.cc:94] mach_vm_read(0x23bdf4000, 0x4000): (ipc/send) invalid destination port (0x10000003)
[0730/163325.254845:WARNING:third_party/crashpad/crashpad/snapshot/mac/mach_o_image_reader.cc:81] could not read mach_header, module , address 0x23bdf6000
[0730/163325.254851:WARNING:third_party/crashpad/crashpad/util/process/process_memory_mac.cc:94] mach_vm_read(0x29d5c8000, 0x4000): (ipc/send) invalid destination port (0x10000003)
[0730/163325.254857:WARNING:third_party/crashpad/crashpad/snapshot/mac/process_reader_mac.cc:483] could not read dyld_image_info::imageFilePath
[0730/163325.254863:WARNING:third_party/crashpad/crashpad/util/process/process_memory_mac.cc:94] mach_vm_read(0x199ae8000, 0x4000): (ipc/send) invalid destination port (0x10000003)
[0730/163325.254868:WARNING:third_party/crashpad/crashpad/snapshot/mac/mach_o_image_reader.cc:81] could not read mach_header, module , address 0x199ae8000
[0730/163325.254874:WARNING:third_party/crashpad/crashpad/util/process/process_memory_mac.cc:94] mach_vm_read(0x29d5dc000, 0x4000): (ipc/send) invalid destination port (0x10000003)
[0730/163325.261490:WARNING:third_party/crashpad/crashpad/snapshot/mac/process_reader_mac.cc:483] could not read dyld_image_info::imageFilePath
[0730/163325.261717:WARNING:third_party/crashpad/crashpad/util/process/process_memory_mac.cc:94] mach_vm_read(0x19ea80000, 0x4000): (ipc/send) invalid destination port (0x10000003)
[0730/163325.261739:WARNING:third_party/crashpad/crashpad/snapshot/mac/mach_o_image_reader.cc:81] could not read mach_header, module , address 0x19ea82000
[0730/163325.261750:WARNING:third_party/crashpad/crashpad/util/process/process_memory_mac.cc:94] mach_vm_read(0x29d78c000, 0x4000): (ipc/send) invalid destination port (0x10000003)
[0730/163325.261758:WARNING:third_party/crashpad/crashpad/snapshot/mac/process_reader_mac.cc:483] could not read dyld_image_info::imageFilePath
[0730/163325.261774:WARNING:third_party/crashpad/crashpad/util/process/process_memory_mac.cc:94] mach_vm_read(0x26a780000, 0x4000): (ipc/send) invalid destination port (0x10000003)
[0730/163325.261782:WARNING:third_party/crashpad/crashpad/snapshot/mac/mach_o_image_reader.cc:81] could not read mach_header, module , address 0x26a780000
[0730/163325.261788:WARNING:third_party/crashpad/crashpad/util/process/process_memory_mac.cc:94] mach_vm_read(0x29d6c0000, 0x4000): (ipc/send) invalid destination port (0x10000003)
[0730/163325.261796:WARNING:third_party/crashpad/crashpad/snapshot/mac/process_reader_mac.cc:483] could not read dyld_image_info::imageFilePath
[0730/163325.261803:WARNING:third_party/crashpad/crashpad/util/process/process_memory_mac.cc:94] mach_vm_read(0x1f4818000, 0x4000): (ipc/send) invalid destination port (0x10000003)
[0730/163325.261809:WARNING:third_party/crashpad/crashpad/snapshot/mac/mach_o_image_reader.cc:81] could not read mach_header, module , address 0x1f4819000
[0730/163325.261817:WARNING:third_party/crashpad/crashpad/util/process/process_memory_mac.cc:94] mach_vm_read(0x29d798000, 0x8000): (ipc/send) invalid destination port (0x10000003)
[0730/163325.261825:WARNING:third_party/crashpad/crashpad/util/process/process_memory_mac.cc:94] mach_vm_read(0x29d798000, 0x4000): (ipc/send) invalid destination port (0x10000003)
[0730/163325.261832:WARNING:third_party/crashpad/crashpad/snapshot/mac/process_reader_mac.cc:483] could not read dyld_image_info::imageFilePath
[0730/163325.261838:WARNING:third_party/crashpad/crashpad/util/process/process_memory_mac.cc:94] mach_vm_read(0x26f804000, 0x4000): (ipc/send) invalid destination port (0x10000003)
[0730/163325.261845:WARNING:third_party/crashpad/crashpad/snapshot/mac/mach_o_image_reader.cc:81] could not read mach_header, module , address 0x26f806000
[0730/163325.261853:WARNING:third_party/crashpad/crashpad/util/process/process_memory_mac.cc:94] mach_vm_read(0x29d798000, 0x4000): (ipc/send) invalid destination port (0x10000003)
[0730/163325.261860:WARNING:third_party/crashpad/crashpad/snapshot/mac/process_reader_mac.cc:483] could not read dyld_image_info::imageFilePath
[0730/163325.261867:WARNING:third_party/crashpad/crashpad/util/process/process_memory_mac.cc:94] mach_vm_read(0x26e848000, 0x4000): (ipc/send) invalid destination port (0x10000003)
[0730/163325.261874:WARNING:third_party/crashpad/crashpad/snapshot/mac/mach_o_image_reader.cc:81] could not read mach_header, module , address 0x26e84a000
[0730/163325.261881:WARNING:third_party/crashpad/crashpad/util/process/process_memory_mac.cc:94] mach_vm_read(0x29d5c8000, 0x4000): (ipc/send) invalid destination port (0x10000003)
[0730/163325.261888:WARNING:third_party/crashpad/crashpad/snapshot/mac/process_reader_mac.cc:483] could not read dyld_image_info::imageFilePath
[0730/163325.261895:WARNING:third_party/crashpad/crashpad/util/process/process_memory_mac.cc:94] mach_vm_read(0x199ad0000, 0x4000): (ipc/send) invalid destination port (0x10000003)
[0730/163325.261903:WARNING:third_party/crashpad/crashpad/snapshot/mac/mach_o_image_reader.cc:81] could not read mach_header, module , address 0x199ad3000
[0730/163325.261916:WARNING:third_party/crashpad/crashpad/util/process/process_memory_mac.cc:94] mach_vm_read(0x29d5c8000, 0x4000): (ipc/send) invalid destination port (0x10000003)
[0730/163325.261923:WARNING:third_party/crashpad/crashpad/snapshot/mac/process_reader_mac.cc:483] could not read dyld_image_info::imageFilePath
[0730/163325.261930:WARNING:third_party/crashpad/crashpad/util/process/process_memory_mac.cc:94] mach_vm_read(0x1997cc000, 0x4000): (ipc/send) invalid destination port (0x10000003)
[0730/163325.261936:WARNING:third_party/crashpad/crashpad/snapshot/mac/mach_o_image_reader.cc:81] could not read mach_header, module , address 0x1997cc000
[0730/163325.261943:WARNING:third_party/crashpad/crashpad/util/process/process_memory_mac.cc:94] mach_vm_read(0x29d5e4000, 0x4000): (ipc/send) invalid destination port (0x10000003)
[0730/163325.261949:WARNING:third_party/crashpad/crashpad/snapshot/mac/process_reader_mac.cc:483] could not read dyld_image_info::imageFilePath
[0730/163325.261956:WARNING:third_party/crashpad/crashpad/util/process/process_memory_mac.cc:94] mach_vm_read(0x1a3594000, 0x4000): (ipc/send) invalid destination port (0x10000003)
[0730/163325.261963:WARNING:third_party/crashpad/crashpad/snapshot/mac/mach_o_image_reader.cc:81] could not read mach_header, module , address 0x1a3595000
[0730/163325.261969:WARNING:third_party/crashpad/crashpad/util/process/process_memory_mac.cc:94] mach_vm_read(0x29d604000, 0x4000): (ipc/send) invalid destination port (0x10000003)
[0730/163325.261976:WARNING:third_party/crashpad/crashpad/snapshot/mac/process_reader_mac.cc:483] could not read dyld_image_info::imageFilePath
[0730/163325.261983:WARNING:third_party/crashpad/crashpad/util/process/process_memory_mac.cc:94] mach_vm_read(0x1aeb78000, 0x4000): (ipc/send) invalid destination port (0x10000003)
[0730/163325.261989:WARNING:third_party/crashpad/crashpad/snapshot/mac/mach_o_image_reader.cc:81] could not read mach_header, module , address 0x1aeb78000
[0730/163325.261995:WARNING:third_party/crashpad/crashpad/util/process/process_memory_mac.cc:94] mach_vm_read(0x29d5c4000, 0x4000): (ipc/send) invalid destination port (0x10000003)
[0730/163325.262002:WARNING:third_party/crashpad/crashpad/snapshot/mac/process_reader_mac.cc:483] could not read dyld_image_info::imageFilePath
[0730/163325.262008:WARNING:third_party/crashpad/crashpad/util/process/process_memory_mac.cc:94] mach_vm_read(0x1974f8000, 0x4000): (ipc/send) invalid destination port (0x10000003)
[0730/163325.262014:WARNING:third_party/crashpad/crashpad/snapshot/mac/mach_o_image_reader.cc:81] could not read mach_header, module , address 0x1974fb000
[0730/163325.262020:WARNING:third_party/crashpad/crashpad/util/process/process_memory_mac.cc:94] mach_vm_read(0x29d5e4000, 0x8000): (ipc/send) invalid destination port (0x10000003)
[0730/163325.262027:WARNING:third_party/crashpad/crashpad/util/process/process_memory_mac.cc:94] mach_vm_read(0x29d5e4000, 0x4000): (ipc/send) invalid destination port (0x10000003)
[0730/163325.262034:WARNING:third_party/crashpad/crashpad/snapshot/mac/process_reader_mac.cc:483] could not read dyld_image_info::imageFilePath
[0730/163325.283907:WARNING:third_party/crashpad/crashpad/util/process/process_memory_mac.cc:94] mach_vm_read(0x1a390c000, 0x4000): (ipc/send) invalid destination port (0x10000003)
[0730/163325.284010:WARNING:third_party/crashpad/crashpad/snapshot/mac/mach_o_image_reader.cc:81] could not read mach_header, module , address 0x1a390d000
[0730/163325.287415:WARNING:third_party/crashpad/crashpad/util/process/process_memory_mac.cc:94] mach_vm_read(0x29d6b4000, 0x4000): (ipc/send) invalid destination port (0x10000003)
[0730/163325.287463:WARNING:third_party/crashpad/crashpad/snapshot/mac/process_reader_mac.cc:483] could not read dyld_image_info::imageFilePath
[0730/163325.287477:WARNING:third_party/crashpad/crashpad/util/process/process_memory_mac.cc:94] mach_vm_read(0x1efca8000, 0x4000): (ipc/send) invalid destination port (0x10000003)
[0730/163325.287487:WARNING:third_party/crashpad/crashpad/snapshot/mac/mach_o_image_reader.cc:81] could not read mach_header, module , address 0x1efcab000
[0730/163325.287495:WARNING:third_party/crashpad/crashpad/util/process/process_memory_mac.cc:94] mach_vm_read(0x29d6b4000, 0x4000): (ipc/send) invalid destination port (0x10000003)
[0730/163325.287502:WARNING:third_party/crashpad/crashpad/snapshot/mac/process_reader_mac.cc:483] could not read dyld_image_info::imageFilePath
[0730/163325.287508:WARNING:third_party/crashpad/crashpad/util/process/process_memory_mac.cc:94] mach_vm_read(0x1efcac000, 0x4000): (ipc/send) invalid destination port (0x10000003)
[0730/163325.287515:WARNING:third_party/crashpad/crashpad/snapshot/mac/mach_o_image_reader.cc:81] could not read mach_header, module , address 0x1efcae000
[0730/163325.287522:WARNING:third_party/crashpad/crashpad/util/process/process_memory_mac.cc:94] mach_vm_read(0x29d6c0000, 0x4000): (ipc/send) invalid destination port (0x10000003)
[0730/163325.287528:WARNING:third_party/crashpad/crashpad/snapshot/mac/process_reader_mac.cc:483] could not read dyld_image_info::imageFilePath
[0730/163325.287535:WARNING:third_party/crashpad/crashpad/util/process/process_memory_mac.cc:94] mach_vm_read(0x1f53dc000, 0x4000): (ipc/send) invalid destination port (0x10000003)
[0730/163325.287552:WARNING:third_party/crashpad/crashpad/snapshot/mac/mach_o_image_reader.cc:81] could not read mach_header, module , address 0x1f53dc000
[0730/163325.287578:WARNING:third_party/crashpad/crashpad/util/process/process_memory_mac.cc:94] mach_vm_read(0x29d7b8000, 0x4000): (ipc/send) invalid destination port (0x10000003)
[0730/163325.287598:WARNING:third_party/crashpad/crashpad/snapshot/mac/process_reader_mac.cc:483] could not read dyld_image_info::imageFilePath
[0730/163325.287609:WARNING:third_party/crashpad/crashpad/util/process/process_memory_mac.cc:94] mach_vm_read(0x276420000, 0x4000): (ipc/send) invalid destination port (0x10000003)
[0730/163325.287616:WARNING:third_party/crashpad/crashpad/snapshot/mac/mach_o_image_reader.cc:81] could not read mach_header, module , address 0x276423000
[0730/163325.287624:WARNING:third_party/crashpad/crashpad/util/process/process_memory_mac.cc:94] mach_vm_read(0x29d60c000, 0x4000): (ipc/send) invalid destination port (0x10000003)
[0730/163325.287649:WARNING:third_party/crashpad/crashpad/snapshot/mac/process_reader_mac.cc:483] could not read dyld_image_info::imageFilePath
[0730/163325.287657:WARNING:third_party/crashpad/crashpad/util/process/process_memory_mac.cc:94] mach_vm_read(0x1b3fdc000, 0x4000): (ipc/send) invalid destination port (0x10000003)
[0730/163325.287663:WARNING:third_party/crashpad/crashpad/snapshot/mac/mach_o_image_reader.cc:81] could not read mach_header, module , address 0x1b3fdf000
[0730/163325.287670:WARNING:third_party/crashpad/crashpad/util/process/process_memory_mac.cc:94] mach_vm_read(0x29d5e8000, 0x4000): (ipc/send) invalid destination port (0x10000003)
[0730/163325.287676:WARNING:third_party/crashpad/crashpad/snapshot/mac/process_reader_mac.cc:483] could not read dyld_image_info::imageFilePath
[0730/163325.287682:WARNING:third_party/crashpad/crashpad/util/process/process_memory_mac.cc:94] mach_vm_read(0x1a42b4000, 0x4000): (ipc/send) invalid destination port (0x10000003)
[0730/163325.287688:WARNING:third_party/crashpad/crashpad/snapshot/mac/mach_o_image_reader.cc:81] could not read mach_header, module , address 0x1a42b7000
[0730/163325.287694:WARNING:third_party/crashpad/crashpad/util/process/process_memory_mac.cc:94] mach_vm_read(0x29d69c000, 0x8000): (ipc/send) invalid destination port (0x10000003)
[0730/163325.287701:WARNING:third_party/crashpad/crashpad/util/process/process_memory_mac.cc:94] mach_vm_read(0x29d69c000, 0x4000): (ipc/send) invalid destination port (0x10000003)
[0730/163325.287707:WARNING:third_party/crashpad/crashpad/snapshot/mac/process_reader_mac.cc:483] could not read dyld_image_info::imageFilePath
[0730/163325.287713:WARNING:third_party/crashpad/crashpad/util/process/process_memory_mac.cc:94] mach_vm_read(0x1eacb0000, 0x4000): (ipc/send) invalid destination port (0x10000003)
[0730/163325.287719:WARNING:third_party/crashpad/crashpad/snapshot/mac/mach_o_image_reader.cc:81] could not read mach_header, module , address 0x1eacb2000
[0730/163325.287725:WARNING:third_party/crashpad/crashpad/util/process/process_memory_mac.cc:94] mach_vm_read(0x29d660000, 0x4000): (ipc/send) invalid destination port (0x10000003)
[0730/163325.287731:WARNING:third_party/crashpad/crashpad/snapshot/mac/process_reader_mac.cc:483] could not read dyld_image_info::imageFilePath
[0730/163325.287737:WARNING:third_party/crashpad/crashpad/util/process/process_memory_mac.cc:94] mach_vm_read(0x1d6acc000, 0x4000): (ipc/send) invalid destination port (0x10000003)
[0730/163325.287743:WARNING:third_party/crashpad/crashpad/snapshot/mac/mach_o_image_reader.cc:81] could not read mach_header, module , address 0x1d6acc000
[0730/163325.287749:WARNING:third_party/crashpad/crashpad/util/process/process_memory_mac.cc:94] mach_vm_read(0x29d754000, 0x4000): (ipc/send) invalid destination port (0x10000003)
[0730/163325.287755:WARNING:third_party/crashpad/crashpad/snapshot/mac/process_reader_mac.cc:483] could not read dyld_image_info::imageFilePath
[0730/163325.287761:WARNING:third_party/crashpad/crashpad/util/process/process_memory_mac.cc:94] mach_vm_read(0x25ca98000, 0x4000): (ipc/send) invalid destination port (0x10000003)
[0730/163325.288328:WARNING:third_party/crashpad/crashpad/snapshot/mac/mach_o_image_reader.cc:81] could not read mach_header, module , address 0x25ca9a000
[0730/163325.288343:WARNING:third_party/crashpad/crashpad/util/process/process_memory_mac.cc:94] mach_vm_read(0x29d5e4000, 0x4000): (ipc/send) invalid destination port (0x10000003)
[0730/163325.288353:WARNING:third_party/crashpad/crashpad/snapshot/mac/process_reader_mac.cc:483] could not read dyld_image_info::imageFilePath
[0730/163325.288361:WARNING:third_party/crashpad/crashpad/util/process/process_memory_mac.cc:94] mach_vm_read(0x1a3580000, 0x4000): (ipc/send) invalid destination port (0x10000003)
[0730/163325.288368:WARNING:third_party/crashpad/crashpad/snapshot/mac/mach_o_image_reader.cc:81] could not read mach_header, module , address 0x1a3582000
[0730/163325.288374:WARNING:third_party/crashpad/crashpad/util/process/process_memory_mac.cc:94] mach_vm_read(0x29d610000, 0x4000): (ipc/send) invalid destination port (0x10000003)
[0730/163325.289066:WARNING:third_party/crashpad/crashpad/snapshot/mac/process_reader_mac.cc:483] could not read dyld_image_info::imageFilePath
[0730/163325.289084:WARNING:third_party/crashpad/crashpad/util/process/process_memory_mac.cc:94] mach_vm_read(0x1b582c000, 0x4000): (ipc/send) invalid destination port (0x10000003)
[0730/163325.289092:WARNING:third_party/crashpad/crashpad/snapshot/mac/mach_o_image_reader.cc:81] could not read mach_header, module , address 0x1b582d000
[0730/163325.289100:WARNING:third_party/crashpad/crashpad/util/process/process_memory_mac.cc:94] mach_vm_read(0x29d604000, 0x4000): (ipc/send) invalid destination port (0x10000003)
[0730/163325.289107:WARNING:third_party/crashpad/crashpad/snapshot/mac/process_reader_mac.cc:483] could not read dyld_image_info::imageFilePath
[0730/163325.289114:WARNING:third_party/crashpad/crashpad/util/process/process_memory_mac.cc:94] mach_vm_read(0x1ac860000, 0x4000): (ipc/send) invalid destination port (0x10000003)
[0730/163325.289120:WARNING:third_party/crashpad/crashpad/snapshot/mac/mach_o_image_reader.cc:81] could not read mach_header, module , address 0x1ac863000
[0730/163325.289127:WARNING:third_party/crashpad/crashpad/util/process/process_memory_mac.cc:94] mach_vm_read(0x29d5f4000, 0x4000): (ipc/send) invalid destination port (0x10000003)
[0730/163325.289133:WARNING:third_party/crashpad/crashpad/snapshot/mac/process_reader_mac.cc:483] could not read dyld_image_info::imageFilePath
[0730/163325.289140:WARNING:third_party/crashpad/crashpad/util/process/process_memory_mac.cc:94] mach_vm_read(0x1a77a8000, 0x4000): (ipc/send) invalid destination port (0x10000003)
[0730/163325.289146:WARNING:third_party/crashpad/crashpad/snapshot/mac/mach_o_image_reader.cc:81] could not read mach_header, module , address 0x1a77a9000
[0730/163325.289152:WARNING:third_party/crashpad/crashpad/util/process/process_memory_mac.cc:94] mach_vm_read(0x29d604000, 0x4000): (ipc/send) invalid destination port (0x10000003)
[0730/163325.289158:WARNING:third_party/crashpad/crashpad/snapshot/mac/process_reader_mac.cc:483] could not read dyld_image_info::imageFilePath
[0730/163325.289171:WARNING:third_party/crashpad/crashpad/util/process/process_memory_mac.cc:94] mach_vm_read(0x1ac864000, 0x4000): (ipc/send) invalid destination port (0x10000003)
[0730/163325.289177:WARNING:third_party/crashpad/crashpad/snapshot/mac/mach_o_image_reader.cc:81] could not read mach_header, module , address 0x1ac867000
[0730/163325.289183:WARNING:third_party/crashpad/crashpad/util/process/process_memory_mac.cc:94] mach_vm_read(0x29d600000, 0x8000): (ipc/send) invalid destination port (0x10000003)
[0730/163325.289190:WARNING:third_party/crashpad/crashpad/util/process/process_memory_mac.cc:94] mach_vm_read(0x29d600000, 0x4000): (ipc/send) invalid destination port (0x10000003)
[0730/163325.289196:WARNING:third_party/crashpad/crashpad/snapshot/mac/process_reader_mac.cc:483] could not read dyld_image_info::imageFilePath
[0730/163325.289917:WARNING:third_party/crashpad/crashpad/util/process/process_memory_mac.cc:94] mach_vm_read(0x1ac840000, 0x4000): (ipc/send) invalid destination port (0x10000003)
[0730/163325.289931:WARNING:third_party/crashpad/crashpad/snapshot/mac/mach_o_image_reader.cc:81] could not read mach_header, module , address 0x1ac843000
[0730/163325.289939:WARNING:third_party/crashpad/crashpad/util/process/process_memory_mac.cc:94] mach_vm_read(0x29d604000, 0x4000): (ipc/send) invalid destination port (0x10000003)
[0730/163325.289946:WARNING:third_party/crashpad/crashpad/snapshot/mac/process_reader_mac.cc:483] could not read dyld_image_info::imageFilePath
[0730/163325.289953:WARNING:third_party/crashpad/crashpad/util/process/process_memory_mac.cc:94] mach_vm_read(0x1ac860000, 0x4000): (ipc/send) invalid destination port (0x10000003)
[0730/163325.289959:WARNING:third_party/crashpad/crashpad/snapshot/mac/mach_o_image_reader.cc:81] could not read mach_header, module , address 0x1ac862000
[0730/163325.289966:WARNING:third_party/crashpad/crashpad/util/process/process_memory_mac.cc:94] mach_vm_read(0x29d600000, 0x8000): (ipc/send) invalid destination port (0x10000003)
[0730/163325.289972:WARNING:third_party/crashpad/crashpad/util/process/process_memory_mac.cc:94] mach_vm_read(0x29d600000, 0x4000): (ipc/send) invalid destination port (0x10000003)
[0730/163325.291784:WARNING:third_party/crashpad/crashpad/snapshot/mac/process_reader_mac.cc:483] could not read dyld_image_info::imageFilePath
[0730/163325.304125:WARNING:third_party/crashpad/crashpad/util/process/process_memory_mac.cc:94] mach_vm_read(0x1ac85c000, 0x4000): (ipc/send) invalid destination port (0x10000003)
[0730/163325.304148:WARNING:third_party/crashpad/crashpad/snapshot/mac/mach_o_image_reader.cc:81] could not read mach_header, module , address 0x1ac85f000
[0730/163325.304158:WARNING:third_party/crashpad/crashpad/util/process/process_memory_mac.cc:94] mach_vm_read(0x29d6c0000, 0x4000): (ipc/send) invalid destination port (0x10000003)
[0730/163325.304167:WARNING:third_party/crashpad/crashpad/snapshot/mac/process_reader_mac.cc:483] could not read dyld_image_info::imageFilePath
[0730/163325.304174:WARNING:third_party/crashpad/crashpad/util/process/process_memory_mac.cc:94] mach_vm_read(0x1f41d0000, 0x4000): (ipc/send) invalid destination port (0x10000003)
[0730/163325.318482:WARNING:third_party/crashpad/crashpad/snapshot/mac/mach_o_image_reader.cc:81] could not read mach_header, module , address 0x1f41d1000
[0730/163325.318505:WARNING:third_party/crashpad/crashpad/util/process/process_memory_mac.cc:94] mach_vm_read(0x29d66c000, 0x8000): (ipc/send) invalid destination port (0x10000003)
[0730/163325.319749:WARNING:third_party/crashpad/crashpad/util/process/process_memory_mac.cc:94] mach_vm_read(0x29d66c000, 0x4000): (ipc/send) invalid destination port (0x10000003)
[0730/163325.320128:WARNING:third_party/crashpad/crashpad/snapshot/mac/process_reader_mac.cc:483] could not read dyld_image_info::imageFilePath
[0730/163325.320162:WARNING:third_party/crashpad/crashpad/util/process/process_memory_mac.cc:94] mach_vm_read(0x1da82c000, 0x4000): (ipc/send) invalid destination port (0x10000003)
[0730/163325.320176:WARNING:third_party/crashpad/crashpad/snapshot/mac/mach_o_image_reader.cc:81] could not read mach_header, module , address 0x1da82c000
[0730/163325.320186:WARNING:third_party/crashpad/crashpad/util/process/process_memory_mac.cc:94] mach_vm_read(0x29d5c4000, 0x4000): (ipc/send) invalid destination port (0x10000003)
[0730/163325.320194:WARNING:third_party/crashpad/crashpad/snapshot/mac/process_reader_mac.cc:483] could not read dyld_image_info::imageFilePath
[0730/163325.320201:WARNING:third_party/crashpad/crashpad/util/process/process_memory_mac.cc:94] mach_vm_read(0x1973c8000, 0x4000): (ipc/send) invalid destination port (0x10000003)
[0730/163325.320208:WARNING:third_party/crashpad/crashpad/snapshot/mac/mach_o_image_reader.cc:81] could not read mach_header, module , address 0x1973ca000
[0730/163325.320216:WARNING:third_party/crashpad/crashpad/util/process/process_memory_mac.cc:94] mach_vm_read(0x29d600000, 0x4000): (ipc/send) invalid destination port (0x10000003)
[0730/163325.320223:WARNING:third_party/crashpad/crashpad/snapshot/mac/process_reader_mac.cc:483] could not read dyld_image_info::imageFilePath
[0730/163325.320229:WARNING:third_party/crashpad/crashpad/util/process/process_memory_mac.cc:94] mach_vm_read(0x1aa56c000, 0x4000): (ipc/send) invalid destination port (0x10000003)
[0730/163325.320235:WARNING:third_party/crashpad/crashpad/snapshot/mac/mach_o_image_reader.cc:81] could not read mach_header, module , address 0x1aa56f000
[0730/163325.320242:WARNING:third_party/crashpad/crashpad/util/process/process_memory_mac.cc:94] mach_vm_read(0x29d77c000, 0x4000): (ipc/send) invalid destination port (0x10000003)
[0730/163325.320248:WARNING:third_party/crashpad/crashpad/snapshot/mac/process_reader_mac.cc:483] could not read dyld_image_info::imageFilePath
[0730/163325.320254:WARNING:third_party/crashpad/crashpad/util/process/process_memory_mac.cc:94] mach_vm_read(0x266230000, 0x4000): (ipc/send) invalid destination port (0x10000003)
[0730/163325.320260:WARNING:third_party/crashpad/crashpad/snapshot/mac/mach_o_image_reader.cc:81] could not read mach_header, module , address 0x266231000
[0730/163325.320267:WARNING:third_party/crashpad/crashpad/util/process/process_memory_mac.cc:94] mach_vm_read(0x29d5e8000, 0x4000): (ipc/send) invalid destination port (0x10000003)
[0730/163325.320283:WARNING:third_party/crashpad/crashpad/snapshot/mac/process_reader_mac.cc:483] could not read dyld_image_info::imageFilePath
[0730/163325.320291:WARNING:third_party/crashpad/crashpad/util/process/process_memory_mac.cc:94] mach_vm_read(0x1a3cc0000, 0x4000): (ipc/send) invalid destination port (0x10000003)
[0730/163325.320297:WARNING:third_party/crashpad/crashpad/snapshot/mac/mach_o_image_reader.cc:81] could not read mach_header, module , address 0x1a3cc2000
[0730/163325.320304:WARNING:third_party/crashpad/crashpad/util/process/process_memory_mac.cc:94] mach_vm_read(0x29d6d8000, 0x4000): (ipc/send) invalid destination port (0x10000003)
[0730/163325.320310:WARNING:third_party/crashpad/crashpad/snapshot/mac/process_reader_mac.cc:483] could not read dyld_image_info::imageFilePath
[0730/163325.320317:WARNING:third_party/crashpad/crashpad/util/process/process_memory_mac.cc:94] mach_vm_read(0x237c24000, 0x4000): (ipc/send) invalid destination port (0x10000003)
[0730/163325.320323:WARNING:third_party/crashpad/crashpad/snapshot/mac/mach_o_image_reader.cc:81] could not read mach_header, module , address 0x237c27000
[0730/163325.320329:WARNING:third_party/crashpad/crashpad/util/process/process_memory_mac.cc:94] mach_vm_read(0x29d77c000, 0x4000): (ipc/send) invalid destination port (0x10000003)
[0730/163325.320335:WARNING:third_party/crashpad/crashpad/snapshot/mac/process_reader_mac.cc:483] could not read dyld_image_info::imageFilePath
[0730/163325.320341:WARNING:third_party/crashpad/crashpad/util/process/process_memory_mac.cc:94] mach_vm_read(0x265fac000, 0x4000): (ipc/send) invalid destination port (0x10000003)
[0730/163325.320347:WARNING:third_party/crashpad/crashpad/snapshot/mac/mach_o_image_reader.cc:81] could not read mach_header, module , address 0x265fac000
[0730/163325.320353:WARNING:third_party/crashpad/crashpad/util/process/process_memory_mac.cc:94] mach_vm_read(0x29d5d8000, 0x4000): (ipc/send) invalid destination port (0x10000003)
[0730/163325.320359:WARNING:third_party/crashpad/crashpad/snapshot/mac/process_reader_mac.cc:483] could not read dyld_image_info::imageFilePath
[0730/163325.320366:WARNING:third_party/crashpad/crashpad/util/process/process_memory_mac.cc:94] mach_vm_read(0x19dc54000, 0x4000): (ipc/send) invalid destination port (0x10000003)
[0730/163325.320372:WARNING:third_party/crashpad/crashpad/snapshot/mac/mach_o_image_reader.cc:81] could not read mach_header, module , address 0x19dc56000
[0730/163325.320378:WARNING:third_party/crashpad/crashpad/util/process/process_memory_mac.cc:94] mach_vm_read(0x29d5e4000, 0x4000): (ipc/send) invalid destination port (0x10000003)
[0730/163325.320384:WARNING:third_party/crashpad/crashpad/snapshot/mac/process_reader_mac.cc:483] could not read dyld_image_info::imageFilePath
[0730/163325.320390:WARNING:third_party/crashpad/crashpad/util/process/process_memory_mac.cc:94] mach_vm_read(0x1a354c000, 0x4000): (ipc/send) invalid destination port (0x10000003)
[0730/163325.320397:WARNING:third_party/crashpad/crashpad/snapshot/mac/mach_o_image_reader.cc:81] could not read mach_header, module , address 0x1a354d000
[0730/163325.320410:WARNING:third_party/crashpad/crashpad/util/process/process_memory_mac.cc:94] mach_vm_read(0x29d5cc000, 0x4000): (ipc/send) invalid destination port (0x10000003)
[0730/163325.320416:WARNING:third_party/crashpad/crashpad/snapshot/mac/process_reader_mac.cc:483] could not read dyld_image_info::imageFilePath
[0730/163325.320422:WARNING:third_party/crashpad/crashpad/util/process/process_memory_mac.cc:94] mach_vm_read(0x19b318000, 0x4000): (ipc/send) invalid destination port (0x10000003)
[0730/163325.320428:WARNING:third_party/crashpad/crashpad/snapshot/mac/mach_o_image_reader.cc:81] could not read mach_header, module , address 0x19b318000
[0730/163325.320439:WARNING:third_party/crashpad/crashpad/util/process/process_memory_mac.cc:94] mach_vm_read(0x29d5f4000, 0x4000): (ipc/send) invalid destination port (0x10000003)
[0730/163325.320445:WARNING:third_party/crashpad/crashpad/snapshot/mac/process_reader_mac.cc:483] could not read dyld_image_info::imageFilePath
[0730/163325.320452:WARNING:third_party/crashpad/crashpad/util/process/process_memory_mac.cc:94] mach_vm_read(0x1a7840000, 0x4000): (ipc/send) invalid destination port (0x10000003)
[0730/163325.320458:WARNING:third_party/crashpad/crashpad/snapshot/mac/mach_o_image_reader.cc:81] could not read mach_header, module , address 0x1a7840000
[0730/163325.320463:WARNING:third_party/crashpad/crashpad/util/process/process_memory_mac.cc:94] mach_vm_read(0x29d5d8000, 0x4000): (ipc/send) invalid destination port (0x10000003)
[0730/163325.320469:WARNING:third_party/crashpad/crashpad/snapshot/mac/process_reader_mac.cc:483] could not read dyld_image_info::imageFilePath
[0730/163325.320476:WARNING:third_party/crashpad/crashpad/util/process/process_memory_mac.cc:94] mach_vm_read(0x19de44000, 0x4000): (ipc/send) invalid destination port (0x10000003)
[0730/163325.320482:WARNING:third_party/crashpad/crashpad/snapshot/mac/mach_o_image_reader.cc:81] could not read mach_header, module , address 0x19de46000
[0730/163325.320488:WARNING:third_party/crashpad/crashpad/util/process/process_memory_mac.cc:94] mach_vm_read(0x29d624000, 0x4000): (ipc/send) invalid destination port (0x10000003)
[0730/163325.320495:WARNING:third_party/crashpad/crashpad/snapshot/mac/process_reader_mac.cc:483] could not read dyld_image_info::imageFilePath
[0730/163325.320501:WARNING:third_party/crashpad/crashpad/util/process/process_memory_mac.cc:94] mach_vm_read(0x1bb95c000, 0x4000): (ipc/send) invalid destination port (0x10000003)
[0730/163325.320507:WARNING:third_party/crashpad/crashpad/snapshot/mac/mach_o_image_reader.cc:81] could not read mach_header, module , address 0x1bb95f000
[0730/163325.320513:WARNING:third_party/crashpad/crashpad/util/process/process_memory_mac.cc:94] mach_vm_read(0x29d5fc000, 0x8000): (ipc/send) invalid destination port (0x10000003)
[0730/163325.320519:WARNING:third_party/crashpad/crashpad/util/process/process_memory_mac.cc:94] mach_vm_read(0x29d5fc000, 0x4000): (ipc/send) invalid destination port (0x10000003)
[0730/163325.320525:WARNING:third_party/crashpad/crashpad/snapshot/mac/process_reader_mac.cc:483] could not read dyld_image_info::imageFilePath
[0730/163325.320535:WARNING:third_party/crashpad/crashpad/util/process/process_memory_mac.cc:94] mach_vm_read(0x1aa524000, 0x4000): (ipc/send) invalid destination port (0x10000003)
[0730/163325.320541:WARNING:third_party/crashpad/crashpad/snapshot/mac/mach_o_image_reader.cc:81] could not read mach_header, module , address 0x1aa527000
[0730/163325.320547:WARNING:third_party/crashpad/crashpad/util/process/process_memory_mac.cc:94] mach_vm_read(0x29d61c000, 0x4000): (ipc/send) invalid destination port (0x10000003)
[0730/163325.320553:WARNING:third_party/crashpad/crashpad/snapshot/mac/process_reader_mac.cc:483] could not read dyld_image_info::imageFilePath
[0730/163325.320559:WARNING:third_party/crashpad/crashpad/util/process/process_memory_mac.cc:94] mach_vm_read(0x1b8cbc000, 0x4000): (ipc/send) invalid destination port (0x10000003)
[0730/163325.320565:WARNING:third_party/crashpad/crashpad/snapshot/mac/mach_o_image_reader.cc:81] could not read mach_header, module , address 0x1b8cbf000
[0730/163325.320571:WARNING:third_party/crashpad/crashpad/util/process/process_memory_mac.cc:94] mach_vm_read(0x29d61c000, 0x4000): (ipc/send) invalid destination port (0x10000003)
[0730/163325.320577:WARNING:third_party/crashpad/crashpad/snapshot/mac/process_reader_mac.cc:483] could not read dyld_image_info::imageFilePath
[0730/163325.320650:WARNING:third_party/crashpad/crashpad/util/process/process_memory_mac.cc:94] mach_vm_read(0x1b91a8000, 0x4000): (ipc/send) invalid destination port (0x10000003)
[0730/163325.320661:WARNING:third_party/crashpad/crashpad/snapshot/mac/mach_o_image_reader.cc:81] could not read mach_header, module , address 0x1b91ab000
[0730/163325.320667:WARNING:third_party/crashpad/crashpad/util/process/process_memory_mac.cc:94] mach_vm_read(0x29d618000, 0x8000): (ipc/send) invalid destination port (0x10000003)
[0730/163325.320674:WARNING:third_party/crashpad/crashpad/util/process/process_memory_mac.cc:94] mach_vm_read(0x29d618000, 0x4000): (ipc/send) invalid destination port (0x10000003)
[0730/163325.320680:WARNING:third_party/crashpad/crashpad/snapshot/mac/process_reader_mac.cc:483] could not read dyld_image_info::imageFilePath
[0730/163325.320687:WARNING:third_party/crashpad/crashpad/util/process/process_memory_mac.cc:94] mach_vm_read(0x1b7ff8000, 0x4000): (ipc/send) invalid destination port (0x10000003)
[0730/163325.320693:WARNING:third_party/crashpad/crashpad/snapshot/mac/mach_o_image_reader.cc:81] could not read mach_header, module , address 0x1b7ffa000
[0730/163325.320699:WARNING:third_party/crashpad/crashpad/util/process/process_memory_mac.cc:94] mach_vm_read(0x29d618000, 0x4000): (ipc/send) invalid destination port (0x10000003)
[0730/163325.320705:WARNING:third_party/crashpad/crashpad/snapshot/mac/process_reader_mac.cc:483] could not read dyld_image_info::imageFilePath
[0730/163325.320711:WARNING:third_party/crashpad/crashpad/util/process/process_memory_mac.cc:94] mach_vm_read(0x1b70e0000, 0x4000): (ipc/send) invalid destination port (0x10000003)
[0730/163325.320717:WARNING:third_party/crashpad/crashpad/snapshot/mac/mach_o_image_reader.cc:81] could not read mach_header, module , address 0x1b70e0000
[0730/163325.335109:WARNING:third_party/crashpad/crashpad/util/process/process_memory_mac.cc:94] mach_vm_read(0x29d6bc000, 0x8000): (ipc/send) invalid destination port (0x10000003)
[0730/163325.336634:WARNING:third_party/crashpad/crashpad/util/process/process_memory_mac.cc:94] mach_vm_read(0x29d6bc000, 0x4000): (ipc/send) invalid destination port (0x10000003)
[0730/163325.336648:WARNING:third_party/crashpad/crashpad/snapshot/mac/process_reader_mac.cc:483] could not read dyld_image_info::imageFilePath
[0730/163325.336658:WARNING:third_party/crashpad/crashpad/util/process/process_memory_mac.cc:94] mach_vm_read(0x1f37f0000, 0x4000): (ipc/send) invalid destination port (0x10000003)
[0730/163325.336666:WARNING:third_party/crashpad/crashpad/snapshot/mac/mach_o_image_reader.cc:81] could not read mach_header, module , address 0x1f37f1000
[0730/163325.336674:WARNING:third_party/crashpad/crashpad/util/process/process_memory_mac.cc:94] mach_vm_read(0x29d604000, 0x4000): (ipc/send) invalid destination port (0x10000003)
[0730/163325.336681:WARNING:third_party/crashpad/crashpad/snapshot/mac/process_reader_mac.cc:483] could not read dyld_image_info::imageFilePath
[0730/163325.336688:WARNING:third_party/crashpad/crashpad/util/process/process_memory_mac.cc:94] mach_vm_read(0x1ac868000, 0x4000): (ipc/send) invalid destination port (0x10000003)
[0730/163325.336694:WARNING:third_party/crashpad/crashpad/snapshot/mac/mach_o_image_reader.cc:81] could not read mach_header, module , address 0x1ac86a000
[0730/163325.336701:WARNING:third_party/crashpad/crashpad/util/process/process_memory_mac.cc:94] mach_vm_read(0x29d6ac000, 0x4000): (ipc/send) invalid destination port (0x10000003)
[0730/163325.336708:WARNING:third_party/crashpad/crashpad/snapshot/mac/process_reader_mac.cc:483] could not read dyld_image_info::imageFilePath
[0730/163325.336715:WARNING:third_party/crashpad/crashpad/util/process/process_memory_mac.cc:94] mach_vm_read(0x1ee544000, 0x4000): (ipc/send) invalid destination port (0x10000003)
[0730/163325.336722:WARNING:third_party/crashpad/crashpad/snapshot/mac/mach_o_image_reader.cc:81] could not read mach_header, module , address 0x1ee546000
[0730/163325.336728:WARNING:third_party/crashpad/crashpad/util/process/process_memory_mac.cc:94] mach_vm_read(0x29d6b0000, 0x8000): (ipc/send) invalid destination port (0x10000003)
[0730/163325.336734:WARNING:third_party/crashpad/crashpad/util/process/process_memory_mac.cc:94] mach_vm_read(0x29d6b0000, 0x4000): (ipc/send) invalid destination port (0x10000003)
[0730/163325.336740:WARNING:third_party/crashpad/crashpad/snapshot/mac/process_reader_mac.cc:483] could not read dyld_image_info::imageFilePath
[0730/163325.336746:WARNING:third_party/crashpad/crashpad/util/process/process_memory_mac.cc:94] mach_vm_read(0x1ef288000, 0x4000): (ipc/send) invalid destination port (0x10000003)
[0730/163325.336753:WARNING:third_party/crashpad/crashpad/snapshot/mac/mach_o_image_reader.cc:81] could not read mach_header, module , address 0x1ef289000
[0730/163325.336760:WARNING:third_party/crashpad/crashpad/util/process/process_memory_mac.cc:94] mach_vm_read(0x29d610000, 0x4000): (ipc/send) invalid destination port (0x10000003)
[0730/163325.336784:WARNING:third_party/crashpad/crashpad/snapshot/mac/process_reader_mac.cc:483] could not read dyld_image_info::imageFilePath
[0730/163325.336792:WARNING:third_party/crashpad/crashpad/util/process/process_memory_mac.cc:94] mach_vm_read(0x1b582c000, 0x4000): (ipc/send) invalid destination port (0x10000003)
[0730/163325.336799:WARNING:third_party/crashpad/crashpad/snapshot/mac/mach_o_image_reader.cc:81] could not read mach_header, module , address 0x1b582c000
[0730/163325.336805:WARNING:third_party/crashpad/crashpad/util/process/process_memory_mac.cc:94] mach_vm_read(0x29d5e4000, 0x4000): (ipc/send) invalid destination port (0x10000003)
[0730/163325.336811:WARNING:third_party/crashpad/crashpad/snapshot/mac/process_reader_mac.cc:483] could not read dyld_image_info::imageFilePath
[0730/163325.336817:WARNING:third_party/crashpad/crashpad/util/process/process_memory_mac.cc:94] mach_vm_read(0x1a1750000, 0x4000): (ipc/send) invalid destination port (0x10000003)
[0730/163325.336823:WARNING:third_party/crashpad/crashpad/snapshot/mac/mach_o_image_reader.cc:81] could not read mach_header, module , address 0x1a1751000
[0730/163325.336829:WARNING:third_party/crashpad/crashpad/util/process/process_memory_mac.cc:94] mach_vm_read(0x29d600000, 0x4000): (ipc/send) invalid destination port (0x10000003)
[0730/163325.336835:WARNING:third_party/crashpad/crashpad/snapshot/mac/process_reader_mac.cc:483] could not read dyld_image_info::imageFilePath
[0730/163325.336841:WARNING:third_party/crashpad/crashpad/util/process/process_memory_mac.cc:94] mach_vm_read(0x1ab864000, 0x4000): (ipc/send) invalid destination port (0x10000003)
[0730/163325.336848:WARNING:third_party/crashpad/crashpad/snapshot/mac/mach_o_image_reader.cc:81] could not read mach_header, module , address 0x1ab866000
[0730/163325.336854:WARNING:third_party/crashpad/crashpad/util/process/process_memory_mac.cc:94] mach_vm_read(0x29d618000, 0x8000): (ipc/send) invalid destination port (0x10000003)
[0730/163325.336860:WARNING:third_party/crashpad/crashpad/util/process/process_memory_mac.cc:94] mach_vm_read(0x29d618000, 0x4000): (ipc/send) invalid destination port (0x10000003)
[0730/163325.336866:WARNING:third_party/crashpad/crashpad/snapshot/mac/process_reader_mac.cc:483] could not read dyld_image_info::imageFilePath
[0730/163325.336872:WARNING:third_party/crashpad/crashpad/util/process/process_memory_mac.cc:94] mach_vm_read(0x1b7f68000, 0x4000): (ipc/send) invalid destination port (0x10000003)
[0730/163325.336878:WARNING:third_party/crashpad/crashpad/snapshot/mac/mach_o_image_reader.cc:81] could not read mach_header, module , address 0x1b7f6a000
[0730/163325.336884:WARNING:third_party/crashpad/crashpad/util/process/process_memory_mac.cc:94] mach_vm_read(0x29d5e4000, 0x4000): (ipc/send) invalid destination port (0x10000003)
[0730/163325.336890:WARNING:third_party/crashpad/crashpad/snapshot/mac/process_reader_mac.cc:483] could not read dyld_image_info::imageFilePath
[0730/163325.336896:WARNING:third_party/crashpad/crashpad/util/process/process_memory_mac.cc:94] mach_vm_read(0x1a17b8000, 0x4000): (ipc/send) invalid destination port (0x10000003)
[0730/163325.336908:WARNING:third_party/crashpad/crashpad/snapshot/mac/mach_o_image_reader.cc:81] could not read mach_header, module , address 0x1a17ba000
[0730/163325.336915:WARNING:third_party/crashpad/crashpad/util/process/process_memory_mac.cc:94] mach_vm_read(0x29d790000, 0x8000): (ipc/send) invalid destination port (0x10000003)
[0730/163325.336921:WARNING:third_party/crashpad/crashpad/util/process/process_memory_mac.cc:94] mach_vm_read(0x29d790000, 0x4000): (ipc/send) invalid destination port (0x10000003)
[0730/163325.336927:WARNING:third_party/crashpad/crashpad/snapshot/mac/process_reader_mac.cc:483] could not read dyld_image_info::imageFilePath
[0730/163325.336934:WARNING:third_party/crashpad/crashpad/util/process/process_memory_mac.cc:94] mach_vm_read(0x26cd20000, 0x4000): (ipc/send) invalid destination port (0x10000003)
[0730/163325.336942:WARNING:third_party/crashpad/crashpad/snapshot/mac/mach_o_image_reader.cc:81] could not read mach_header, module , address 0x26cd23000
[0730/163325.336948:WARNING:third_party/crashpad/crashpad/util/process/process_memory_mac.cc:94] mach_vm_read(0x29d60c000, 0x4000): (ipc/send) invalid destination port (0x10000003)
[0730/163325.336953:WARNING:third_party/crashpad/crashpad/snapshot/mac/process_reader_mac.cc:483] could not read dyld_image_info::imageFilePath
[0730/163325.336960:WARNING:third_party/crashpad/crashpad/util/process/process_memory_mac.cc:94] mach_vm_read(0x1b3c6c000, 0x4000): (ipc/send) invalid destination port (0x10000003)
[0730/163325.336966:WARNING:third_party/crashpad/crashpad/snapshot/mac/mach_o_image_reader.cc:81] could not read mach_header, module , address 0x1b3c6f000
[0730/163325.336972:WARNING:third_party/crashpad/crashpad/util/process/process_memory_mac.cc:94] mach_vm_read(0x29d5e8000, 0x4000): (ipc/send) invalid destination port (0x10000003)
[0730/163325.336978:WARNING:third_party/crashpad/crashpad/snapshot/mac/process_reader_mac.cc:483] could not read dyld_image_info::imageFilePath
[0730/163325.336984:WARNING:third_party/crashpad/crashpad/util/process/process_memory_mac.cc:94] mach_vm_read(0x1a398c000, 0x4000): (ipc/send) invalid destination port (0x10000003)
[0730/163325.336990:WARNING:third_party/crashpad/crashpad/snapshot/mac/mach_o_image_reader.cc:81] could not read mach_header, module , address 0x1a398d000
[0730/163325.336995:WARNING:third_party/crashpad/crashpad/util/process/process_memory_mac.cc:94] mach_vm_read(0x29d5cc000, 0x8000): (ipc/send) invalid destination port (0x10000003)
[0730/163325.337002:WARNING:third_party/crashpad/crashpad/util/process/process_memory_mac.cc:94] mach_vm_read(0x29d5cc000, 0x4000): (ipc/send) invalid destination port (0x10000003)
[0730/163325.337007:WARNING:third_party/crashpad/crashpad/snapshot/mac/process_reader_mac.cc:483] could not read dyld_image_info::imageFilePath
[0730/163325.337013:WARNING:third_party/crashpad/crashpad/util/process/process_memory_mac.cc:94] mach_vm_read(0x19bd64000, 0x4000): (ipc/send) invalid destination port (0x10000003)
[0730/163325.337019:WARNING:third_party/crashpad/crashpad/snapshot/mac/mach_o_image_reader.cc:81] could not read mach_header, module , address 0x19bd66000
[0730/163325.337029:WARNING:third_party/crashpad/crashpad/util/process/process_memory_mac.cc:94] mach_vm_read(0x29d72c000, 0x4000): (ipc/send) invalid destination port (0x10000003)
[0730/163325.337035:WARNING:third_party/crashpad/crashpad/snapshot/mac/process_reader_mac.cc:483] could not read dyld_image_info::imageFilePath
[0730/163325.337041:WARNING:third_party/crashpad/crashpad/util/process/process_memory_mac.cc:94] mach_vm_read(0x2525ac000, 0x4000): (ipc/send) invalid destination port (0x10000003)
[0730/163325.337047:WARNING:third_party/crashpad/crashpad/snapshot/mac/mach_o_image_reader.cc:81] could not read mach_header, module , address 0x2525af000
[0730/163325.337053:WARNING:third_party/crashpad/crashpad/util/process/process_memory_mac.cc:94] mach_vm_read(0x29d620000, 0x4000): (ipc/send) invalid destination port (0x10000003)
[0730/163325.337058:WARNING:third_party/crashpad/crashpad/snapshot/mac/process_reader_mac.cc:483] could not read dyld_image_info::imageFilePath
[0730/163325.337065:WARNING:third_party/crashpad/crashpad/util/process/process_memory_mac.cc:94] mach_vm_read(0x1ba868000, 0x4000): (ipc/send) invalid destination port (0x10000003)
[0730/163325.337076:WARNING:third_party/crashpad/crashpad/snapshot/mac/mach_o_image_reader.cc:81] could not read mach_header, module , address 0x1ba86b000
[0730/163325.337082:WARNING:third_party/crashpad/crashpad/util/process/process_memory_mac.cc:94] mach_vm_read(0x29d618000, 0x4000): (ipc/send) invalid destination port (0x10000003)
[0730/163325.337089:WARNING:third_party/crashpad/crashpad/snapshot/mac/process_reader_mac.cc:483] could not read dyld_image_info::imageFilePath
[0730/163325.337096:WARNING:third_party/crashpad/crashpad/util/process/process_memory_mac.cc:94] mach_vm_read(0x1b7bb0000, 0x4000): (ipc/send) invalid destination port (0x10000003)
[0730/163325.337102:WARNING:third_party/crashpad/crashpad/snapshot/mac/mach_o_image_reader.cc:81] could not read mach_header, module , address 0x1b7bb3000
[0730/163325.337108:WARNING:third_party/crashpad/crashpad/util/process/process_memory_mac.cc:94] mach_vm_read(0x29d64c000, 0x4000): (ipc/send) invalid destination port (0x10000003)
[0730/163325.337114:WARNING:third_party/crashpad/crashpad/snapshot/mac/process_reader_mac.cc:483] could not read dyld_image_info::imageFilePath
[0730/163325.337121:WARNING:third_party/crashpad/crashpad/util/process/process_memory_mac.cc:94] mach_vm_read(0x1cb390000, 0x4000): (ipc/send) invalid destination port (0x10000003)
[0730/163325.337126:WARNING:third_party/crashpad/crashpad/snapshot/mac/mach_o_image_reader.cc:81] could not read mach_header, module , address 0x1cb391000
[0730/163325.337132:WARNING:third_party/crashpad/crashpad/util/process/process_memory_mac.cc:94] mach_vm_read(0x29d778000, 0x8000): (ipc/send) invalid destination port (0x10000003)
[0730/163325.337139:WARNING:third_party/crashpad/crashpad/util/process/process_memory_mac.cc:94] mach_vm_read(0x29d778000, 0x4000): (ipc/send) invalid destination port (0x10000003)
[0730/163325.337145:WARNING:third_party/crashpad/crashpad/snapshot/mac/process_reader_mac.cc:483] could not read dyld_image_info::imageFilePath
[0730/163325.357364:WARNING:third_party/crashpad/crashpad/util/process/process_memory_mac.cc:94] mach_vm_read(0x265884000, 0x4000): (ipc/send) invalid destination port (0x10000003)
[0730/163325.357403:WARNING:third_party/crashpad/crashpad/snapshot/mac/mach_o_image_reader.cc:81] could not read mach_header, module , address 0x265884000
[0730/163325.357415:WARNING:third_party/crashpad/crashpad/util/process/process_memory_mac.cc:94] mach_vm_read(0x29d63c000, 0x4000): (ipc/send) invalid destination port (0x10000003)
[0730/163325.357424:WARNING:third_party/crashpad/crashpad/snapshot/mac/process_reader_mac.cc:483] could not read dyld_image_info::imageFilePath
[0730/163325.357432:WARNING:third_party/crashpad/crashpad/util/process/process_memory_mac.cc:94] mach_vm_read(0x1c7960000, 0x4000): (ipc/send) invalid destination port (0x10000003)
[0730/163325.357439:WARNING:third_party/crashpad/crashpad/snapshot/mac/mach_o_image_reader.cc:81] could not read mach_header, module , address 0x1c7960000
[0730/163325.357446:WARNING:third_party/crashpad/crashpad/util/process/process_memory_mac.cc:94] mach_vm_read(0x29d654000, 0x8000): (ipc/send) invalid destination port (0x10000003)
[0730/163325.357453:WARNING:third_party/crashpad/crashpad/util/process/process_memory_mac.cc:94] mach_vm_read(0x29d654000, 0x4000): (ipc/send) invalid destination port (0x10000003)
[0730/163325.357459:WARNING:third_party/crashpad/crashpad/snapshot/mac/process_reader_mac.cc:483] could not read dyld_image_info::imageFilePath
[0730/163325.357465:WARNING:third_party/crashpad/crashpad/util/process/process_memory_mac.cc:94] mach_vm_read(0x1d0980000, 0x4000): (ipc/send) invalid destination port (0x10000003)
[0730/163325.357472:WARNING:third_party/crashpad/crashpad/snapshot/mac/mach_o_image_reader.cc:81] could not read mach_header, module , address 0x1d0982000
[0730/163325.357478:WARNING:third_party/crashpad/crashpad/util/process/process_memory_mac.cc:94] mach_vm_read(0x29d5e8000, 0x8000): (ipc/send) invalid destination port (0x10000003)
[0730/163325.357484:WARNING:third_party/crashpad/crashpad/util/process/process_memory_mac.cc:94] mach_vm_read(0x29d5e8000, 0x4000): (ipc/send) invalid destination port (0x10000003)
[0730/163325.357511:WARNING:third_party/crashpad/crashpad/snapshot/mac/process_reader_mac.cc:483] could not read dyld_image_info::imageFilePath
[0730/163325.357518:WARNING:third_party/crashpad/crashpad/util/process/process_memory_mac.cc:94] mach_vm_read(0x1a4568000, 0x4000): (ipc/send) invalid destination port (0x10000003)
[0730/163325.357525:WARNING:third_party/crashpad/crashpad/snapshot/mac/mach_o_image_reader.cc:81] could not read mach_header, module , address 0x1a4568000
[0730/163325.357531:WARNING:third_party/crashpad/crashpad/util/process/process_memory_mac.cc:94] mach_vm_read(0x29d650000, 0x4000): (ipc/send) invalid destination port (0x10000003)
[0730/163325.357537:WARNING:third_party/crashpad/crashpad/snapshot/mac/process_reader_mac.cc:483] could not read dyld_image_info::imageFilePath
[0730/163325.357544:WARNING:third_party/crashpad/crashpad/util/process/process_memory_mac.cc:94] mach_vm_read(0x1cd118000, 0x4000): (ipc/send) invalid destination port (0x10000003)
[0730/163325.357566:WARNING:third_party/crashpad/crashpad/snapshot/mac/mach_o_image_reader.cc:81] could not read mach_header, module , address 0x1cd119000
[0730/163325.357574:WARNING:third_party/crashpad/crashpad/util/process/process_memory_mac.cc:94] mach_vm_read(0x29d5ec000, 0x4000): (ipc/send) invalid destination port (0x10000003)
[0730/163325.357581:WARNING:third_party/crashpad/crashpad/snapshot/mac/process_reader_mac.cc:483] could not read dyld_image_info::imageFilePath
[0730/163325.357587:WARNING:third_party/crashpad/crashpad/util/process/process_memory_mac.cc:94] mach_vm_read(0x1a4db4000, 0x4000): (ipc/send) invalid destination port (0x10000003)
[0730/163325.357593:WARNING:third_party/crashpad/crashpad/snapshot/mac/mach_o_image_reader.cc:81] could not read mach_header, module , address 0x1a4db4000
[0730/163325.357599:WARNING:third_party/crashpad/crashpad/util/process/process_memory_mac.cc:94] mach_vm_read(0x29d644000, 0x4000): (ipc/send) invalid destination port (0x10000003)
[0730/163325.357605:WARNING:third_party/crashpad/crashpad/snapshot/mac/process_reader_mac.cc:483] could not read dyld_image_info::imageFilePath
[0730/163325.357611:WARNING:third_party/crashpad/crashpad/util/process/process_memory_mac.cc:94] mach_vm_read(0x1c9804000, 0x4000): (ipc/send) invalid destination port (0x10000003)
[0730/163325.357617:WARNING:third_party/crashpad/crashpad/snapshot/mac/mach_o_image_reader.cc:81] could not read mach_header, module , address 0x1c9806000
[0730/163325.357623:WARNING:third_party/crashpad/crashpad/util/process/process_memory_mac.cc:94] mach_vm_read(0x29d600000, 0x4000): (ipc/send) invalid destination port (0x10000003)
[0730/163325.357629:WARNING:third_party/crashpad/crashpad/snapshot/mac/process_reader_mac.cc:483] could not read dyld_image_info::imageFilePath
[0730/163325.357635:WARNING:third_party/crashpad/crashpad/util/process/process_memory_mac.cc:94] mach_vm_read(0x1ab4d0000, 0x4000): (ipc/send) invalid destination port (0x10000003)
[0730/163325.357641:WARNING:third_party/crashpad/crashpad/snapshot/mac/mach_o_image_reader.cc:81] could not read mach_header, module , address 0x1ab4d3000
[0730/163325.357647:WARNING:third_party/crashpad/crashpad/util/process/process_memory_mac.cc:94] mach_vm_read(0x29d740000, 0x8000): (ipc/send) invalid destination port (0x10000003)
[0730/163325.357653:WARNING:third_party/crashpad/crashpad/util/process/process_memory_mac.cc:94] mach_vm_read(0x29d740000, 0x4000): (ipc/send) invalid destination port (0x10000003)
[0730/163325.357659:WARNING:third_party/crashpad/crashpad/snapshot/mac/process_reader_mac.cc:483] could not read dyld_image_info::imageFilePath
[0730/163325.357665:WARNING:third_party/crashpad/crashpad/util/process/process_memory_mac.cc:94] mach_vm_read(0x259088000, 0x4000): (ipc/send) invalid destination port (0x10000003)
[0730/163325.357671:WARNING:third_party/crashpad/crashpad/snapshot/mac/mach_o_image_reader.cc:81] could not read mach_header, module , address 0x259088000
[0730/163325.357677:WARNING:third_party/crashpad/crashpad/util/process/process_memory_mac.cc:94] mach_vm_read(0x29d634000, 0x4000): (ipc/send) invalid destination port (0x10000003)
[0730/163325.357690:WARNING:third_party/crashpad/crashpad/snapshot/mac/process_reader_mac.cc:483] could not read dyld_image_info::imageFilePath
[0730/163325.357697:WARNING:third_party/crashpad/crashpad/util/process/process_memory_mac.cc:94] mach_vm_read(0x1c3560000, 0x4000): (ipc/send) invalid destination port (0x10000003)
[0730/163325.357703:WARNING:third_party/crashpad/crashpad/snapshot/mac/mach_o_image_reader.cc:81] could not read mach_header, module , address 0x1c3560000
[0730/163325.357710:WARNING:third_party/crashpad/crashpad/util/process/process_memory_mac.cc:94] mach_vm_read(0x29d5fc000, 0x4000): (ipc/send) invalid destination port (0x10000003)
[0730/163325.357718:WARNING:third_party/crashpad/crashpad/snapshot/mac/process_reader_mac.cc:483] could not read dyld_image_info::imageFilePath
[0730/163325.357724:WARNING:third_party/crashpad/crashpad/util/process/process_memory_mac.cc:94] mach_vm_read(0x1a9a84000, 0x4000): (ipc/send) invalid destination port (0x10000003)
[0730/163325.357730:WARNING:third_party/crashpad/crashpad/snapshot/mac/mach_o_image_reader.cc:81] could not read mach_header, module , address 0x1a9a87000
[0730/163325.357737:WARNING:third_party/crashpad/crashpad/util/process/process_memory_mac.cc:94] mach_vm_read(0x29d5e8000, 0x4000): (ipc/send) invalid destination port (0x10000003)
[0730/163325.357742:WARNING:third_party/crashpad/crashpad/snapshot/mac/process_reader_mac.cc:483] could not read dyld_image_info::imageFilePath
[0730/163325.357748:WARNING:third_party/crashpad/crashpad/util/process/process_memory_mac.cc:94] mach_vm_read(0x1a3c64000, 0x4000): (ipc/send) invalid destination port (0x10000003)
[0730/163325.357754:WARNING:third_party/crashpad/crashpad/snapshot/mac/mach_o_image_reader.cc:81] could not read mach_header, module , address 0x1a3c67000
[0730/163325.357760:WARNING:third_party/crashpad/crashpad/util/process/process_memory_mac.cc:94] mach_vm_read(0x29d5f0000, 0x4000): (ipc/send) invalid destination port (0x10000003)
[0730/163325.357766:WARNING:third_party/crashpad/crashpad/snapshot/mac/process_reader_mac.cc:483] could not read dyld_image_info::imageFilePath
[0730/163325.357772:WARNING:third_party/crashpad/crashpad/util/process/process_memory_mac.cc:94] mach_vm_read(0x1a598c000, 0x4000): (ipc/send) invalid destination port (0x10000003)
[0730/163325.357778:WARNING:third_party/crashpad/crashpad/snapshot/mac/mach_o_image_reader.cc:81] could not read mach_header, module , address 0x1a598f000
[0730/163325.357784:WARNING:third_party/crashpad/crashpad/util/process/process_memory_mac.cc:94] mach_vm_read(0x29d5e8000, 0x8000): (ipc/send) invalid destination port (0x10000003)
[0730/163325.357791:WARNING:third_party/crashpad/crashpad/util/process/process_memory_mac.cc:94] mach_vm_read(0x29d5e8000, 0x4000): (ipc/send) invalid destination port (0x10000003)
[0730/163325.357796:WARNING:third_party/crashpad/crashpad/snapshot/mac/process_reader_mac.cc:483] could not read dyld_image_info::imageFilePath
[0730/163325.357802:WARNING:third_party/crashpad/crashpad/util/process/process_memory_mac.cc:94] mach_vm_read(0x1a4384000, 0x4000): (ipc/send) invalid destination port (0x10000003)
[0730/163325.357813:WARNING:third_party/crashpad/crashpad/snapshot/mac/mach_o_image_reader.cc:81] could not read mach_header, module , address 0x1a4385000
[0730/163325.357819:WARNING:third_party/crashpad/crashpad/util/process/process_memory_mac.cc:94] mach_vm_read(0x29d5e4000, 0x4000): (ipc/send) invalid destination port (0x10000003)
[0730/163325.357826:WARNING:third_party/crashpad/crashpad/snapshot/mac/process_reader_mac.cc:483] could not read dyld_image_info::imageFilePath
[0730/163325.357832:WARNING:third_party/crashpad/crashpad/util/process/process_memory_mac.cc:94] mach_vm_read(0x1a359c000, 0x4000): (ipc/send) invalid destination port (0x10000003)
[0730/163325.357837:WARNING:third_party/crashpad/crashpad/snapshot/mac/mach_o_image_reader.cc:81] could not read mach_header, module , address 0x1a359c000
[0730/163325.357844:WARNING:third_party/crashpad/crashpad/util/process/process_memory_mac.cc:94] mach_vm_read(0x29d5f4000, 0x4000): (ipc/send) invalid destination port (0x10000003)
[0730/163325.357850:WARNING:third_party/crashpad/crashpad/snapshot/mac/process_reader_mac.cc:483] could not read dyld_image_info::imageFilePath
[0730/163325.357856:WARNING:third_party/crashpad/crashpad/util/process/process_memory_mac.cc:94] mach_vm_read(0x1a7b50000, 0x4000): (ipc/send) invalid destination port (0x10000003)
[0730/163325.357863:WARNING:third_party/crashpad/crashpad/snapshot/mac/mach_o_image_reader.cc:81] could not read mach_header, module , address 0x1a7b52000
[0730/163325.357870:WARNING:third_party/crashpad/crashpad/util/process/process_memory_mac.cc:94] mach_vm_read(0x29d5fc000, 0x4000): (ipc/send) invalid destination port (0x10000003)
[0730/163325.357876:WARNING:third_party/crashpad/crashpad/snapshot/mac/process_reader_mac.cc:483] could not read dyld_image_info::imageFilePath
[0730/163325.357882:WARNING:third_party/crashpad/crashpad/util/process/process_memory_mac.cc:94] mach_vm_read(0x1a9c90000, 0x4000): (ipc/send) invalid destination port (0x10000003)
[0730/163325.357888:WARNING:third_party/crashpad/crashpad/snapshot/mac/mach_o_image_reader.cc:81] could not read mach_header, module , address 0x1a9c91000
[0730/163325.357895:WARNING:third_party/crashpad/crashpad/util/process/process_memory_mac.cc:94] mach_vm_read(0x29d5e8000, 0x4000): (ipc/send) invalid destination port (0x10000003)
[0730/163325.357901:WARNING:third_party/crashpad/crashpad/snapshot/mac/process_reader_mac.cc:483] could not read dyld_image_info::imageFilePath
[0730/163325.357907:WARNING:third_party/crashpad/crashpad/util/process/process_memory_mac.cc:94] mach_vm_read(0x1a42b8000, 0x4000): (ipc/send) invalid destination port (0x10000003)
[0730/163325.357913:WARNING:third_party/crashpad/crashpad/snapshot/mac/mach_o_image_reader.cc:81] could not read mach_header, module , address 0x1a42b8000
[0730/163325.357919:WARNING:third_party/crashpad/crashpad/util/process/process_memory_mac.cc:94] mach_vm_read(0x29d5ec000, 0x8000): (ipc/send) invalid destination port (0x10000003)
[0730/163325.357926:WARNING:third_party/crashpad/crashpad/util/process/process_memory_mac.cc:94] mach_vm_read(0x29d5ec000, 0x4000): (ipc/send) invalid destination port (0x10000003)
[0730/163325.360792:WARNING:third_party/crashpad/crashpad/snapshot/mac/process_reader_mac.cc:483] could not read dyld_image_info::imageFilePath
[0730/163325.360821:WARNING:third_party/crashpad/crashpad/util/process/process_memory_mac.cc:94] mach_vm_read(0x1a5858000, 0x4000): (ipc/send) invalid destination port (0x10000003)
[0730/163325.360833:WARNING:third_party/crashpad/crashpad/snapshot/mac/mach_o_image_reader.cc:81] could not read mach_header, module , address 0x1a5859000
[0730/163325.360842:WARNING:third_party/crashpad/crashpad/util/process/process_memory_mac.cc:94] mach_vm_read(0x29d6ec000, 0x4000): (ipc/send) invalid destination port (0x10000003)
[0730/163325.360942:WARNING:third_party/crashpad/crashpad/snapshot/mac/process_reader_mac.cc:483] could not read dyld_image_info::imageFilePath
[0730/163325.360956:WARNING:third_party/crashpad/crashpad/util/process/process_memory_mac.cc:94] mach_vm_read(0x23c114000, 0x4000): (ipc/send) invalid destination port (0x10000003)
[0730/163325.360965:WARNING:third_party/crashpad/crashpad/snapshot/mac/mach_o_image_reader.cc:81] could not read mach_header, module , address 0x23c114000
[0730/163325.360973:WARNING:third_party/crashpad/crashpad/util/process/process_memory_mac.cc:94] mach_vm_read(0x29d72c000, 0x4000): (ipc/send) invalid destination port (0x10000003)
[0730/163325.360980:WARNING:third_party/crashpad/crashpad/snapshot/mac/process_reader_mac.cc:483] could not read dyld_image_info::imageFilePath
[0730/163325.360986:WARNING:third_party/crashpad/crashpad/util/process/process_memory_mac.cc:94] mach_vm_read(0x251d44000, 0x4000): (ipc/send) invalid destination port (0x10000003)
[0730/163325.360993:WARNING:third_party/crashpad/crashpad/snapshot/mac/mach_o_image_reader.cc:81] could not read mach_header, module , address 0x251d45000
[0730/163325.361004:WARNING:third_party/crashpad/crashpad/util/process/process_memory_mac.cc:94] mach_vm_read(0x29d5c4000, 0x8000): (ipc/send) invalid destination port (0x10000003)
[0730/163325.361011:WARNING:third_party/crashpad/crashpad/util/process/process_memory_mac.cc:94] mach_vm_read(0x29d5c4000, 0x4000): (ipc/send) invalid destination port (0x10000003)
[0730/163325.361018:WARNING:third_party/crashpad/crashpad/snapshot/mac/process_reader_mac.cc:483] could not read dyld_image_info::imageFilePath
[0730/163325.361024:WARNING:third_party/crashpad/crashpad/util/process/process_memory_mac.cc:94] mach_vm_read(0x197b28000, 0x4000): (ipc/send) invalid destination port (0x10000003)
[0730/163325.361030:WARNING:third_party/crashpad/crashpad/snapshot/mac/mach_o_image_reader.cc:81] could not read mach_header, module , address 0x197b28000
[0730/163325.361037:WARNING:third_party/crashpad/crashpad/util/process/process_memory_mac.cc:94] mach_vm_read(0x29d688000, 0x4000): (ipc/send) invalid destination port (0x10000003)
[0730/163325.361043:WARNING:third_party/crashpad/crashpad/snapshot/mac/process_reader_mac.cc:483] could not read dyld_image_info::imageFilePath
[0730/163325.361049:WARNING:third_party/crashpad/crashpad/util/process/process_memory_mac.cc:94] mach_vm_read(0x1dfca4000, 0x4000): (ipc/send) invalid destination port (0x10000003)
[0730/163325.361065:WARNING:third_party/crashpad/crashpad/snapshot/mac/mach_o_image_reader.cc:81] could not read mach_header, module , address 0x1dfca4000
[0730/163325.361072:WARNING:third_party/crashpad/crashpad/util/process/process_memory_mac.cc:94] mach_vm_read(0x29d6e0000, 0x4000): (ipc/send) invalid destination port (0x10000003)
[0730/163325.361078:WARNING:third_party/crashpad/crashpad/snapshot/mac/process_reader_mac.cc:483] could not read dyld_image_info::imageFilePath
[0730/163325.361084:WARNING:third_party/crashpad/crashpad/util/process/process_memory_mac.cc:94] mach_vm_read(0x238c4c000, 0x4000): (ipc/send) invalid destination port (0x10000003)
[0730/163325.361090:WARNING:third_party/crashpad/crashpad/snapshot/mac/mach_o_image_reader.cc:81] could not read mach_header, module , address 0x238c4e000
[0730/163325.361096:WARNING:third_party/crashpad/crashpad/util/process/process_memory_mac.cc:94] mach_vm_read(0x29d5e8000, 0x8000): (ipc/send) invalid destination port (0x10000003)
[0730/163325.361102:WARNING:third_party/crashpad/crashpad/util/process/process_memory_mac.cc:94] mach_vm_read(0x29d5e8000, 0x4000): (ipc/send) invalid destination port (0x10000003)
[0730/163325.361108:WARNING:third_party/crashpad/crashpad/snapshot/mac/process_reader_mac.cc:483] could not read dyld_image_info::imageFilePath
[0730/163325.361115:WARNING:third_party/crashpad/crashpad/util/process/process_memory_mac.cc:94] mach_vm_read(0x1a4798000, 0x4000): (ipc/send) invalid destination port (0x10000003)
[0730/163325.361120:WARNING:third_party/crashpad/crashpad/snapshot/mac/mach_o_image_reader.cc:81] could not read mach_header, module , address 0x1a4799000
[0730/163325.361126:WARNING:third_party/crashpad/crashpad/util/process/process_memory_mac.cc:94] mach_vm_read(0x29d610000, 0x8000): (ipc/send) invalid destination port (0x10000003)
[0730/163325.361133:WARNING:third_party/crashpad/crashpad/util/process/process_memory_mac.cc:94] mach_vm_read(0x29d610000, 0x4000): (ipc/send) invalid destination port (0x10000003)
[0730/163325.361139:WARNING:third_party/crashpad/crashpad/snapshot/mac/process_reader_mac.cc:483] could not read dyld_image_info::imageFilePath
[0730/163325.361145:WARNING:third_party/crashpad/crashpad/util/process/process_memory_mac.cc:94] mach_vm_read(0x1b63a8000, 0x4000): (ipc/send) invalid destination port (0x10000003)
[0730/163325.361150:WARNING:third_party/crashpad/crashpad/snapshot/mac/mach_o_image_reader.cc:81] could not read mach_header, module , address 0x1b63aa000
[0730/163325.361156:WARNING:third_party/crashpad/crashpad/util/process/process_memory_mac.cc:94] mach_vm_read(0x29d644000, 0x4000): (ipc/send) invalid destination port (0x10000003)
[0730/163325.361162:WARNING:third_party/crashpad/crashpad/snapshot/mac/process_reader_mac.cc:483] could not read dyld_image_info::imageFilePath
[0730/163325.361168:WARNING:third_party/crashpad/crashpad/util/process/process_memory_mac.cc:94] mach_vm_read(0x1c9d20000, 0x4000): (ipc/send) invalid destination port (0x10000003)
[0730/163325.361174:WARNING:third_party/crashpad/crashpad/snapshot/mac/mach_o_image_reader.cc:81] could not read mach_header, module , address 0x1c9d20000
[0730/163325.361185:WARNING:third_party/crashpad/crashpad/util/process/process_memory_mac.cc:94] mach_vm_read(0x29d5c0000, 0x4000): (ipc/send) invalid destination port (0x10000003)
[0730/163325.361191:WARNING:third_party/crashpad/crashpad/snapshot/mac/process_reader_mac.cc:483] could not read dyld_image_info::imageFilePath
[0730/163325.361197:WARNING:third_party/crashpad/crashpad/util/process/process_memory_mac.cc:94] mach_vm_read(0x194ecc000, 0x4000): (ipc/send) invalid destination port (0x10000003)
[0730/163325.361203:WARNING:third_party/crashpad/crashpad/snapshot/mac/mach_o_image_reader.cc:81] could not read mach_header, module , address 0x194ecd000
[0730/163325.361209:WARNING:third_party/crashpad/crashpad/util/process/process_memory_mac.cc:94] mach_vm_read(0x29d654000, 0x4000): (ipc/send) invalid destination port (0x10000003)
[0730/163325.361215:WARNING:third_party/crashpad/crashpad/snapshot/mac/process_reader_mac.cc:483] could not read dyld_image_info::imageFilePath
[0730/163325.361221:WARNING:third_party/crashpad/crashpad/util/process/process_memory_mac.cc:94] mach_vm_read(0x1cf72c000, 0x4000): (ipc/send) invalid destination port (0x10000003)
[0730/163325.361227:WARNING:third_party/crashpad/crashpad/snapshot/mac/mach_o_image_reader.cc:81] could not read mach_header, module , address 0x1cf72e000
[0730/163325.361233:WARNING:third_party/crashpad/crashpad/util/process/process_memory_mac.cc:94] mach_vm_read(0x29d654000, 0x8000): (ipc/send) invalid destination port (0x10000003)
[0730/163325.361239:WARNING:third_party/crashpad/crashpad/util/process/process_memory_mac.cc:94] mach_vm_read(0x29d654000, 0x4000): (ipc/send) invalid destination port (0x10000003)
[0730/163325.361245:WARNING:third_party/crashpad/crashpad/snapshot/mac/process_reader_mac.cc:483] could not read dyld_image_info::imageFilePath
[0730/163325.361251:WARNING:third_party/crashpad/crashpad/util/process/process_memory_mac.cc:94] mach_vm_read(0x1d0940000, 0x4000): (ipc/send) invalid destination port (0x10000003)
[0730/163325.361256:WARNING:third_party/crashpad/crashpad/snapshot/mac/mach_o_image_reader.cc:81] could not read mach_header, module , address 0x1d0943000
[0730/163325.361262:WARNING:third_party/crashpad/crashpad/util/process/process_memory_mac.cc:94] mach_vm_read(0x29d744000, 0x4000): (ipc/send) invalid destination port (0x10000003)
[0730/163325.361268:WARNING:third_party/crashpad/crashpad/snapshot/mac/process_reader_mac.cc:483] could not read dyld_image_info::imageFilePath
[0730/163325.361274:WARNING:third_party/crashpad/crashpad/util/process/process_memory_mac.cc:94] mach_vm_read(0x259b60000, 0x4000): (ipc/send) invalid destination port (0x10000003)
[0730/163325.361280:WARNING:third_party/crashpad/crashpad/snapshot/mac/mach_o_image_reader.cc:81] could not read mach_header, module , address 0x259b63000
[0730/163325.361286:WARNING:third_party/crashpad/crashpad/util/process/process_memory_mac.cc:94] mach_vm_read(0x29d618000, 0x8000): (ipc/send) invalid destination port (0x10000003)
[0730/163325.361292:WARNING:third_party/crashpad/crashpad/util/process/process_memory_mac.cc:94] mach_vm_read(0x29d618000, 0x4000): (ipc/send) invalid destination port (0x10000003)
[0730/163325.361301:WARNING:third_party/crashpad/crashpad/snapshot/mac/process_reader_mac.cc:483] could not read dyld_image_info::imageFilePath
[0730/163325.361308:WARNING:third_party/crashpad/crashpad/util/process/process_memory_mac.cc:94] mach_vm_read(0x1b8068000, 0x4000): (ipc/send) invalid destination port (0x10000003)
[0730/163325.361313:WARNING:third_party/crashpad/crashpad/snapshot/mac/mach_o_image_reader.cc:81] could not read mach_header, module , address 0x1b8069000
[0730/163325.361319:WARNING:third_party/crashpad/crashpad/util/process/process_memory_mac.cc:94] mach_vm_read(0x29d5f0000, 0x4000): (ipc/send) invalid destination port (0x10000003)
[0730/163325.361325:WARNING:third_party/crashpad/crashpad/snapshot/mac/process_reader_mac.cc:483] could not read dyld_image_info::imageFilePath
[0730/163325.361331:WARNING:third_party/crashpad/crashpad/util/process/process_memory_mac.cc:94] mach_vm_read(0x1a5e24000, 0x4000): (ipc/send) invalid destination port (0x10000003)
[0730/163325.361337:WARNING:third_party/crashpad/crashpad/snapshot/mac/mach_o_image_reader.cc:81] could not read mach_header, module , address 0x1a5e26000
[0730/163325.361343:WARNING:third_party/crashpad/crashpad/util/process/process_memory_mac.cc:94] mach_vm_read(0x29d628000, 0x8000): (ipc/send) invalid destination port (0x10000003)
[0730/163325.361349:WARNING:third_party/crashpad/crashpad/util/process/process_memory_mac.cc:94] mach_vm_read(0x29d628000, 0x4000): (ipc/send) invalid destination port (0x10000003)
[0730/163325.361355:WARNING:third_party/crashpad/crashpad/snapshot/mac/process_reader_mac.cc:483] could not read dyld_image_info::imageFilePath
[0730/163325.361361:WARNING:third_party/crashpad/crashpad/util/process/process_memory_mac.cc:94] mach_vm_read(0x1bf2b4000, 0x4000): (ipc/send) invalid destination port (0x10000003)
[0730/163325.361367:WARNING:third_party/crashpad/crashpad/snapshot/mac/mach_o_image_reader.cc:81] could not read mach_header, module , address 0x1bf2b7000
[0730/163325.361373:WARNING:third_party/crashpad/crashpad/util/process/process_memory_mac.cc:94] mach_vm_read(0x29d63c000, 0x4000): (ipc/send) invalid destination port (0x10000003)
[0730/163325.361378:WARNING:third_party/crashpad/crashpad/snapshot/mac/process_reader_mac.cc:483] could not read dyld_image_info::imageFilePath
[0730/163325.361384:WARNING:third_party/crashpad/crashpad/util/process/process_memory_mac.cc:94] mach_vm_read(0x1c7bc4000, 0x4000): (ipc/send) invalid destination port (0x10000003)
[0730/163325.361390:WARNING:third_party/crashpad/crashpad/snapshot/mac/mach_o_image_reader.cc:81] could not read mach_header, module , address 0x1c7bc7000
[0730/163325.361396:WARNING:third_party/crashpad/crashpad/util/process/process_memory_mac.cc:94] mach_vm_read(0x29d62c000, 0x4000): (ipc/send) invalid destination port (0x10000003)
[0730/163325.361402:WARNING:third_party/crashpad/crashpad/snapshot/mac/process_reader_mac.cc:483] could not read dyld_image_info::imageFilePath
[0730/163325.361408:WARNING:third_party/crashpad/crashpad/util/process/process_memory_mac.cc:94] mach_vm_read(0x1bff28000, 0x4000): (ipc/send) invalid destination port (0x10000003)
[0730/163325.362599:WARNING:third_party/crashpad/crashpad/snapshot/mac/mach_o_image_reader.cc:81] could not read mach_header, module , address 0x1bff2a000
[0730/163325.362615:WARNING:third_party/crashpad/crashpad/util/process/process_memory_mac.cc:94] mach_vm_read(0x29d790000, 0x4000): (ipc/send) invalid destination port (0x10000003)
[0730/163325.362624:WARNING:third_party/crashpad/crashpad/snapshot/mac/process_reader_mac.cc:483] could not read dyld_image_info::imageFilePath
[0730/163325.362632:WARNING:third_party/crashpad/crashpad/util/process/process_memory_mac.cc:94] mach_vm_read(0x26b26c000, 0x4000): (ipc/send) invalid destination port (0x10000003)
[0730/163325.362639:WARNING:third_party/crashpad/crashpad/snapshot/mac/mach_o_image_reader.cc:81] could not read mach_header, module , address 0x26b26e000
[0730/163325.362645:WARNING:third_party/crashpad/crashpad/util/process/process_memory_mac.cc:94] mach_vm_read(0x29d654000, 0x8000): (ipc/send) invalid destination port (0x10000003)
[0730/163325.362652:WARNING:third_party/crashpad/crashpad/util/process/process_memory_mac.cc:94] mach_vm_read(0x29d654000, 0x4000): (ipc/send) invalid destination port (0x10000003)
[0730/163325.362658:WARNING:third_party/crashpad/crashpad/snapshot/mac/process_reader_mac.cc:483] could not read dyld_image_info::imageFilePath
[0730/163325.362664:WARNING:third_party/crashpad/crashpad/util/process/process_memory_mac.cc:94] mach_vm_read(0x1d0990000, 0x4000): (ipc/send) invalid destination port (0x10000003)
[0730/163325.362671:WARNING:third_party/crashpad/crashpad/snapshot/mac/mach_o_image_reader.cc:81] could not read mach_header, module , address 0x1d0990000
[0730/163325.362677:WARNING:third_party/crashpad/crashpad/util/process/process_memory_mac.cc:94] mach_vm_read(0x29d744000, 0x8000): (ipc/send) invalid destination port (0x10000003)
[0730/163325.362683:WARNING:third_party/crashpad/crashpad/util/process/process_memory_mac.cc:94] mach_vm_read(0x29d744000, 0x4000): (ipc/send) invalid destination port (0x10000003)
[0730/163325.362689:WARNING:third_party/crashpad/crashpad/snapshot/mac/process_reader_mac.cc:483] could not read dyld_image_info::imageFilePath
[0730/163325.362695:WARNING:third_party/crashpad/crashpad/util/process/process_memory_mac.cc:94] mach_vm_read(0x25a5cc000, 0x4000): (ipc/send) invalid destination port (0x10000003)
[0730/163325.362701:WARNING:third_party/crashpad/crashpad/snapshot/mac/mach_o_image_reader.cc:81] could not read mach_header, module , address 0x25a5cc000
[0730/163325.362708:WARNING:third_party/crashpad/crashpad/util/process/process_memory_mac.cc:94] mach_vm_read(0x29d6d4000, 0x4000): (ipc/send) invalid destination port (0x10000003)
[0730/163325.362714:WARNING:third_party/crashpad/crashpad/snapshot/mac/process_reader_mac.cc:483] could not read dyld_image_info::imageFilePath
[0730/163325.362720:WARNING:third_party/crashpad/crashpad/util/process/process_memory_mac.cc:94] mach_vm_read(0x23741c000, 0x4000): (ipc/send) invalid destination port (0x10000003)
[0730/163325.362726:WARNING:third_party/crashpad/crashpad/snapshot/mac/mach_o_image_reader.cc:81] could not read mach_header, module , address 0x23741d000
[0730/163325.362741:WARNING:third_party/crashpad/crashpad/util/process/process_memory_mac.cc:94] mach_vm_read(0x29d70c000, 0x4000): (ipc/send) invalid destination port (0x10000003)
[0730/163325.362747:WARNING:third_party/crashpad/crashpad/snapshot/mac/process_reader_mac.cc:483] could not read dyld_image_info::imageFilePath
[0730/163325.362753:WARNING:third_party/crashpad/crashpad/util/process/process_memory_mac.cc:94] mach_vm_read(0x242204000, 0x4000): (ipc/send) invalid destination port (0x10000003)
[0730/163325.362759:WARNING:third_party/crashpad/crashpad/snapshot/mac/mach_o_image_reader.cc:81] could not read mach_header, module , address 0x242206000
[0730/163325.362765:WARNING:third_party/crashpad/crashpad/util/process/process_memory_mac.cc:94] mach_vm_read(0x29d644000, 0x4000): (ipc/send) invalid destination port (0x10000003)
[0730/163325.362771:WARNING:third_party/crashpad/crashpad/snapshot/mac/process_reader_mac.cc:483] could not read dyld_image_info::imageFilePath
[0730/163325.362777:WARNING:third_party/crashpad/crashpad/util/process/process_memory_mac.cc:94] mach_vm_read(0x1c9900000, 0x4000): (ipc/send) invalid destination port (0x10000003)
[0730/163325.362783:WARNING:third_party/crashpad/crashpad/snapshot/mac/mach_o_image_reader.cc:81] could not read mach_header, module , address 0x1c9901000
[0730/163325.362789:WARNING:third_party/crashpad/crashpad/util/process/process_memory_mac.cc:94] mach_vm_read(0x29d61c000, 0x4000): (ipc/send) invalid destination port (0x10000003)
[0730/163325.362795:WARNING:third_party/crashpad/crashpad/snapshot/mac/process_reader_mac.cc:483] could not read dyld_image_info::imageFilePath
[0730/163325.362801:WARNING:third_party/crashpad/crashpad/util/process/process_memory_mac.cc:94] mach_vm_read(0x1b92d0000, 0x4000): (ipc/send) invalid destination port (0x10000003)
[0730/163325.362807:WARNING:third_party/crashpad/crashpad/snapshot/mac/mach_o_image_reader.cc:81] could not read mach_header, module , address 0x1b92d2000
[0730/163325.362813:WARNING:third_party/crashpad/crashpad/util/process/process_memory_mac.cc:94] mach_vm_read(0x29d7c0000, 0x4000): (ipc/send) invalid destination port (0x10000003)
[0730/163325.362819:WARNING:third_party/crashpad/crashpad/snapshot/mac/process_reader_mac.cc:483] could not read dyld_image_info::imageFilePath
[0730/163325.362829:WARNING:third_party/crashpad/crashpad/util/process/process_memory_mac.cc:94] mach_vm_read(0x2769b8000, 0x4000): (ipc/send) invalid destination port (0x10000003)
[0730/163325.362835:WARNING:third_party/crashpad/crashpad/snapshot/mac/mach_o_image_reader.cc:81] could not read mach_header, module , address 0x2769b8000
[0730/163325.362841:WARNING:third_party/crashpad/crashpad/util/process/process_memory_mac.cc:94] mach_vm_read(0x29d78c000, 0x4000): (ipc/send) invalid destination port (0x10000003)
[0730/163325.362847:WARNING:third_party/crashpad/crashpad/snapshot/mac/process_reader_mac.cc:483] could not read dyld_image_info::imageFilePath
[0730/163325.362853:WARNING:third_party/crashpad/crashpad/util/process/process_memory_mac.cc:94] mach_vm_read(0x26aa48000, 0x4000): (ipc/send) invalid destination port (0x10000003)
[0730/163325.362863:WARNING:third_party/crashpad/crashpad/snapshot/mac/mach_o_image_reader.cc:81] could not read mach_header, module , address 0x26aa4a000
[0730/163325.362869:WARNING:third_party/crashpad/crashpad/util/process/process_memory_mac.cc:94] mach_vm_read(0x29d5e4000, 0x8000): (ipc/send) invalid destination port (0x10000003)
[0730/163325.362876:WARNING:third_party/crashpad/crashpad/util/process/process_memory_mac.cc:94] mach_vm_read(0x29d5e4000, 0x4000): (ipc/send) invalid destination port (0x10000003)
[0730/163325.362881:WARNING:third_party/crashpad/crashpad/snapshot/mac/process_reader_mac.cc:483] could not read dyld_image_info::imageFilePath
[0730/163325.362887:WARNING:third_party/crashpad/crashpad/util/process/process_memory_mac.cc:94] mach_vm_read(0x1a3898000, 0x4000): (ipc/send) invalid destination port (0x10000003)
[0730/163325.362893:WARNING:third_party/crashpad/crashpad/snapshot/mac/mach_o_image_reader.cc:81] could not read mach_header, module , address 0x1a3899000
[0730/163325.362899:WARNING:third_party/crashpad/crashpad/util/process/process_memory_mac.cc:94] mach_vm_read(0x29d6d4000, 0x4000): (ipc/send) invalid destination port (0x10000003)
[0730/163325.362905:WARNING:third_party/crashpad/crashpad/snapshot/mac/process_reader_mac.cc:483] could not read dyld_image_info::imageFilePath
[0730/163325.362911:WARNING:third_party/crashpad/crashpad/util/process/process_memory_mac.cc:94] mach_vm_read(0x237508000, 0x4000): (ipc/send) invalid destination port (0x10000003)
[0730/163325.362917:WARNING:third_party/crashpad/crashpad/snapshot/mac/mach_o_image_reader.cc:81] could not read mach_header, module , address 0x23750b000
[0730/163325.362923:WARNING:third_party/crashpad/crashpad/util/process/process_memory_mac.cc:94] mach_vm_read(0x29d660000, 0x4000): (ipc/send) invalid destination port (0x10000003)
[0730/163325.362929:WARNING:third_party/crashpad/crashpad/snapshot/mac/process_reader_mac.cc:483] could not read dyld_image_info::imageFilePath
[0730/163325.362935:WARNING:third_party/crashpad/crashpad/util/process/process_memory_mac.cc:94] mach_vm_read(0x1d64b8000, 0x4000): (ipc/send) invalid destination port (0x10000003)
[0730/163325.362940:WARNING:third_party/crashpad/crashpad/snapshot/mac/mach_o_image_reader.cc:81] could not read mach_header, module , address 0x1d64b9000
[0730/163325.362946:WARNING:third_party/crashpad/crashpad/util/process/process_memory_mac.cc:94] mach_vm_read(0x29d618000, 0x4000): (ipc/send) invalid destination port (0x10000003)
[0730/163325.362952:WARNING:third_party/crashpad/crashpad/snapshot/mac/process_reader_mac.cc:483] could not read dyld_image_info::imageFilePath
[0730/163325.362959:WARNING:third_party/crashpad/crashpad/util/process/process_memory_mac.cc:94] mach_vm_read(0x1b6c7c000, 0x4000): (ipc/send) invalid destination port (0x10000003)
[0730/163325.362964:WARNING:third_party/crashpad/crashpad/snapshot/mac/mach_o_image_reader.cc:81] could not read mach_header, module , address 0x1b6c7e000
[0730/163325.362971:WARNING:third_party/crashpad/crashpad/util/process/process_memory_mac.cc:94] mach_vm_read(0x29d61c000, 0x4000): (ipc/send) invalid destination port (0x10000003)
[0730/163325.362980:WARNING:third_party/crashpad/crashpad/snapshot/mac/process_reader_mac.cc:483] could not read dyld_image_info::imageFilePath
[0730/163325.362986:WARNING:third_party/crashpad/crashpad/util/process/process_memory_mac.cc:94] mach_vm_read(0x1b877c000, 0x4000): (ipc/send) invalid destination port (0x10000003)
[0730/163325.362992:WARNING:third_party/crashpad/crashpad/snapshot/mac/mach_o_image_reader.cc:81] could not read mach_header, module , address 0x1b877f000
[0730/163325.362998:WARNING:third_party/crashpad/crashpad/util/process/process_memory_mac.cc:94] mach_vm_read(0x29d62c000, 0x4000): (ipc/send) invalid destination port (0x10000003)
[0730/163325.363003:WARNING:third_party/crashpad/crashpad/snapshot/mac/process_reader_mac.cc:483] could not read dyld_image_info::imageFilePath
[0730/163325.363009:WARNING:third_party/crashpad/crashpad/util/process/process_memory_mac.cc:94] mach_vm_read(0x1c1024000, 0x4000): (ipc/send) invalid destination port (0x10000003)
[0730/163325.363015:WARNING:third_party/crashpad/crashpad/snapshot/mac/mach_o_image_reader.cc:81] could not read mach_header, module , address 0x1c1025000
[0730/163325.363021:WARNING:third_party/crashpad/crashpad/util/process/process_memory_mac.cc:94] mach_vm_read(0x29d5e8000, 0x4000): (ipc/send) invalid destination port (0x10000003)
[0730/163325.363027:WARNING:third_party/crashpad/crashpad/snapshot/mac/process_reader_mac.cc:483] could not read dyld_image_info::imageFilePath
[0730/163325.363033:WARNING:third_party/crashpad/crashpad/util/process/process_memory_mac.cc:94] mach_vm_read(0x1a3964000, 0x4000): (ipc/send) invalid destination port (0x10000003)
[0730/163325.363039:WARNING:third_party/crashpad/crashpad/snapshot/mac/mach_o_image_reader.cc:81] could not read mach_header, module , address 0x1a3965000
[0730/163325.363045:WARNING:third_party/crashpad/crashpad/util/process/process_memory_mac.cc:94] mach_vm_read(0x29d6ec000, 0x4000): (ipc/send) invalid destination port (0x10000003)
[0730/163325.363051:WARNING:third_party/crashpad/crashpad/snapshot/mac/process_reader_mac.cc:483] could not read dyld_image_info::imageFilePath
[0730/163325.363057:WARNING:third_party/crashpad/crashpad/util/process/process_memory_mac.cc:94] mach_vm_read(0x23b884000, 0x4000): (ipc/send) invalid destination port (0x10000003)
[0730/163325.363063:WARNING:third_party/crashpad/crashpad/snapshot/mac/mach_o_image_reader.cc:81] could not read mach_header, module , address 0x23b886000
[0730/163325.363070:WARNING:third_party/crashpad/crashpad/util/process/process_memory_mac.cc:94] mach_vm_read(0x29d740000, 0x4000): (ipc/send) invalid destination port (0x10000003)
[0730/163325.363075:WARNING:third_party/crashpad/crashpad/snapshot/mac/process_reader_mac.cc:483] could not read dyld_image_info::imageFilePath
[0730/163325.363081:WARNING:third_party/crashpad/crashpad/util/process/process_memory_mac.cc:94] mach_vm_read(0x257e20000, 0x4000): (ipc/send) invalid destination port (0x10000003)
[0730/163325.363087:WARNING:third_party/crashpad/crashpad/snapshot/mac/mach_o_image_reader.cc:81] could not read mach_header, module , address 0x257e22000
[0730/163325.363206:WARNING:third_party/crashpad/crashpad/util/process/process_memory_mac.cc:94] mach_vm_read(0x29d60c000, 0x4000): (ipc/send) invalid destination port (0x10000003)
[0730/163325.363214:WARNING:third_party/crashpad/crashpad/snapshot/mac/process_reader_mac.cc:483] could not read dyld_image_info::imageFilePath
[0730/163325.363220:WARNING:third_party/crashpad/crashpad/util/process/process_memory_mac.cc:94] mach_vm_read(0x1b3c9c000, 0x4000): (ipc/send) invalid destination port (0x10000003)
[0730/163325.363226:WARNING:third_party/crashpad/crashpad/snapshot/mac/mach_o_image_reader.cc:81] could not read mach_header, module , address 0x1b3c9f000
[0730/163325.363233:WARNING:third_party/crashpad/crashpad/util/process/process_memory_mac.cc:94] mach_vm_read(0x29d618000, 0x4000): (ipc/send) invalid destination port (0x10000003)
[0730/163325.363238:WARNING:third_party/crashpad/crashpad/snapshot/mac/process_reader_mac.cc:483] could not read dyld_image_info::imageFilePath
[0730/163325.363244:WARNING:third_party/crashpad/crashpad/util/process/process_memory_mac.cc:94] mach_vm_read(0x1b772c000, 0x4000): (ipc/send) invalid destination port (0x10000003)
[0730/163325.363250:WARNING:third_party/crashpad/crashpad/snapshot/mac/mach_o_image_reader.cc:81] could not read mach_header, module , address 0x1b772e000
[0730/163325.363256:WARNING:third_party/crashpad/crashpad/util/process/process_memory_mac.cc:94] mach_vm_read(0x29d7bc000, 0x4000): (ipc/send) invalid destination port (0x10000003)
[0730/163325.363262:WARNING:third_party/crashpad/crashpad/snapshot/mac/process_reader_mac.cc:483] could not read dyld_image_info::imageFilePath
[0730/163325.363268:WARNING:third_party/crashpad/crashpad/util/process/process_memory_mac.cc:94] mach_vm_read(0x2764e0000, 0x4000): (ipc/send) invalid destination port (0x10000003)
[0730/163325.363274:WARNING:third_party/crashpad/crashpad/snapshot/mac/mach_o_image_reader.cc:81] could not read mach_header, module , address 0x2764e3000
[0730/163325.363280:WARNING:third_party/crashpad/crashpad/util/process/process_memory_mac.cc:94] mach_vm_read(0x29d740000, 0x4000): (ipc/send) invalid destination port (0x10000003)
[0730/163325.363286:WARNING:third_party/crashpad/crashpad/snapshot/mac/process_reader_mac.cc:483] could not read dyld_image_info::imageFilePath
[0730/163325.363292:WARNING:third_party/crashpad/crashpad/util/process/process_memory_mac.cc:94] mach_vm_read(0x258af0000, 0x4000): (ipc/send) invalid destination port (0x10000003)
[0730/163325.363298:WARNING:third_party/crashpad/crashpad/snapshot/mac/mach_o_image_reader.cc:81] could not read mach_header, module , address 0x258af0000
[0730/163325.363304:WARNING:third_party/crashpad/crashpad/util/process/process_memory_mac.cc:94] mach_vm_read(0x29d5d8000, 0x4000): (ipc/send) invalid destination port (0x10000003)
[0730/163325.363309:WARNING:third_party/crashpad/crashpad/snapshot/mac/process_reader_mac.cc:483] could not read dyld_image_info::imageFilePath
[0730/163325.363315:WARNING:third_party/crashpad/crashpad/util/process/process_memory_mac.cc:94] mach_vm_read(0x19dc78000, 0x4000): (ipc/send) invalid destination port (0x10000003)
[0730/163325.363325:WARNING:third_party/crashpad/crashpad/snapshot/mac/mach_o_image_reader.cc:81] could not read mach_header, module , address 0x19dc7a000
[0730/163325.363331:WARNING:third_party/crashpad/crashpad/util/process/process_memory_mac.cc:94] mach_vm_read(0x29d780000, 0x4000): (ipc/send) invalid destination port (0x10000003)
[0730/163325.363337:WARNING:third_party/crashpad/crashpad/snapshot/mac/process_reader_mac.cc:483] could not read dyld_image_info::imageFilePath
[0730/163325.363343:WARNING:third_party/crashpad/crashpad/util/process/process_memory_mac.cc:94] mach_vm_read(0x26645c000, 0x4000): (ipc/send) invalid destination port (0x10000003)
[0730/163325.363349:WARNING:third_party/crashpad/crashpad/snapshot/mac/mach_o_image_reader.cc:81] could not read mach_header, module , address 0x26645e000
[0730/163325.363355:WARNING:third_party/crashpad/crashpad/util/process/process_memory_mac.cc:94] mach_vm_read(0x29d614000, 0x4000): (ipc/send) invalid destination port (0x10000003)
[0730/163325.363361:WARNING:third_party/crashpad/crashpad/snapshot/mac/process_reader_mac.cc:483] could not read dyld_image_info::imageFilePath
[0730/163325.363368:WARNING:third_party/crashpad/crashpad/util/process/process_memory_mac.cc:94] mach_vm_read(0x1b68b4000, 0x4000): (ipc/send) invalid destination port (0x10000003)
[0730/163325.363374:WARNING:third_party/crashpad/crashpad/snapshot/mac/mach_o_image_reader.cc:81] could not read mach_header, module , address 0x1b68b5000
[0730/163325.363380:WARNING:third_party/crashpad/crashpad/util/process/process_memory_mac.cc:94] mach_vm_read(0x29d60c000, 0x4000): (ipc/send) invalid destination port (0x10000003)
[0730/163325.363386:WARNING:third_party/crashpad/crashpad/snapshot/mac/process_reader_mac.cc:483] could not read dyld_image_info::imageFilePath
[0730/163325.363392:WARNING:third_party/crashpad/crashpad/util/process/process_memory_mac.cc:94] mach_vm_read(0x1b3f80000, 0x4000): (ipc/send) invalid destination port (0x10000003)
[0730/163325.363398:WARNING:third_party/crashpad/crashpad/snapshot/mac/mach_o_image_reader.cc:81] could not read mach_header, module , address 0x1b3f80000
[0730/163325.363404:WARNING:third_party/crashpad/crashpad/util/process/process_memory_mac.cc:94] mach_vm_read(0x29d638000, 0x4000): (ipc/send) invalid destination port (0x10000003)
[0730/163325.363410:WARNING:third_party/crashpad/crashpad/snapshot/mac/process_reader_mac.cc:483] could not read dyld_image_info::imageFilePath
[0730/163325.363416:WARNING:third_party/crashpad/crashpad/util/process/process_memory_mac.cc:94] mach_vm_read(0x1c4bdc000, 0x4000): (ipc/send) invalid destination port (0x10000003)
[0730/163325.363422:WARNING:third_party/crashpad/crashpad/snapshot/mac/mach_o_image_reader.cc:81] could not read mach_header, module , address 0x1c4bdf000
[0730/163325.363428:WARNING:third_party/crashpad/crashpad/util/process/process_memory_mac.cc:94] mach_vm_read(0x29d65c000, 0x8000): (ipc/send) invalid destination port (0x10000003)
[0730/163325.363434:WARNING:third_party/crashpad/crashpad/util/process/process_memory_mac.cc:94] mach_vm_read(0x29d65c000, 0x4000): (ipc/send) invalid destination port (0x10000003)
[0730/163325.363443:WARNING:third_party/crashpad/crashpad/snapshot/mac/process_reader_mac.cc:483] could not read dyld_image_info::imageFilePath
[0730/163325.363449:WARNING:third_party/crashpad/crashpad/util/process/process_memory_mac.cc:94] mach_vm_read(0x1d6418000, 0x4000): (ipc/send) invalid destination port (0x10000003)
[0730/163325.363455:WARNING:third_party/crashpad/crashpad/snapshot/mac/mach_o_image_reader.cc:81] could not read mach_header, module , address 0x1d6418000
[0730/163325.363461:WARNING:third_party/crashpad/crashpad/util/process/process_memory_mac.cc:94] mach_vm_read(0x29d610000, 0x8000): (ipc/send) invalid destination port (0x10000003)
[0730/163325.363467:WARNING:third_party/crashpad/crashpad/util/process/process_memory_mac.cc:94] mach_vm_read(0x29d610000, 0x4000): (ipc/send) invalid destination port (0x10000003)
[0730/163325.363473:WARNING:third_party/crashpad/crashpad/snapshot/mac/process_reader_mac.cc:483] could not read dyld_image_info::imageFilePath
[0730/163325.363479:WARNING:third_party/crashpad/crashpad/util/process/process_memory_mac.cc:94] mach_vm_read(0x1b6124000, 0x4000): (ipc/send) invalid destination port (0x10000003)
[0730/163325.363485:WARNING:third_party/crashpad/crashpad/snapshot/mac/mach_o_image_reader.cc:81] could not read mach_header, module , address 0x1b6127000
[0730/163325.363491:WARNING:third_party/crashpad/crashpad/util/process/process_memory_mac.cc:94] mach_vm_read(0x29d6b4000, 0x8000): (ipc/send) invalid destination port (0x10000003)
[0730/163325.363497:WARNING:third_party/crashpad/crashpad/util/process/process_memory_mac.cc:94] mach_vm_read(0x29d6b4000, 0x4000): (ipc/send) invalid destination port (0x10000003)
[0730/163325.363503:WARNING:third_party/crashpad/crashpad/snapshot/mac/process_reader_mac.cc:483] could not read dyld_image_info::imageFilePath
[0730/163325.363509:WARNING:third_party/crashpad/crashpad/util/process/process_memory_mac.cc:94] mach_vm_read(0x1efec4000, 0x4000): (ipc/send) invalid destination port (0x10000003)
[0730/163325.363514:WARNING:third_party/crashpad/crashpad/snapshot/mac/mach_o_image_reader.cc:81] could not read mach_header, module , address 0x1efec6000
[0730/163325.363520:WARNING:third_party/crashpad/crashpad/util/process/process_memory_mac.cc:94] mach_vm_read(0x29d610000, 0x4000): (ipc/send) invalid destination port (0x10000003)
[0730/163325.363526:WARNING:third_party/crashpad/crashpad/snapshot/mac/process_reader_mac.cc:483] could not read dyld_image_info::imageFilePath
[0730/163325.363532:WARNING:third_party/crashpad/crashpad/util/process/process_memory_mac.cc:94] mach_vm_read(0x1b40b8000, 0x4000): (ipc/send) invalid destination port (0x10000003)
[0730/163325.363538:WARNING:third_party/crashpad/crashpad/snapshot/mac/mach_o_image_reader.cc:81] could not read mach_header, module , address 0x1b40bb000
[0730/163325.363544:WARNING:third_party/crashpad/crashpad/util/process/process_memory_mac.cc:94] mach_vm_read(0x29d628000, 0x8000): (ipc/send) invalid destination port (0x10000003)
[0730/163325.363634:WARNING:third_party/crashpad/crashpad/util/process/process_memory_mac.cc:94] mach_vm_read(0x29d628000, 0x4000): (ipc/send) invalid destination port (0x10000003)
[0730/163325.363663:WARNING:third_party/crashpad/crashpad/snapshot/mac/process_reader_mac.cc:483] could not read dyld_image_info::imageFilePath
[0730/163325.363671:WARNING:third_party/crashpad/crashpad/util/process/process_memory_mac.cc:94] mach_vm_read(0x1bdb4c000, 0x4000): (ipc/send) invalid destination port (0x10000003)
[0730/163325.363677:WARNING:third_party/crashpad/crashpad/snapshot/mac/mach_o_image_reader.cc:81] could not read mach_header, module , address 0x1bdb4c000
[0730/163325.363683:WARNING:third_party/crashpad/crashpad/util/process/process_memory_mac.cc:94] mach_vm_read(0x29d7b8000, 0x8000): (ipc/send) invalid destination port (0x10000003)
[0730/163325.363689:WARNING:third_party/crashpad/crashpad/util/process/process_memory_mac.cc:94] mach_vm_read(0x29d7b8000, 0x4000): (ipc/send) invalid destination port (0x10000003)
[0730/163325.363693:WARNING:third_party/crashpad/crashpad/snapshot/mac/process_reader_mac.cc:483] could not read dyld_image_info::imageFilePath
[0730/163325.363698:WARNING:third_party/crashpad/crashpad/util/process/process_memory_mac.cc:94] mach_vm_read(0x27647c000, 0x4000): (ipc/send) invalid destination port (0x10000003)
[0730/163325.363702:WARNING:third_party/crashpad/crashpad/snapshot/mac/mach_o_image_reader.cc:81] could not read mach_header, module , address 0x27647f000
[0730/163325.363707:WARNING:third_party/crashpad/crashpad/util/process/process_memory_mac.cc:94] mach_vm_read(0x29d750000, 0x4000): (ipc/send) invalid destination port (0x10000003)
[0730/163325.363711:WARNING:third_party/crashpad/crashpad/snapshot/mac/process_reader_mac.cc:483] could not read dyld_image_info::imageFilePath
[0730/163325.363715:WARNING:third_party/crashpad/crashpad/util/process/process_memory_mac.cc:94] mach_vm_read(0x25bc44000, 0x4000): (ipc/send) invalid destination port (0x10000003)
[0730/163325.363719:WARNING:third_party/crashpad/crashpad/snapshot/mac/mach_o_image_reader.cc:81] could not read mach_header, module , address 0x25bc47000
[0730/163325.363723:WARNING:third_party/crashpad/crashpad/util/process/process_memory_mac.cc:94] mach_vm_read(0x29d618000, 0x4000): (ipc/send) invalid destination port (0x10000003)
[0730/163325.363727:WARNING:third_party/crashpad/crashpad/snapshot/mac/process_reader_mac.cc:483] could not read dyld_image_info::imageFilePath
[0730/163325.363732:WARNING:third_party/crashpad/crashpad/util/process/process_memory_mac.cc:94] mach_vm_read(0x1b74f0000, 0x4000): (ipc/send) invalid destination port (0x10000003)
[0730/163325.363736:WARNING:third_party/crashpad/crashpad/snapshot/mac/mach_o_image_reader.cc:81] could not read mach_header, module , address 0x1b74f0000
[0730/163325.363740:WARNING:third_party/crashpad/crashpad/util/process/process_memory_mac.cc:94] mach_vm_read(0x29d7ac000, 0x4000): (ipc/send) invalid destination port (0x10000003)
[0730/163325.363744:WARNING:third_party/crashpad/crashpad/snapshot/mac/process_reader_mac.cc:483] could not read dyld_image_info::imageFilePath
[0730/163325.363748:WARNING:third_party/crashpad/crashpad/util/process/process_memory_mac.cc:94] mach_vm_read(0x2754a0000, 0x4000): (ipc/send) invalid destination port (0x10000003)
[0730/163325.363828:WARNING:third_party/crashpad/crashpad/snapshot/mac/mach_o_image_reader.cc:81] could not read mach_header, module , address 0x2754a2000
[0730/163325.363840:WARNING:third_party/crashpad/crashpad/util/process/process_memory_mac.cc:94] mach_vm_read(0x29d5fc000, 0x4000): (ipc/send) invalid destination port (0x10000003)
[0730/163325.363847:WARNING:third_party/crashpad/crashpad/snapshot/mac/process_reader_mac.cc:483] could not read dyld_image_info::imageFilePath
[0730/163325.363855:WARNING:third_party/crashpad/crashpad/util/process/process_memory_mac.cc:94] mach_vm_read(0x1a9f64000, 0x4000): (ipc/send) invalid destination port (0x10000003)
[0730/163325.363861:WARNING:third_party/crashpad/crashpad/snapshot/mac/mach_o_image_reader.cc:81] could not read mach_header, module , address 0x1a9f65000
[0730/163325.363868:WARNING:third_party/crashpad/crashpad/util/process/process_memory_mac.cc:94] mach_vm_read(0x29d5f4000, 0x8000): (ipc/send) invalid destination port (0x10000003)
[0730/163325.363875:WARNING:third_party/crashpad/crashpad/util/process/process_memory_mac.cc:94] mach_vm_read(0x29d5f4000, 0x4000): (ipc/send) invalid destination port (0x10000003)
[0730/163325.363881:WARNING:third_party/crashpad/crashpad/snapshot/mac/process_reader_mac.cc:483] could not read dyld_image_info::imageFilePath
[0730/163325.363887:WARNING:third_party/crashpad/crashpad/util/process/process_memory_mac.cc:94] mach_vm_read(0x1a7ea8000, 0x4000): (ipc/send) invalid destination port (0x10000003)
[0730/163325.363893:WARNING:third_party/crashpad/crashpad/snapshot/mac/mach_o_image_reader.cc:81] could not read mach_header, module , address 0x1a7eab000
[0730/163325.363899:WARNING:third_party/crashpad/crashpad/util/process/process_memory_mac.cc:94] mach_vm_read(0x29d5c4000, 0x8000): (ipc/send) invalid destination port (0x10000003)
[0730/163325.363906:WARNING:third_party/crashpad/crashpad/util/process/process_memory_mac.cc:94] mach_vm_read(0x29d5c4000, 0x4000): (ipc/send) invalid destination port (0x10000003)
[0730/163325.363913:WARNING:third_party/crashpad/crashpad/snapshot/mac/process_reader_mac.cc:483] could not read dyld_image_info::imageFilePath
[0730/163325.363920:WARNING:third_party/crashpad/crashpad/util/process/process_memory_mac.cc:94] mach_vm_read(0x1983bc000, 0x4000): (ipc/send) invalid destination port (0x10000003)
[0730/163325.363927:WARNING:third_party/crashpad/crashpad/snapshot/mac/mach_o_image_reader.cc:81] could not read mach_header, module , address 0x1983bc000
[0730/163325.363934:WARNING:third_party/crashpad/crashpad/util/process/process_memory_mac.cc:94] mach_vm_read(0x29d610000, 0x4000): (ipc/send) invalid destination port (0x10000003)
[0730/163325.363941:WARNING:third_party/crashpad/crashpad/snapshot/mac/process_reader_mac.cc:483] could not read dyld_image_info::imageFilePath
[0730/163325.363947:WARNING:third_party/crashpad/crashpad/util/process/process_memory_mac.cc:94] mach_vm_read(0x1b4044000, 0x4000): (ipc/send) invalid destination port (0x10000003)
[0730/163325.363953:WARNING:third_party/crashpad/crashpad/snapshot/mac/mach_o_image_reader.cc:81] could not read mach_header, module , address 0x1b4047000
[0730/163325.363963:WARNING:third_party/crashpad/crashpad/util/process/process_memory_mac.cc:94] mach_vm_read(0x29d5dc000, 0x8000): (ipc/send) invalid destination port (0x10000003)
[0730/163325.363970:WARNING:third_party/crashpad/crashpad/util/process/process_memory_mac.cc:94] mach_vm_read(0x29d5dc000, 0x4000): (ipc/send) invalid destination port (0x10000003)
[0730/163325.363976:WARNING:third_party/crashpad/crashpad/snapshot/mac/process_reader_mac.cc:483] could not read dyld_image_info::imageFilePath
[0730/163325.363982:WARNING:third_party/crashpad/crashpad/util/process/process_memory_mac.cc:94] mach_vm_read(0x19fe7c000, 0x4000): (ipc/send) invalid destination port (0x10000003)
[0730/163325.363988:WARNING:third_party/crashpad/crashpad/snapshot/mac/mach_o_image_reader.cc:81] could not read mach_header, module , address 0x19fe7f000
[0730/163325.363994:WARNING:third_party/crashpad/crashpad/util/process/process_memory_mac.cc:94] mach_vm_read(0x29d618000, 0x4000): (ipc/send) invalid destination port (0x10000003)
[0730/163325.364000:WARNING:third_party/crashpad/crashpad/snapshot/mac/process_reader_mac.cc:483] could not read dyld_image_info::imageFilePath
[0730/163325.364007:WARNING:third_party/crashpad/crashpad/util/process/process_memory_mac.cc:94] mach_vm_read(0x1b74fc000, 0x4000): (ipc/send) invalid destination port (0x10000003)
[0730/163325.364013:WARNING:third_party/crashpad/crashpad/snapshot/mac/mach_o_image_reader.cc:81] could not read mach_header, module , address 0x1b74ff000
[0730/163325.364022:WARNING:third_party/crashpad/crashpad/util/process/process_memory_mac.cc:94] mach_vm_read(0x29d60c000, 0x4000): (ipc/send) invalid destination port (0x10000003)
[0730/163325.364536:WARNING:third_party/crashpad/crashpad/snapshot/mac/process_reader_mac.cc:483] could not read dyld_image_info::imageFilePath
[0730/163325.364557:WARNING:third_party/crashpad/crashpad/util/process/process_memory_mac.cc:94] mach_vm_read(0x1b0628000, 0x4000): (ipc/send) invalid destination port (0x10000003)
[0730/163325.364568:WARNING:third_party/crashpad/crashpad/snapshot/mac/mach_o_image_reader.cc:81] could not read mach_header, module , address 0x1b062b000
[0730/163325.364576:WARNING:third_party/crashpad/crashpad/util/process/process_memory_mac.cc:94] mach_vm_read(0x29d6c4000, 0x4000): (ipc/send) invalid destination port (0x10000003)
[0730/163325.364585:WARNING:third_party/crashpad/crashpad/snapshot/mac/process_reader_mac.cc:483] could not read dyld_image_info::imageFilePath
[0730/163325.364592:WARNING:third_party/crashpad/crashpad/util/process/process_memory_mac.cc:94] mach_vm_read(0x2333a4000, 0x4000): (ipc/send) invalid destination port (0x10000003)
[0730/163325.364599:WARNING:third_party/crashpad/crashpad/snapshot/mac/mach_o_image_reader.cc:81] could not read mach_header, module , address 0x2333a4000
[0730/163325.364606:WARNING:third_party/crashpad/crashpad/util/process/process_memory_mac.cc:94] mach_vm_read(0x29d798000, 0x4000): (ipc/send) invalid destination port (0x10000003)
[0730/163325.364612:WARNING:third_party/crashpad/crashpad/snapshot/mac/process_reader_mac.cc:483] could not read dyld_image_info::imageFilePath
[0730/163325.364624:WARNING:third_party/crashpad/crashpad/util/process/process_memory_mac.cc:94] mach_vm_read(0x26e400000, 0x4000): (ipc/send) invalid destination port (0x10000003)
[0730/163325.364630:WARNING:third_party/crashpad/crashpad/snapshot/mac/mach_o_image_reader.cc:81] could not read mach_header, module , address 0x26e402000
[0730/163325.364637:WARNING:third_party/crashpad/crashpad/util/process/process_memory_mac.cc:94] mach_vm_read(0x29d614000, 0x4000): (ipc/send) invalid destination port (0x10000003)
[0730/163325.364643:WARNING:third_party/crashpad/crashpad/snapshot/mac/process_reader_mac.cc:483] could not read dyld_image_info::imageFilePath
[0730/163325.364649:WARNING:third_party/crashpad/crashpad/util/process/process_memory_mac.cc:94] mach_vm_read(0x1b6704000, 0x4000): (ipc/send) invalid destination port (0x10000003)
[0730/163325.364655:WARNING:third_party/crashpad/crashpad/snapshot/mac/mach_o_image_reader.cc:81] could not read mach_header, module , address 0x1b6706000
[0730/163325.364662:WARNING:third_party/crashpad/crashpad/util/process/process_memory_mac.cc:94] mach_vm_read(0x29d614000, 0x4000): (ipc/send) invalid destination port (0x10000003)
[0730/163325.364668:WARNING:third_party/crashpad/crashpad/snapshot/mac/process_reader_mac.cc:483] could not read dyld_image_info::imageFilePath
[0730/163325.364675:WARNING:third_party/crashpad/crashpad/util/process/process_memory_mac.cc:94] mach_vm_read(0x1b68f4000, 0x4000): (ipc/send) invalid destination port (0x10000003)
[0730/163325.364681:WARNING:third_party/crashpad/crashpad/snapshot/mac/mach_o_image_reader.cc:81] could not read mach_header, module , address 0x1b68f6000
[0730/163325.364687:WARNING:third_party/crashpad/crashpad/util/process/process_memory_mac.cc:94] mach_vm_read(0x29d72c000, 0x4000): (ipc/send) invalid destination port (0x10000003)
[0730/163325.364694:WARNING:third_party/crashpad/crashpad/snapshot/mac/process_reader_mac.cc:483] could not read dyld_image_info::imageFilePath
[0730/163325.364700:WARNING:third_party/crashpad/crashpad/util/process/process_memory_mac.cc:94] mach_vm_read(0x251d48000, 0x4000): (ipc/send) invalid destination port (0x10000003)
[0730/163325.364707:WARNING:third_party/crashpad/crashpad/snapshot/mac/mach_o_image_reader.cc:81] could not read mach_header, module , address 0x251d4b000
[0730/163325.364713:WARNING:third_party/crashpad/crashpad/util/process/process_memory_mac.cc:94] mach_vm_read(0x29d61c000, 0x4000): (ipc/send) invalid destination port (0x10000003)
[0730/163325.364719:WARNING:third_party/crashpad/crashpad/snapshot/mac/process_reader_mac.cc:483] could not read dyld_image_info::imageFilePath
[0730/163325.364725:WARNING:third_party/crashpad/crashpad/util/process/process_memory_mac.cc:94] mach_vm_read(0x1b8320000, 0x4000): (ipc/send) invalid destination port (0x10000003)
[0730/163325.364731:WARNING:third_party/crashpad/crashpad/snapshot/mac/mach_o_image_reader.cc:81] could not read mach_header, module , address 0x1b8322000
[0730/163325.364737:WARNING:third_party/crashpad/crashpad/util/process/process_memory_mac.cc:94] mach_vm_read(0x29d6ec000, 0x8000): (ipc/send) invalid destination port (0x10000003)
[0730/163325.364746:WARNING:third_party/crashpad/crashpad/util/process/process_memory_mac.cc:94] mach_vm_read(0x29d6ec000, 0x4000): (ipc/send) invalid destination port (0x10000003)
[0730/163325.364752:WARNING:third_party/crashpad/crashpad/snapshot/mac/process_reader_mac.cc:483] could not read dyld_image_info::imageFilePath
[0730/163325.364758:WARNING:third_party/crashpad/crashpad/util/process/process_memory_mac.cc:94] mach_vm_read(0x23c240000, 0x4000): (ipc/send) invalid destination port (0x10000003)
[0730/163325.364764:WARNING:third_party/crashpad/crashpad/snapshot/mac/mach_o_image_reader.cc:81] could not read mach_header, module , address 0x23c241000
[0730/163325.364770:WARNING:third_party/crashpad/crashpad/util/process/process_memory_mac.cc:94] mach_vm_read(0x29d5e8000, 0x8000): (ipc/send) invalid destination port (0x10000003)
[0730/163325.364777:WARNING:third_party/crashpad/crashpad/util/process/process_memory_mac.cc:94] mach_vm_read(0x29d5e8000, 0x4000): (ipc/send) invalid destination port (0x10000003)
[0730/163325.364782:WARNING:third_party/crashpad/crashpad/snapshot/mac/process_reader_mac.cc:483] could not read dyld_image_info::imageFilePath
[0730/163325.364788:WARNING:third_party/crashpad/crashpad/util/process/process_memory_mac.cc:94] mach_vm_read(0x1a479c000, 0x4000): (ipc/send) invalid destination port (0x10000003)
[0730/163325.364794:WARNING:third_party/crashpad/crashpad/snapshot/mac/mach_o_image_reader.cc:81] could not read mach_header, module , address 0x1a479f000
[0730/163325.364800:WARNING:third_party/crashpad/crashpad/util/process/process_memory_mac.cc:94] mach_vm_read(0x29d61c000, 0x4000): (ipc/send) invalid destination port (0x10000003)
[0730/163325.364806:WARNING:third_party/crashpad/crashpad/snapshot/mac/process_reader_mac.cc:483] could not read dyld_image_info::imageFilePath
[0730/163325.364812:WARNING:third_party/crashpad/crashpad/util/process/process_memory_mac.cc:94] mach_vm_read(0x1b8210000, 0x4000): (ipc/send) invalid destination port (0x10000003)
[0730/163325.364818:WARNING:third_party/crashpad/crashpad/snapshot/mac/mach_o_image_reader.cc:81] could not read mach_header, module , address 0x1b8210000
[0730/163325.364823:WARNING:third_party/crashpad/crashpad/util/process/process_memory_mac.cc:94] mach_vm_read(0x29d644000, 0x8000): (ipc/send) invalid destination port (0x10000003)
[0730/163325.364830:WARNING:third_party/crashpad/crashpad/util/process/process_memory_mac.cc:94] mach_vm_read(0x29d644000, 0x4000): (ipc/send) invalid destination port (0x10000003)
[0730/163325.364835:WARNING:third_party/crashpad/crashpad/snapshot/mac/process_reader_mac.cc:483] could not read dyld_image_info::imageFilePath
[0730/163325.365217:WARNING:third_party/crashpad/crashpad/util/process/process_memory_mac.cc:94] mach_vm_read(0x1ca8f4000, 0x4000): (ipc/send) invalid destination port (0x10000003)
[0730/163325.365226:WARNING:third_party/crashpad/crashpad/snapshot/mac/mach_o_image_reader.cc:81] could not read mach_header, module , address 0x1ca8f4000
[0730/163325.365234:WARNING:third_party/crashpad/crashpad/util/process/process_memory_mac.cc:94] mach_vm_read(0x29d60c000, 0x4000): (ipc/send) invalid destination port (0x10000003)
[0730/163325.367773:WARNING:third_party/crashpad/crashpad/snapshot/mac/process_reader_mac.cc:483] could not read dyld_image_info::imageFilePath
[0730/163325.367795:WARNING:third_party/crashpad/crashpad/util/process/process_memory_mac.cc:94] mach_vm_read(0x1b3da4000, 0x4000): (ipc/send) invalid destination port (0x10000003)
[0730/163325.367803:WARNING:third_party/crashpad/crashpad/snapshot/mac/mach_o_image_reader.cc:81] could not read mach_header, module , address 0x1b3da4000
[0730/163325.367812:WARNING:third_party/crashpad/crashpad/util/process/process_memory_mac.cc:94] mach_vm_read(0x29d5dc000, 0x8000): (ipc/send) invalid destination port (0x10000003)
[0730/163325.367819:WARNING:third_party/crashpad/crashpad/util/process/process_memory_mac.cc:94] mach_vm_read(0x29d5dc000, 0x4000): (ipc/send) invalid destination port (0x10000003)
[0730/163325.367824:WARNING:third_party/crashpad/crashpad/snapshot/mac/process_reader_mac.cc:483] could not read dyld_image_info::imageFilePath
[0730/163325.367829:WARNING:third_party/crashpad/crashpad/util/process/process_memory_mac.cc:94] mach_vm_read(0x19feb8000, 0x4000): (ipc/send) invalid destination port (0x10000003)
[0730/163325.367834:WARNING:third_party/crashpad/crashpad/snapshot/mac/mach_o_image_reader.cc:81] could not read mach_header, module , address 0x19feb8000
[0730/163325.367839:WARNING:third_party/crashpad/crashpad/util/process/process_memory_mac.cc:94] mach_vm_read(0x29d628000, 0x4000): (ipc/send) invalid destination port (0x10000003)
[0730/163325.367844:WARNING:third_party/crashpad/crashpad/snapshot/mac/process_reader_mac.cc:483] could not read dyld_image_info::imageFilePath
[0730/163325.367849:WARNING:third_party/crashpad/crashpad/util/process/process_memory_mac.cc:94] mach_vm_read(0x1bd73c000, 0x4000): (ipc/send) invalid destination port (0x10000003)
[0730/163325.367853:WARNING:third_party/crashpad/crashpad/snapshot/mac/mach_o_image_reader.cc:81] could not read mach_header, module , address 0x1bd73c000
[0730/163325.367857:WARNING:third_party/crashpad/crashpad/util/process/process_memory_mac.cc:94] mach_vm_read(0x29d600000, 0x4000): (ipc/send) invalid destination port (0x10000003)
[0730/163325.367862:WARNING:third_party/crashpad/crashpad/snapshot/mac/process_reader_mac.cc:483] could not read dyld_image_info::imageFilePath
[0730/163325.368407:WARNING:third_party/crashpad/crashpad/util/process/process_memory_mac.cc:94] mach_vm_read(0x1aae3c000, 0x4000): (ipc/send) invalid destination port (0x10000003)
[0730/163325.369607:WARNING:third_party/crashpad/crashpad/snapshot/mac/mach_o_image_reader.cc:81] could not read mach_header, module , address 0x1aae3d000
[0730/163325.369637:WARNING:third_party/crashpad/crashpad/util/process/process_memory_mac.cc:94] mach_vm_read(0x29d634000, 0x4000): (ipc/send) invalid destination port (0x10000003)
[0730/163325.369646:WARNING:third_party/crashpad/crashpad/snapshot/mac/process_reader_mac.cc:483] could not read dyld_image_info::imageFilePath
[0730/163325.369652:WARNING:third_party/crashpad/crashpad/util/process/process_memory_mac.cc:94] mach_vm_read(0x1c36e8000, 0x4000): (ipc/send) invalid destination port (0x10000003)
[0730/163325.369664:WARNING:third_party/crashpad/crashpad/snapshot/mac/mach_o_image_reader.cc:81] could not read mach_header, module , address 0x1c36eb000
[0730/163325.369669:WARNING:third_party/crashpad/crashpad/util/process/process_memory_mac.cc:94] mach_vm_read(0x29d63c000, 0x4000): (ipc/send) invalid destination port (0x10000003)
[0730/163325.369673:WARNING:third_party/crashpad/crashpad/snapshot/mac/process_reader_mac.cc:483] could not read dyld_image_info::imageFilePath
[0730/163325.369678:WARNING:third_party/crashpad/crashpad/util/process/process_memory_mac.cc:94] mach_vm_read(0x1c6408000, 0x4000): (ipc/send) invalid destination port (0x10000003)
[0730/163325.369683:WARNING:third_party/crashpad/crashpad/snapshot/mac/mach_o_image_reader.cc:81] could not read mach_header, module , address 0x1c640b000
[0730/163325.369687:WARNING:third_party/crashpad/crashpad/util/process/process_memory_mac.cc:94] mach_vm_read(0x29d6b4000, 0x4000): (ipc/send) invalid destination port (0x10000003)
[0730/163325.369692:WARNING:third_party/crashpad/crashpad/snapshot/mac/process_reader_mac.cc:483] could not read dyld_image_info::imageFilePath
[0730/163325.369697:WARNING:third_party/crashpad/crashpad/util/process/process_memory_mac.cc:94] mach_vm_read(0x1efcc4000, 0x4000): (ipc/send) invalid destination port (0x10000003)
[0730/163325.369722:WARNING:third_party/crashpad/crashpad/snapshot/mac/mach_o_image_reader.cc:81] could not read mach_header, module , address 0x1efcc7000
[0730/163325.369727:WARNING:third_party/crashpad/crashpad/util/process/process_memory_mac.cc:94] mach_vm_read(0x29d600000, 0x4000): (ipc/send) invalid destination port (0x10000003)
[0730/163325.369732:WARNING:third_party/crashpad/crashpad/snapshot/mac/process_reader_mac.cc:483] could not read dyld_image_info::imageFilePath
[0730/163325.369736:WARNING:third_party/crashpad/crashpad/util/process/process_memory_mac.cc:94] mach_vm_read(0x1aae60000, 0x4000): (ipc/send) invalid destination port (0x10000003)
[0730/163325.369741:WARNING:third_party/crashpad/crashpad/snapshot/mac/mach_o_image_reader.cc:81] could not read mach_header, module , address 0x1aae61000
[0730/163325.369746:WARNING:third_party/crashpad/crashpad/util/process/process_memory_mac.cc:94] mach_vm_read(0x29d63c000, 0x4000): (ipc/send) invalid destination port (0x10000003)
[0730/163325.369751:WARNING:third_party/crashpad/crashpad/snapshot/mac/process_reader_mac.cc:483] could not read dyld_image_info::imageFilePath
[0730/163325.369755:WARNING:third_party/crashpad/crashpad/util/process/process_memory_mac.cc:94] mach_vm_read(0x1c63d8000, 0x4000): (ipc/send) invalid destination port (0x10000003)
[0730/163325.369785:WARNING:third_party/crashpad/crashpad/snapshot/mac/mach_o_image_reader.cc:81] could not read mach_header, module , address 0x1c63db000
[0730/163325.369795:WARNING:third_party/crashpad/crashpad/util/process/process_memory_mac.cc:94] mach_vm_read(0x29d680000, 0x4000): (ipc/send) invalid destination port (0x10000003)
[0730/163325.369802:WARNING:third_party/crashpad/crashpad/snapshot/mac/process_reader_mac.cc:483] could not read dyld_image_info::imageFilePath
[0730/163325.369812:WARNING:third_party/crashpad/crashpad/util/process/process_memory_mac.cc:94] mach_vm_read(0x1dcf2c000, 0x4000): (ipc/send) invalid destination port (0x10000003)
[0730/163325.369817:WARNING:third_party/crashpad/crashpad/snapshot/mac/mach_o_image_reader.cc:81] could not read mach_header, module , address 0x1dcf2f000
[0730/163325.369823:WARNING:third_party/crashpad/crashpad/util/process/process_memory_mac.cc:94] mach_vm_read(0x29d6b8000, 0x8000): (ipc/send) invalid destination port (0x10000003)
[0730/163325.369828:WARNING:third_party/crashpad/crashpad/util/process/process_memory_mac.cc:94] mach_vm_read(0x29d6b8000, 0x4000): (ipc/send) invalid destination port (0x10000003)
[0730/163325.369832:WARNING:third_party/crashpad/crashpad/snapshot/mac/process_reader_mac.cc:483] could not read dyld_image_info::imageFilePath
[0730/163325.369836:WARNING:third_party/crashpad/crashpad/util/process/process_memory_mac.cc:94] mach_vm_read(0x1f0e20000, 0x4000): (ipc/send) invalid destination port (0x10000003)
[0730/163325.369841:WARNING:third_party/crashpad/crashpad/snapshot/mac/mach_o_image_reader.cc:81] could not read mach_header, module , address 0x1f0e22000
[0730/163325.369846:WARNING:third_party/crashpad/crashpad/util/process/process_memory_mac.cc:94] mach_vm_read(0x29d72c000, 0x4000): (ipc/send) invalid destination port (0x10000003)
[0730/163325.369851:WARNING:third_party/crashpad/crashpad/snapshot/mac/process_reader_mac.cc:483] could not read dyld_image_info::imageFilePath
[0730/163325.369855:WARNING:third_party/crashpad/crashpad/util/process/process_memory_mac.cc:94] mach_vm_read(0x251d84000, 0x4000): (ipc/send) invalid destination port (0x10000003)
[0730/163325.369859:WARNING:third_party/crashpad/crashpad/snapshot/mac/mach_o_image_reader.cc:81] could not read mach_header, module , address 0x251d84000
[0730/163325.369864:WARNING:third_party/crashpad/crashpad/util/process/process_memory_mac.cc:94] mach_vm_read(0x29d61c000, 0x4000): (ipc/send) invalid destination port (0x10000003)
[0730/163325.369868:WARNING:third_party/crashpad/crashpad/snapshot/mac/process_reader_mac.cc:483] could not read dyld_image_info::imageFilePath
[0730/163325.369873:WARNING:third_party/crashpad/crashpad/util/process/process_memory_mac.cc:94] mach_vm_read(0x1b816c000, 0x4000): (ipc/send) invalid destination port (0x10000003)
[0730/163325.369877:WARNING:third_party/crashpad/crashpad/snapshot/mac/mach_o_image_reader.cc:81] could not read mach_header, module , address 0x1b816e000
[0730/163325.369881:WARNING:third_party/crashpad/crashpad/util/process/process_memory_mac.cc:94] mach_vm_read(0x29d688000, 0x8000): (ipc/send) invalid destination port (0x10000003)
[0730/163325.369885:WARNING:third_party/crashpad/crashpad/util/process/process_memory_mac.cc:94] mach_vm_read(0x29d688000, 0x4000): (ipc/send) invalid destination port (0x10000003)
[0730/163325.369908:WARNING:third_party/crashpad/crashpad/snapshot/mac/process_reader_mac.cc:483] could not read dyld_image_info::imageFilePath
[0730/163325.369912:WARNING:third_party/crashpad/crashpad/util/process/process_memory_mac.cc:94] mach_vm_read(0x1dfda4000, 0x4000): (ipc/send) invalid destination port (0x10000003)
[0730/163325.369920:WARNING:third_party/crashpad/crashpad/snapshot/mac/mach_o_image_reader.cc:81] could not read mach_header, module , address 0x1dfda7000
[0730/163325.369925:WARNING:third_party/crashpad/crashpad/util/process/process_memory_mac.cc:94] mach_vm_read(0x29d614000, 0x4000): (ipc/send) invalid destination port (0x10000003)
[0730/163325.369929:WARNING:third_party/crashpad/crashpad/snapshot/mac/process_reader_mac.cc:483] could not read dyld_image_info::imageFilePath
[0730/163325.369933:WARNING:third_party/crashpad/crashpad/util/process/process_memory_mac.cc:94] mach_vm_read(0x1b6720000, 0x4000): (ipc/send) invalid destination port (0x10000003)
[0730/163325.369936:WARNING:third_party/crashpad/crashpad/snapshot/mac/mach_o_image_reader.cc:81] could not read mach_header, module , address 0x1b6720000
[0730/163325.369940:WARNING:third_party/crashpad/crashpad/util/process/process_memory_mac.cc:94] mach_vm_read(0x29d738000, 0x4000): (ipc/send) invalid destination port (0x10000003)
[0730/163325.369944:WARNING:third_party/crashpad/crashpad/snapshot/mac/process_reader_mac.cc:483] could not read dyld_image_info::imageFilePath
[0730/163325.369947:WARNING:third_party/crashpad/crashpad/util/process/process_memory_mac.cc:94] mach_vm_read(0x255098000, 0x4000): (ipc/send) invalid destination port (0x10000003)
[0730/163325.369951:WARNING:third_party/crashpad/crashpad/snapshot/mac/mach_o_image_reader.cc:81] could not read mach_header, module , address 0x255099000
[0730/163325.369955:WARNING:third_party/crashpad/crashpad/util/process/process_memory_mac.cc:94] mach_vm_read(0x29d7a8000, 0x4000): (ipc/send) invalid destination port (0x10000003)
[0730/163325.369958:WARNING:third_party/crashpad/crashpad/snapshot/mac/process_reader_mac.cc:483] could not read dyld_image_info::imageFilePath
[0730/163325.369962:WARNING:third_party/crashpad/crashpad/util/process/process_memory_mac.cc:94] mach_vm_read(0x275284000, 0x4000): (ipc/send) invalid destination port (0x10000003)
[0730/163325.369965:WARNING:third_party/crashpad/crashpad/snapshot/mac/mach_o_image_reader.cc:81] could not read mach_header, module , address 0x275284000
[0730/163325.369970:WARNING:third_party/crashpad/crashpad/util/process/process_memory_mac.cc:94] mach_vm_read(0x29d600000, 0x8000): (ipc/send) invalid destination port (0x10000003)
[0730/163325.369975:WARNING:third_party/crashpad/crashpad/util/process/process_memory_mac.cc:94] mach_vm_read(0x29d600000, 0x4000): (ipc/send) invalid destination port (0x10000003)
[0730/163325.369979:WARNING:third_party/crashpad/crashpad/snapshot/mac/process_reader_mac.cc:483] could not read dyld_image_info::imageFilePath
[0730/163325.369984:WARNING:third_party/crashpad/crashpad/util/process/process_memory_mac.cc:94] mach_vm_read(0x1ac7fc000, 0x4000): (ipc/send) invalid destination port (0x10000003)
[0730/163325.369988:WARNING:third_party/crashpad/crashpad/snapshot/mac/mach_o_image_reader.cc:81] could not read mach_header, module , address 0x1ac7ff000
[0730/163325.369992:WARNING:third_party/crashpad/crashpad/util/process/process_memory_mac.cc:94] mach_vm_read(0x29d610000, 0x4000): (ipc/send) invalid destination port (0x10000003)
[0730/163325.379545:WARNING:third_party/crashpad/crashpad/snapshot/mac/process_reader_mac.cc:483] could not read dyld_image_info::imageFilePath
[0730/163325.379593:WARNING:third_party/crashpad/crashpad/util/process/process_memory_mac.cc:94] mach_vm_read(0x1b60fc000, 0x4000): (ipc/send) invalid destination port (0x10000003)
[0730/163325.379608:WARNING:third_party/crashpad/crashpad/snapshot/mac/mach_o_image_reader.cc:81] could not read mach_header, module , address 0x1b60ff000
[0730/163325.379618:WARNING:third_party/crashpad/crashpad/util/process/process_memory_mac.cc:94] mach_vm_read(0x29d61c000, 0x4000): (ipc/send) invalid destination port (0x10000003)
[0730/163325.379626:WARNING:third_party/crashpad/crashpad/snapshot/mac/process_reader_mac.cc:483] could not read dyld_image_info::imageFilePath
[0730/163325.379633:WARNING:third_party/crashpad/crashpad/util/process/process_memory_mac.cc:94] mach_vm_read(0x1b8b80000, 0x4000): (ipc/send) invalid destination port (0x10000003)
[0730/163325.379640:WARNING:third_party/crashpad/crashpad/snapshot/mac/mach_o_image_reader.cc:81] could not read mach_header, module , address 0x1b8b80000
[0730/163325.379648:WARNING:third_party/crashpad/crashpad/util/process/process_memory_mac.cc:94] mach_vm_read(0x29d6c0000, 0x8000): (ipc/send) invalid destination port (0x10000003)
[0730/163325.379655:WARNING:third_party/crashpad/crashpad/util/process/process_memory_mac.cc:94] mach_vm_read(0x29d6c0000, 0x4000): (ipc/send) invalid destination port (0x10000003)
[0730/163325.383488:WARNING:third_party/crashpad/crashpad/snapshot/mac/process_reader_mac.cc:483] could not read dyld_image_info::imageFilePath
[0730/163325.383539:WARNING:third_party/crashpad/crashpad/util/process/process_memory_mac.cc:94] mach_vm_read(0x1f577c000, 0x4000): (ipc/send) invalid destination port (0x10000003)
[0730/163325.383555:WARNING:third_party/crashpad/crashpad/snapshot/mac/mach_o_image_reader.cc:81] could not read mach_header, module , address 0x1f577d000
[0730/163325.383565:WARNING:third_party/crashpad/crashpad/util/process/process_memory_mac.cc:94] mach_vm_read(0x29d610000, 0x8000): (ipc/send) invalid destination port (0x10000003)
[0730/163325.383574:WARNING:third_party/crashpad/crashpad/util/process/process_memory_mac.cc:94] mach_vm_read(0x29d610000, 0x4000): (ipc/send) invalid destination port (0x10000003)
[0730/163325.383581:WARNING:third_party/crashpad/crashpad/snapshot/mac/process_reader_mac.cc:483] could not read dyld_image_info::imageFilePath
[0730/163325.383588:WARNING:third_party/crashpad/crashpad/util/process/process_memory_mac.cc:94] mach_vm_read(0x1b612c000, 0x4000): (ipc/send) invalid destination port (0x10000003)
[0730/163325.383594:WARNING:third_party/crashpad/crashpad/snapshot/mac/mach_o_image_reader.cc:81] could not read mach_header, module , address 0x1b612d000
[0730/163325.383600:WARNING:third_party/crashpad/crashpad/util/process/process_memory_mac.cc:94] mach_vm_read(0x29d658000, 0x4000): (ipc/send) invalid destination port (0x10000003)
[0730/163325.383607:WARNING:third_party/crashpad/crashpad/snapshot/mac/process_reader_mac.cc:483] could not read dyld_image_info::imageFilePath
[0730/163325.383623:WARNING:third_party/crashpad/crashpad/util/process/process_memory_mac.cc:94] mach_vm_read(0x1d2354000, 0x4000): (ipc/send) invalid destination port (0x10000003)
[0730/163325.383629:WARNING:third_party/crashpad/crashpad/snapshot/mac/mach_o_image_reader.cc:81] could not read mach_header, module , address 0x1d2357000
[0730/163325.383636:WARNING:third_party/crashpad/crashpad/util/process/process_memory_mac.cc:94] mach_vm_read(0x29d658000, 0x4000): (ipc/send) invalid destination port (0x10000003)
[0730/163325.383642:WARNING:third_party/crashpad/crashpad/snapshot/mac/process_reader_mac.cc:483] could not read dyld_image_info::imageFilePath
[0730/163325.383648:WARNING:third_party/crashpad/crashpad/util/process/process_memory_mac.cc:94] mach_vm_read(0x1d2348000, 0x4000): (ipc/send) invalid destination port (0x10000003)
[0730/163325.383654:WARNING:third_party/crashpad/crashpad/snapshot/mac/mach_o_image_reader.cc:81] could not read mach_header, module , address 0x1d234b000
[0730/163325.383665:WARNING:third_party/crashpad/crashpad/util/process/process_memory_mac.cc:94] mach_vm_read(0x29d620000, 0x8000): (ipc/send) invalid destination port (0x10000003)
[0730/163325.383673:WARNING:third_party/crashpad/crashpad/util/process/process_memory_mac.cc:94] mach_vm_read(0x29d620000, 0x4000): (ipc/send) invalid destination port (0x10000003)
[0730/163325.383679:WARNING:third_party/crashpad/crashpad/snapshot/mac/process_reader_mac.cc:483] could not read dyld_image_info::imageFilePath
[0730/163325.383685:WARNING:third_party/crashpad/crashpad/util/process/process_memory_mac.cc:94] mach_vm_read(0x1bb87c000, 0x4000): (ipc/send) invalid destination port (0x10000003)
[0730/163325.383691:WARNING:third_party/crashpad/crashpad/snapshot/mac/mach_o_image_reader.cc:81] could not read mach_header, module , address 0x1bb87c000
[0730/163325.383697:WARNING:third_party/crashpad/crashpad/util/process/process_memory_mac.cc:94] mach_vm_read(0x29d5e8000, 0x8000): (ipc/send) invalid destination port (0x10000003)
[0730/163325.383704:WARNING:third_party/crashpad/crashpad/util/process/process_memory_mac.cc:94] mach_vm_read(0x29d5e8000, 0x4000): (ipc/send) invalid destination port (0x10000003)
[0730/163325.383709:WARNING:third_party/crashpad/crashpad/snapshot/mac/process_reader_mac.cc:483] could not read dyld_image_info::imageFilePath
[0730/163325.383716:WARNING:third_party/crashpad/crashpad/util/process/process_memory_mac.cc:94] mach_vm_read(0x1a4404000, 0x4000): (ipc/send) invalid destination port (0x10000003)
[0730/163325.383722:WARNING:third_party/crashpad/crashpad/snapshot/mac/mach_o_image_reader.cc:81] could not read mach_header, module , address 0x1a4404000
[0730/163325.383728:WARNING:third_party/crashpad/crashpad/util/process/process_memory_mac.cc:94] mach_vm_read(0x29d664000, 0x4000): (ipc/send) invalid destination port (0x10000003)
[0730/163325.383733:WARNING:third_party/crashpad/crashpad/snapshot/mac/process_reader_mac.cc:483] could not read dyld_image_info::imageFilePath
[0730/163325.383740:WARNING:third_party/crashpad/crashpad/util/process/process_memory_mac.cc:94] mach_vm_read(0x1d8710000, 0x4000): (ipc/send) invalid destination port (0x10000003)
[0730/163325.383751:WARNING:third_party/crashpad/crashpad/snapshot/mac/mach_o_image_reader.cc:81] could not read mach_header, module , address 0x1d8713000
[0730/163325.383757:WARNING:third_party/crashpad/crashpad/util/process/process_memory_mac.cc:94] mach_vm_read(0x29d6ec000, 0x4000): (ipc/send) invalid destination port (0x10000003)
[0730/163325.383763:WARNING:third_party/crashpad/crashpad/snapshot/mac/process_reader_mac.cc:483] could not read dyld_image_info::imageFilePath
[0730/163325.383769:WARNING:third_party/crashpad/crashpad/util/process/process_memory_mac.cc:94] mach_vm_read(0x23c0d8000, 0x4000): (ipc/send) invalid destination port (0x10000003)
[0730/163325.383775:WARNING:third_party/crashpad/crashpad/snapshot/mac/mach_o_image_reader.cc:81] could not read mach_header, module , address 0x23c0da000
[0730/163325.383781:WARNING:third_party/crashpad/crashpad/util/process/process_memory_mac.cc:94] mach_vm_read(0x29d788000, 0x8000): (ipc/send) invalid destination port (0x10000003)
[0730/163325.383787:WARNING:third_party/crashpad/crashpad/util/process/process_memory_mac.cc:94] mach_vm_read(0x29d788000, 0x4000): (ipc/send) invalid destination port (0x10000003)
[0730/163325.383793:WARNING:third_party/crashpad/crashpad/snapshot/mac/process_reader_mac.cc:483] could not read dyld_image_info::imageFilePath
[0730/163325.383799:WARNING:third_party/crashpad/crashpad/util/process/process_memory_mac.cc:94] mach_vm_read(0x269b28000, 0x4000): (ipc/send) invalid destination port (0x10000003)
[0730/163325.383805:WARNING:third_party/crashpad/crashpad/snapshot/mac/mach_o_image_reader.cc:81] could not read mach_header, module , address 0x269b2b000
[0730/163325.383811:WARNING:third_party/crashpad/crashpad/util/process/process_memory_mac.cc:94] mach_vm_read(0x29d618000, 0x4000): (ipc/send) invalid destination port (0x10000003)
[0730/163325.383817:WARNING:third_party/crashpad/crashpad/snapshot/mac/process_reader_mac.cc:483] could not read dyld_image_info::imageFilePath
[0730/163325.383823:WARNING:third_party/crashpad/crashpad/util/process/process_memory_mac.cc:94] mach_vm_read(0x1b7324000, 0x4000): (ipc/send) invalid destination port (0x10000003)
[0730/163325.383829:WARNING:third_party/crashpad/crashpad/snapshot/mac/mach_o_image_reader.cc:81] could not read mach_header, module , address 0x1b7326000
[0730/163325.383835:WARNING:third_party/crashpad/crashpad/util/process/process_memory_mac.cc:94] mach_vm_read(0x29d618000, 0x4000): (ipc/send) invalid destination port (0x10000003)
[0730/163325.383841:WARNING:third_party/crashpad/crashpad/snapshot/mac/process_reader_mac.cc:483] could not read dyld_image_info::imageFilePath
[0730/163325.383847:WARNING:third_party/crashpad/crashpad/util/process/process_memory_mac.cc:94] mach_vm_read(0x1b74d8000, 0x4000): (ipc/send) invalid destination port (0x10000003)
[0730/163325.383853:WARNING:third_party/crashpad/crashpad/snapshot/mac/mach_o_image_reader.cc:81] could not read mach_header, module , address 0x1b74db000
[0730/163325.383859:WARNING:third_party/crashpad/crashpad/util/process/process_memory_mac.cc:94] mach_vm_read(0x29d618000, 0x4000): (ipc/send) invalid destination port (0x10000003)
[0730/163325.383869:WARNING:third_party/crashpad/crashpad/snapshot/mac/process_reader_mac.cc:483] could not read dyld_image_info::imageFilePath
[0730/163325.383875:WARNING:third_party/crashpad/crashpad/util/process/process_memory_mac.cc:94] mach_vm_read(0x1b6cd0000, 0x4000): (ipc/send) invalid destination port (0x10000003)
[0730/163325.383881:WARNING:third_party/crashpad/crashpad/snapshot/mac/mach_o_image_reader.cc:81] could not read mach_header, module , address 0x1b6cd3000
[0730/163325.383887:WARNING:third_party/crashpad/crashpad/util/process/process_memory_mac.cc:94] mach_vm_read(0x29d5b8000, 0x8000): (ipc/send) invalid destination port (0x10000003)
[0730/163325.383893:WARNING:third_party/crashpad/crashpad/util/process/process_memory_mac.cc:94] mach_vm_read(0x29d5b8000, 0x4000): (ipc/send) invalid destination port (0x10000003)
[0730/163325.383899:WARNING:third_party/crashpad/crashpad/snapshot/mac/process_reader_mac.cc:483] could not read dyld_image_info::imageFilePath
[0730/163325.383905:WARNING:third_party/crashpad/crashpad/util/process/process_memory_mac.cc:94] mach_vm_read(0x18f08c000, 0x4000): (ipc/send) invalid destination port (0x10000003)
[0730/163325.383911:WARNING:third_party/crashpad/crashpad/snapshot/mac/mach_o_image_reader.cc:81] could not read mach_header, module , address 0x18f08f000
[0730/163325.383917:WARNING:third_party/crashpad/crashpad/util/process/process_memory_mac.cc:94] mach_vm_read(0x29d608000, 0x8000): (ipc/send) invalid destination port (0x10000003)
[0730/163325.383924:WARNING:third_party/crashpad/crashpad/util/process/process_memory_mac.cc:94] mach_vm_read(0x29d608000, 0x4000): (ipc/send) invalid destination port (0x10000003)
[0730/163325.383930:WARNING:third_party/crashpad/crashpad/snapshot/mac/process_reader_mac.cc:483] could not read dyld_image_info::imageFilePath
[0730/163325.383935:WARNING:third_party/crashpad/crashpad/util/process/process_memory_mac.cc:94] mach_vm_read(0x1b0058000, 0x4000): (ipc/send) invalid destination port (0x10000003)
[0730/163325.383941:WARNING:third_party/crashpad/crashpad/snapshot/mac/mach_o_image_reader.cc:81] could not read mach_header, module , address 0x1b005a000
[0730/163325.383948:WARNING:third_party/crashpad/crashpad/util/process/process_memory_mac.cc:94] mach_vm_read(0x29d5d4000, 0x4000): (ipc/send) invalid destination port (0x10000003)
[0730/163325.402618:WARNING:third_party/crashpad/crashpad/snapshot/mac/process_reader_mac.cc:483] could not read dyld_image_info::imageFilePath
[0730/163325.402646:WARNING:third_party/crashpad/crashpad/util/process/process_memory_mac.cc:94] mach_vm_read(0x19d5ec000, 0x4000): (ipc/send) invalid destination port (0x10000003)
[0730/163325.402656:WARNING:third_party/crashpad/crashpad/snapshot/mac/mach_o_image_reader.cc:81] could not read mach_header, module , address 0x19d5ee000
[0730/163325.402666:WARNING:third_party/crashpad/crashpad/util/process/process_memory_mac.cc:94] mach_vm_read(0x29d6a0000, 0x8000): (ipc/send) invalid destination port (0x10000003)
[0730/163325.402674:WARNING:third_party/crashpad/crashpad/util/process/process_memory_mac.cc:94] mach_vm_read(0x29d6a0000, 0x4000): (ipc/send) invalid destination port (0x10000003)
[0730/163325.414860:WARNING:third_party/crashpad/crashpad/snapshot/mac/process_reader_mac.cc:483] could not read dyld_image_info::imageFilePath
[0730/163325.414890:WARNING:third_party/crashpad/crashpad/util/process/process_memory_mac.cc:94] mach_vm_read(0x1eb484000, 0x4000): (ipc/send) invalid destination port (0x10000003)
[0730/163325.414902:WARNING:third_party/crashpad/crashpad/snapshot/mac/mach_o_image_reader.cc:81] could not read mach_header, module , address 0x1eb486000
[0730/163325.414911:WARNING:third_party/crashpad/crashpad/util/process/process_memory_mac.cc:94] mach_vm_read(0x29d778000, 0x8000): (ipc/send) invalid destination port (0x10000003)
[0730/163325.414919:WARNING:third_party/crashpad/crashpad/util/process/process_memory_mac.cc:94] mach_vm_read(0x29d778000, 0x4000): (ipc/send) invalid destination port (0x10000003)
[0730/163325.414925:WARNING:third_party/crashpad/crashpad/snapshot/mac/process_reader_mac.cc:483] could not read dyld_image_info::imageFilePath
[0730/163325.414931:WARNING:third_party/crashpad/crashpad/util/process/process_memory_mac.cc:94] mach_vm_read(0x265c58000, 0x4000): (ipc/send) invalid destination port (0x10000003)
[0730/163325.414937:WARNING:third_party/crashpad/crashpad/snapshot/mac/mach_o_image_reader.cc:81] could not read mach_header, module , address 0x265c5b000
[0730/163325.414944:WARNING:third_party/crashpad/crashpad/util/process/process_memory_mac.cc:94] mach_vm_read(0x29d604000, 0x8000): (ipc/send) invalid destination port (0x10000003)
[0730/163325.414950:WARNING:third_party/crashpad/crashpad/util/process/process_memory_mac.cc:94] mach_vm_read(0x29d604000, 0x4000): (ipc/send) invalid destination port (0x10000003)
[0730/163325.414956:WARNING:third_party/crashpad/crashpad/snapshot/mac/process_reader_mac.cc:483] could not read dyld_image_info::imageFilePath
[0730/163325.414963:WARNING:third_party/crashpad/crashpad/util/process/process_memory_mac.cc:94] mach_vm_read(0x1af1d0000, 0x4000): (ipc/send) invalid destination port (0x10000003)
[0730/163325.414968:WARNING:third_party/crashpad/crashpad/snapshot/mac/mach_o_image_reader.cc:81] could not read mach_header, module , address 0x1af1d3000
[0730/163325.414975:WARNING:third_party/crashpad/crashpad/util/process/process_memory_mac.cc:94] mach_vm_read(0x29d778000, 0x8000): (ipc/send) invalid destination port (0x10000003)
[0730/163325.414981:WARNING:third_party/crashpad/crashpad/util/process/process_memory_mac.cc:94] mach_vm_read(0x29d778000, 0x4000): (ipc/send) invalid destination port (0x10000003)
[0730/163325.414987:WARNING:third_party/crashpad/crashpad/snapshot/mac/process_reader_mac.cc:483] could not read dyld_image_info::imageFilePath
[0730/163325.414993:WARNING:third_party/crashpad/crashpad/util/process/process_memory_mac.cc:94] mach_vm_read(0x265908000, 0x4000): (ipc/send) invalid destination port (0x10000003)
[0730/163325.414999:WARNING:third_party/crashpad/crashpad/snapshot/mac/mach_o_image_reader.cc:81] could not read mach_header, module , address 0x265908000
[0730/163325.415005:WARNING:third_party/crashpad/crashpad/util/process/process_memory_mac.cc:94] mach_vm_read(0x29d780000, 0x4000): (ipc/send) invalid destination port (0x10000003)
[0730/163325.415026:WARNING:third_party/crashpad/crashpad/snapshot/mac/process_reader_mac.cc:483] could not read dyld_image_info::imageFilePath
[0730/163325.415035:WARNING:third_party/crashpad/crashpad/util/process/process_memory_mac.cc:94] mach_vm_read(0x26696c000, 0x4000): (ipc/send) invalid destination port (0x10000003)
[0730/163325.415042:WARNING:third_party/crashpad/crashpad/snapshot/mac/mach_o_image_reader.cc:81] could not read mach_header, module , address 0x26696c000
[0730/163325.415048:WARNING:third_party/crashpad/crashpad/util/process/process_memory_mac.cc:94] mach_vm_read(0x29d780000, 0x4000): (ipc/send) invalid destination port (0x10000003)
[0730/163325.415054:WARNING:third_party/crashpad/crashpad/snapshot/mac/process_reader_mac.cc:483] could not read dyld_image_info::imageFilePath
[0730/163325.415060:WARNING:third_party/crashpad/crashpad/util/process/process_memory_mac.cc:94] mach_vm_read(0x266b54000, 0x4000): (ipc/send) invalid destination port (0x10000003)
[0730/163325.415066:WARNING:third_party/crashpad/crashpad/snapshot/mac/mach_o_image_reader.cc:81] could not read mach_header, module , address 0x266b55000
[0730/163325.415072:WARNING:third_party/crashpad/crashpad/util/process/process_memory_mac.cc:94] mach_vm_read(0x29d68c000, 0x4000): (ipc/send) invalid destination port (0x10000003)
[0730/163325.415079:WARNING:third_party/crashpad/crashpad/snapshot/mac/process_reader_mac.cc:483] could not read dyld_image_info::imageFilePath
[0730/163325.415085:WARNING:third_party/crashpad/crashpad/util/process/process_memory_mac.cc:94] mach_vm_read(0x1e106c000, 0x4000): (ipc/send) invalid destination port (0x10000003)
[0730/163325.415090:WARNING:third_party/crashpad/crashpad/snapshot/mac/mach_o_image_reader.cc:81] could not read mach_header, module , address 0x1e106e000
[0730/163325.415097:WARNING:third_party/crashpad/crashpad/util/process/process_memory_mac.cc:94] mach_vm_read(0x29d5fc000, 0x4000): (ipc/send) invalid destination port (0x10000003)
[0730/163325.415114:WARNING:third_party/crashpad/crashpad/snapshot/mac/process_reader_mac.cc:483] could not read dyld_image_info::imageFilePath
[0730/163325.415121:WARNING:third_party/crashpad/crashpad/util/process/process_memory_mac.cc:94] mach_vm_read(0x1a9d5c000, 0x4000): (ipc/send) invalid destination port (0x10000003)
[0730/163325.415128:WARNING:third_party/crashpad/crashpad/snapshot/mac/mach_o_image_reader.cc:81] could not read mach_header, module , address 0x1a9d5d000
[0730/163325.415152:WARNING:third_party/crashpad/crashpad/util/process/process_memory_mac.cc:94] mach_vm_read(0x29d780000, 0x4000): (ipc/send) invalid destination port (0x10000003)
[0730/163325.415164:WARNING:third_party/crashpad/crashpad/snapshot/mac/process_reader_mac.cc:483] could not read dyld_image_info::imageFilePath
[0730/163325.415173:WARNING:third_party/crashpad/crashpad/util/process/process_memory_mac.cc:94] mach_vm_read(0x266908000, 0x4000): (ipc/send) invalid destination port (0x10000003)
[0730/163325.415180:WARNING:third_party/crashpad/crashpad/snapshot/mac/mach_o_image_reader.cc:81] could not read mach_header, module , address 0x266909000
[0730/163325.415198:WARNING:third_party/crashpad/crashpad/util/process/process_memory_mac.cc:94] mach_vm_read(0x29d680000, 0x8000): (ipc/send) invalid destination port (0x10000003)
[0730/163325.415207:WARNING:third_party/crashpad/crashpad/util/process/process_memory_mac.cc:94] mach_vm_read(0x29d680000, 0x4000): (ipc/send) invalid destination port (0x10000003)
[0730/163325.415214:WARNING:third_party/crashpad/crashpad/snapshot/mac/process_reader_mac.cc:483] could not read dyld_image_info::imageFilePath
[0730/163325.415227:WARNING:third_party/crashpad/crashpad/util/process/process_memory_mac.cc:94] mach_vm_read(0x1ddd18000, 0x4000): (ipc/send) invalid destination port (0x10000003)
[0730/163325.415233:WARNING:third_party/crashpad/crashpad/snapshot/mac/mach_o_image_reader.cc:81] could not read mach_header, module , address 0x1ddd18000
[0730/163325.415240:WARNING:third_party/crashpad/crashpad/util/process/process_memory_mac.cc:94] mach_vm_read(0x29d6b0000, 0x4000): (ipc/send) invalid destination port (0x10000003)
[0730/163325.415267:WARNING:third_party/crashpad/crashpad/snapshot/mac/process_reader_mac.cc:483] could not read dyld_image_info::imageFilePath
[0730/163325.415275:WARNING:third_party/crashpad/crashpad/util/process/process_memory_mac.cc:94] mach_vm_read(0x1ee8a8000, 0x4000): (ipc/send) invalid destination port (0x10000003)
[0730/163325.415281:WARNING:third_party/crashpad/crashpad/snapshot/mac/mach_o_image_reader.cc:81] could not read mach_header, module , address 0x1ee8ab000
[0730/163325.415290:WARNING:third_party/crashpad/crashpad/util/process/process_memory_mac.cc:94] mach_vm_read(0x29d68c000, 0x4000): (ipc/send) invalid destination port (0x10000003)
[0730/163325.415297:WARNING:third_party/crashpad/crashpad/snapshot/mac/process_reader_mac.cc:483] could not read dyld_image_info::imageFilePath
[0730/163325.415304:WARNING:third_party/crashpad/crashpad/util/process/process_memory_mac.cc:94] mach_vm_read(0x1e0ca8000, 0x4000): (ipc/send) invalid destination port (0x10000003)
[0730/163325.415310:WARNING:third_party/crashpad/crashpad/snapshot/mac/mach_o_image_reader.cc:81] could not read mach_header, module , address 0x1e0ca8000
[0730/163325.415316:WARNING:third_party/crashpad/crashpad/util/process/process_memory_mac.cc:94] mach_vm_read(0x29d6e4000, 0x4000): (ipc/send) invalid destination port (0x10000003)
[0730/163325.415324:WARNING:third_party/crashpad/crashpad/snapshot/mac/process_reader_mac.cc:483] could not read dyld_image_info::imageFilePath
[0730/163325.415331:WARNING:third_party/crashpad/crashpad/util/process/process_memory_mac.cc:94] mach_vm_read(0x23a480000, 0x4000): (ipc/send) invalid destination port (0x10000003)
[0730/163325.415337:WARNING:third_party/crashpad/crashpad/snapshot/mac/mach_o_image_reader.cc:81] could not read mach_header, module , address 0x23a481000
[0730/163325.415343:WARNING:third_party/crashpad/crashpad/util/process/process_memory_mac.cc:94] mach_vm_read(0x29d6e4000, 0x4000): (ipc/send) invalid destination port (0x10000003)
[0730/163325.415349:WARNING:third_party/crashpad/crashpad/snapshot/mac/process_reader_mac.cc:483] could not read dyld_image_info::imageFilePath
[0730/163325.474157:WARNING:third_party/crashpad/crashpad/util/process/process_memory_mac.cc:94] mach_vm_read(0x23a3d4000, 0x4000): (ipc/send) invalid destination port (0x10000003)
[0730/163325.474185:WARNING:third_party/crashpad/crashpad/snapshot/mac/mach_o_image_reader.cc:81] could not read mach_header, module , address 0x23a3d5000
[0730/163325.474197:WARNING:third_party/crashpad/crashpad/util/process/process_memory_mac.cc:94] mach_vm_read(0x29d5f8000, 0x4000): (ipc/send) invalid destination port (0x10000003)
[0730/163325.474207:WARNING:third_party/crashpad/crashpad/snapshot/mac/process_reader_mac.cc:483] could not read dyld_image_info::imageFilePath
[0730/163325.474214:WARNING:third_party/crashpad/crashpad/util/process/process_memory_mac.cc:94] mach_vm_read(0x1a91b4000, 0x4000): (ipc/send) invalid destination port (0x10000003)
[0730/163325.474222:WARNING:third_party/crashpad/crashpad/snapshot/mac/mach_o_image_reader.cc:81] could not read mach_header, module , address 0x1a91b4000
[0730/163325.474229:WARNING:third_party/crashpad/crashpad/util/process/process_memory_mac.cc:94] mach_vm_read(0x29d5f8000, 0x4000): (ipc/send) invalid destination port (0x10000003)
[0730/163325.474236:WARNING:third_party/crashpad/crashpad/snapshot/mac/process_reader_mac.cc:483] could not read dyld_image_info::imageFilePath
[0730/163325.474256:WARNING:third_party/crashpad/crashpad/util/process/process_memory_mac.cc:94] mach_vm_read(0x1a9170000, 0x4000): (ipc/send) invalid destination port (0x10000003)
[0730/163325.474274:WARNING:third_party/crashpad/crashpad/snapshot/mac/mach_o_image_reader.cc:81] could not read mach_header, module , address 0x1a9170000
[0730/163325.474284:WARNING:third_party/crashpad/crashpad/util/process/process_memory_mac.cc:94] mach_vm_read(0x29d6f8000, 0x4000): (ipc/send) invalid destination port (0x10000003)
[0730/163325.474292:WARNING:third_party/crashpad/crashpad/snapshot/mac/process_reader_mac.cc:483] could not read dyld_image_info::imageFilePath
[0730/163325.474299:WARNING:third_party/crashpad/crashpad/util/process/process_memory_mac.cc:94] mach_vm_read(0x23fccc000, 0x4000): (ipc/send) invalid destination port (0x10000003)
[0730/163325.474307:WARNING:third_party/crashpad/crashpad/snapshot/mac/mach_o_image_reader.cc:81] could not read mach_header, module , address 0x23fccf000
[0730/163325.474313:WARNING:third_party/crashpad/crashpad/util/process/process_memory_mac.cc:94] mach_vm_read(0x29d608000, 0x4000): (ipc/send) invalid destination port (0x10000003)
[0730/163325.474320:WARNING:third_party/crashpad/crashpad/snapshot/mac/process_reader_mac.cc:483] could not read dyld_image_info::imageFilePath
[0730/163325.474326:WARNING:third_party/crashpad/crashpad/util/process/process_memory_mac.cc:94] mach_vm_read(0x1af888000, 0x4000): (ipc/send) invalid destination port (0x10000003)
[0730/163325.474332:WARNING:third_party/crashpad/crashpad/snapshot/mac/mach_o_image_reader.cc:81] could not read mach_header, module , address 0x1af88b000
[0730/163325.474339:WARNING:third_party/crashpad/crashpad/util/process/process_memory_mac.cc:94] mach_vm_read(0x29d5fc000, 0x4000): (ipc/send) invalid destination port (0x10000003)
[0730/163325.474355:WARNING:third_party/crashpad/crashpad/snapshot/mac/process_reader_mac.cc:483] could not read dyld_image_info::imageFilePath
[0730/163325.474362:WARNING:third_party/crashpad/crashpad/util/process/process_memory_mac.cc:94] mach_vm_read(0x1a9c30000, 0x4000): (ipc/send) invalid destination port (0x10000003)
[0730/163325.474368:WARNING:third_party/crashpad/crashpad/snapshot/mac/mach_o_image_reader.cc:81] could not read mach_header, module , address 0x1a9c32000
[0730/163325.474375:WARNING:third_party/crashpad/crashpad/util/process/process_memory_mac.cc:94] mach_vm_read(0x29d634000, 0x4000): (ipc/send) invalid destination port (0x10000003)
[0730/163325.474381:WARNING:third_party/crashpad/crashpad/snapshot/mac/process_reader_mac.cc:483] could not read dyld_image_info::imageFilePath
[0730/163325.474387:WARNING:third_party/crashpad/crashpad/util/process/process_memory_mac.cc:94] mach_vm_read(0x1c3bac000, 0x4000): (ipc/send) invalid destination port (0x10000003)
[0730/163325.474393:WARNING:third_party/crashpad/crashpad/snapshot/mac/mach_o_image_reader.cc:81] could not read mach_header, module , address 0x1c3baf000
[0730/163325.474399:WARNING:third_party/crashpad/crashpad/util/process/process_memory_mac.cc:94] mach_vm_read(0x29d68c000, 0x4000): (ipc/send) invalid destination port (0x10000003)
[0730/163325.474405:WARNING:third_party/crashpad/crashpad/snapshot/mac/process_reader_mac.cc:483] could not read dyld_image_info::imageFilePath
[0730/163325.474411:WARNING:third_party/crashpad/crashpad/util/process/process_memory_mac.cc:94] mach_vm_read(0x1e105c000, 0x4000): (ipc/send) invalid destination port (0x10000003)
[0730/163325.474417:WARNING:third_party/crashpad/crashpad/snapshot/mac/mach_o_image_reader.cc:81] could not read mach_header, module , address 0x1e105e000
[0730/163325.474423:WARNING:third_party/crashpad/crashpad/util/process/process_memory_mac.cc:94] mach_vm_read(0x29d624000, 0x8000): (ipc/send) invalid destination port (0x10000003)
[0730/163325.474430:WARNING:third_party/crashpad/crashpad/util/process/process_memory_mac.cc:94] mach_vm_read(0x29d624000, 0x4000): (ipc/send) invalid destination port (0x10000003)
[0730/163325.474436:WARNING:third_party/crashpad/crashpad/snapshot/mac/process_reader_mac.cc:483] could not read dyld_image_info::imageFilePath
[0730/163325.474442:WARNING:third_party/crashpad/crashpad/util/process/process_memory_mac.cc:94] mach_vm_read(0x1bd1c0000, 0x4000): (ipc/send) invalid destination port (0x10000003)
[0730/163325.474448:WARNING:third_party/crashpad/crashpad/snapshot/mac/mach_o_image_reader.cc:81] could not read mach_header, module , address 0x1bd1c1000
[0730/163325.474455:WARNING:third_party/crashpad/crashpad/util/process/process_memory_mac.cc:94] mach_vm_read(0x29d738000, 0x4000): (ipc/send) invalid destination port (0x10000003)
[0730/163325.474461:WARNING:third_party/crashpad/crashpad/snapshot/mac/process_reader_mac.cc:483] could not read dyld_image_info::imageFilePath
[0730/163325.474467:WARNING:third_party/crashpad/crashpad/util/process/process_memory_mac.cc:94] mach_vm_read(0x2555e0000, 0x4000): (ipc/send) invalid destination port (0x10000003)
[0730/163325.474479:WARNING:third_party/crashpad/crashpad/snapshot/mac/mach_o_image_reader.cc:81] could not read mach_header, module , address 0x2555e1000
[0730/163325.474485:WARNING:third_party/crashpad/crashpad/util/process/process_memory_mac.cc:94] mach_vm_read(0x29d650000, 0x4000): (ipc/send) invalid destination port (0x10000003)
[0730/163325.474491:WARNING:third_party/crashpad/crashpad/snapshot/mac/process_reader_mac.cc:483] could not read dyld_image_info::imageFilePath
[0730/163325.474497:WARNING:third_party/crashpad/crashpad/util/process/process_memory_mac.cc:94] mach_vm_read(0x1ccf90000, 0x4000): (ipc/send) invalid destination port (0x10000003)
[0730/163325.474503:WARNING:third_party/crashpad/crashpad/snapshot/mac/mach_o_image_reader.cc:81] could not read mach_header, module , address 0x1ccf90000
[0730/163325.474509:WARNING:third_party/crashpad/crashpad/util/process/process_memory_mac.cc:94] mach_vm_read(0x29d5d4000, 0x4000): (ipc/send) invalid destination port (0x10000003)
[0730/163325.474515:WARNING:third_party/crashpad/crashpad/snapshot/mac/process_reader_mac.cc:483] could not read dyld_image_info::imageFilePath
[0730/163325.474521:WARNING:third_party/crashpad/crashpad/util/process/process_memory_mac.cc:94] mach_vm_read(0x19d838000, 0x4000): (ipc/send) invalid destination port (0x10000003)
[0730/163325.474527:WARNING:third_party/crashpad/crashpad/snapshot/mac/mach_o_image_reader.cc:81] could not read mach_header, module , address 0x19d83a000
[0730/163325.474534:WARNING:third_party/crashpad/crashpad/util/process/process_memory_mac.cc:94] mach_vm_read(0x29d620000, 0x4000): (ipc/send) invalid destination port (0x10000003)
[0730/163325.474539:WARNING:third_party/crashpad/crashpad/snapshot/mac/process_reader_mac.cc:483] could not read dyld_image_info::imageFilePath
[0730/163325.474545:WARNING:third_party/crashpad/crashpad/util/process/process_memory_mac.cc:94] mach_vm_read(0x1ba59c000, 0x4000): (ipc/send) invalid destination port (0x10000003)
[0730/163325.474551:WARNING:third_party/crashpad/crashpad/snapshot/mac/mach_o_image_reader.cc:81] could not read mach_header, module , address 0x1ba59f000
[0730/163325.474557:WARNING:third_party/crashpad/crashpad/util/process/process_memory_mac.cc:94] mach_vm_read(0x29d610000, 0x8000): (ipc/send) invalid destination port (0x10000003)
[0730/163325.474564:WARNING:third_party/crashpad/crashpad/util/process/process_memory_mac.cc:94] mach_vm_read(0x29d610000, 0x4000): (ipc/send) invalid destination port (0x10000003)
[0730/163325.474570:WARNING:third_party/crashpad/crashpad/snapshot/mac/process_reader_mac.cc:483] could not read dyld_image_info::imageFilePath
[0730/163325.474576:WARNING:third_party/crashpad/crashpad/util/process/process_memory_mac.cc:94] mach_vm_read(0x1b6348000, 0x4000): (ipc/send) invalid destination port (0x10000003)
[0730/163325.474582:WARNING:third_party/crashpad/crashpad/snapshot/mac/mach_o_image_reader.cc:81] could not read mach_header, module , address 0x1b634a000
[0730/163325.474588:WARNING:third_party/crashpad/crashpad/util/process/process_memory_mac.cc:94] mach_vm_read(0x29d644000, 0x4000): (ipc/send) invalid destination port (0x10000003)
[0730/163325.474600:WARNING:third_party/crashpad/crashpad/snapshot/mac/process_reader_mac.cc:483] could not read dyld_image_info::imageFilePath
[0730/163325.474606:WARNING:third_party/crashpad/crashpad/util/process/process_memory_mac.cc:94] mach_vm_read(0x1ca164000, 0x4000): (ipc/send) invalid destination port (0x10000003)
[0730/163325.474612:WARNING:third_party/crashpad/crashpad/snapshot/mac/mach_o_image_reader.cc:81] could not read mach_header, module , address 0x1ca164000
[0730/163325.474618:WARNING:third_party/crashpad/crashpad/util/process/process_memory_mac.cc:94] mach_vm_read(0x29d724000, 0x4000): (ipc/send) invalid destination port (0x10000003)
[0730/163325.474624:WARNING:third_party/crashpad/crashpad/snapshot/mac/process_reader_mac.cc:483] could not read dyld_image_info::imageFilePath
[0730/163325.474630:WARNING:third_party/crashpad/crashpad/util/process/process_memory_mac.cc:94] mach_vm_read(0x24fbfc000, 0x4000): (ipc/send) invalid destination port (0x10000003)
[0730/163325.474637:WARNING:third_party/crashpad/crashpad/snapshot/mac/mach_o_image_reader.cc:81] could not read mach_header, module , address 0x24fbfd000
[0730/163325.474643:WARNING:third_party/crashpad/crashpad/util/process/process_memory_mac.cc:94] mach_vm_read(0x29d6fc000, 0x4000): (ipc/send) invalid destination port (0x10000003)
[0730/163325.474649:WARNING:third_party/crashpad/crashpad/snapshot/mac/process_reader_mac.cc:483] could not read dyld_image_info::imageFilePath
[0730/163325.474655:WARNING:third_party/crashpad/crashpad/util/process/process_memory_mac.cc:94] mach_vm_read(0x240518000, 0x4000): (ipc/send) invalid destination port (0x10000003)
[0730/163325.474661:WARNING:third_party/crashpad/crashpad/snapshot/mac/mach_o_image_reader.cc:81] could not read mach_header, module , address 0x24051a000
[0730/163325.474667:WARNING:third_party/crashpad/crashpad/util/process/process_memory_mac.cc:94] mach_vm_read(0x29d724000, 0x4000): (ipc/send) invalid destination port (0x10000003)
[0730/163325.474673:WARNING:third_party/crashpad/crashpad/snapshot/mac/process_reader_mac.cc:483] could not read dyld_image_info::imageFilePath
[0730/163325.474679:WARNING:third_party/crashpad/crashpad/util/process/process_memory_mac.cc:94] mach_vm_read(0x24f9bc000, 0x4000): (ipc/send) invalid destination port (0x10000003)
[0730/163325.474685:WARNING:third_party/crashpad/crashpad/snapshot/mac/mach_o_image_reader.cc:81] could not read mach_header, module , address 0x24f9bc000
[0730/163325.474691:WARNING:third_party/crashpad/crashpad/util/process/process_memory_mac.cc:94] mach_vm_read(0x29d624000, 0x4000): (ipc/send) invalid destination port (0x10000003)
[0730/163325.474697:WARNING:third_party/crashpad/crashpad/snapshot/mac/process_reader_mac.cc:483] could not read dyld_image_info::imageFilePath
[0730/163325.474703:WARNING:third_party/crashpad/crashpad/util/process/process_memory_mac.cc:94] mach_vm_read(0x1bb9e4000, 0x4000): (ipc/send) invalid destination port (0x10000003)
[0730/163325.474709:WARNING:third_party/crashpad/crashpad/snapshot/mac/mach_o_image_reader.cc:81] could not read mach_header, module , address 0x1bb9e4000
[0730/163325.474720:WARNING:third_party/crashpad/crashpad/util/process/process_memory_mac.cc:94] mach_vm_read(0x29d6dc000, 0x8000): (ipc/send) invalid destination port (0x10000003)
[0730/163325.474727:WARNING:third_party/crashpad/crashpad/util/process/process_memory_mac.cc:94] mach_vm_read(0x29d6dc000, 0x4000): (ipc/send) invalid destination port (0x10000003)
[0730/163325.474733:WARNING:third_party/crashpad/crashpad/snapshot/mac/process_reader_mac.cc:483] could not read dyld_image_info::imageFilePath
[0730/163325.474739:WARNING:third_party/crashpad/crashpad/util/process/process_memory_mac.cc:94] mach_vm_read(0x238b0c000, 0x4000): (ipc/send) invalid destination port (0x10000003)
[0730/163325.474745:WARNING:third_party/crashpad/crashpad/snapshot/mac/mach_o_image_reader.cc:81] could not read mach_header, module , address 0x238b0c000
[0730/163325.474751:WARNING:third_party/crashpad/crashpad/util/process/process_memory_mac.cc:94] mach_vm_read(0x29d6d0000, 0x4000): (ipc/send) invalid destination port (0x10000003)
[0730/163325.474757:WARNING:third_party/crashpad/crashpad/snapshot/mac/process_reader_mac.cc:483] could not read dyld_image_info::imageFilePath
[0730/163325.474763:WARNING:third_party/crashpad/crashpad/util/process/process_memory_mac.cc:94] mach_vm_read(0x236674000, 0x4000): (ipc/send) invalid destination port (0x10000003)
[0730/163325.474769:WARNING:third_party/crashpad/crashpad/snapshot/mac/mach_o_image_reader.cc:81] could not read mach_header, module , address 0x236676000
[0730/163325.474775:WARNING:third_party/crashpad/crashpad/util/process/process_memory_mac.cc:94] mach_vm_read(0x29d778000, 0x4000): (ipc/send) invalid destination port (0x10000003)
[0730/163325.474781:WARNING:third_party/crashpad/crashpad/snapshot/mac/process_reader_mac.cc:483] could not read dyld_image_info::imageFilePath
[0730/163325.474787:WARNING:third_party/crashpad/crashpad/util/process/process_memory_mac.cc:94] mach_vm_read(0x265748000, 0x4000): (ipc/send) invalid destination port (0x10000003)
[0730/163325.474793:WARNING:third_party/crashpad/crashpad/snapshot/mac/mach_o_image_reader.cc:81] could not read mach_header, module , address 0x26574b000
[0730/163325.474803:WARNING:third_party/crashpad/crashpad/util/process/process_memory_mac.cc:94] mach_vm_read(0x29d61c000, 0x4000): (ipc/send) invalid destination port (0x10000003)
[0730/163325.474809:WARNING:third_party/crashpad/crashpad/snapshot/mac/process_reader_mac.cc:483] could not read dyld_image_info::imageFilePath
[0730/163325.474815:WARNING:third_party/crashpad/crashpad/util/process/process_memory_mac.cc:94] mach_vm_read(0x1b84c4000, 0x4000): (ipc/send) invalid destination port (0x10000003)
[0730/163325.474821:WARNING:third_party/crashpad/crashpad/snapshot/mac/mach_o_image_reader.cc:81] could not read mach_header, module , address 0x1b84c7000
[0730/163325.474827:WARNING:third_party/crashpad/crashpad/util/process/process_memory_mac.cc:94] mach_vm_read(0x29d62c000, 0x4000): (ipc/send) invalid destination port (0x10000003)
[0730/163325.474834:WARNING:third_party/crashpad/crashpad/snapshot/mac/process_reader_mac.cc:483] could not read dyld_image_info::imageFilePath
[0730/163325.474844:WARNING:third_party/crashpad/crashpad/util/process/process_memory_mac.cc:94] mach_vm_read(0x1c0460000, 0x4000): (ipc/send) invalid destination port (0x10000003)
[0730/163325.474850:WARNING:third_party/crashpad/crashpad/snapshot/mac/mach_o_image_reader.cc:81] could not read mach_header, module , address 0x1c0463000
[0730/163325.474856:WARNING:third_party/crashpad/crashpad/util/process/process_memory_mac.cc:94] mach_vm_read(0x29d604000, 0x4000): (ipc/send) invalid destination port (0x10000003)
[0730/163325.474862:WARNING:third_party/crashpad/crashpad/snapshot/mac/process_reader_mac.cc:483] could not read dyld_image_info::imageFilePath
[0730/163325.474869:WARNING:third_party/crashpad/crashpad/util/process/process_memory_mac.cc:94] mach_vm_read(0x1ae254000, 0x4000): (ipc/send) invalid destination port (0x10000003)
[0730/163325.474875:WARNING:third_party/crashpad/crashpad/snapshot/mac/mach_o_image_reader.cc:81] could not read mach_header, module , address 0x1ae256000
[0730/163325.474881:WARNING:third_party/crashpad/crashpad/util/process/process_memory_mac.cc:94] mach_vm_read(0x29d61c000, 0x4000): (ipc/send) invalid destination port (0x10000003)
[0730/163325.474888:WARNING:third_party/crashpad/crashpad/snapshot/mac/process_reader_mac.cc:483] could not read dyld_image_info::imageFilePath
[0730/163325.474894:WARNING:third_party/crashpad/crashpad/util/process/process_memory_mac.cc:94] mach_vm_read(0x1b833c000, 0x4000): (ipc/send) invalid destination port (0x10000003)
[0730/163325.474901:WARNING:third_party/crashpad/crashpad/snapshot/mac/mach_o_image_reader.cc:81] could not read mach_header, module , address 0x1b833c000
[0730/163325.474907:WARNING:third_party/crashpad/crashpad/util/process/process_memory_mac.cc:94] mach_vm_read(0x29d5f4000, 0x8000): (ipc/send) invalid destination port (0x10000003)
[0730/163325.474913:WARNING:third_party/crashpad/crashpad/util/process/process_memory_mac.cc:94] mach_vm_read(0x29d5f4000, 0x4000): (ipc/send) invalid destination port (0x10000003)
[0730/163325.474919:WARNING:third_party/crashpad/crashpad/snapshot/mac/process_reader_mac.cc:483] could not read dyld_image_info::imageFilePath
[0730/163325.474925:WARNING:third_party/crashpad/crashpad/util/process/process_memory_mac.cc:94] mach_vm_read(0x1a7f04000, 0x4000): (ipc/send) invalid destination port (0x10000003)
[0730/163325.474931:WARNING:third_party/crashpad/crashpad/snapshot/mac/mach_o_image_reader.cc:81] could not read mach_header, module , address 0x1a7f05000
[0730/163325.474937:WARNING:third_party/crashpad/crashpad/util/process/process_memory_mac.cc:94] mach_vm_read(0x29d62c000, 0x4000): (ipc/send) invalid destination port (0x10000003)
[0730/163325.474943:WARNING:third_party/crashpad/crashpad/snapshot/mac/process_reader_mac.cc:483] could not read dyld_image_info::imageFilePath
[0730/163325.474949:WARNING:third_party/crashpad/crashpad/util/process/process_memory_mac.cc:94] mach_vm_read(0x1bffb8000, 0x4000): (ipc/send) invalid destination port (0x10000003)
[0730/163325.474955:WARNING:third_party/crashpad/crashpad/snapshot/mac/mach_o_image_reader.cc:81] could not read mach_header, module , address 0x1bffbb000
[0730/163325.507696:WARNING:third_party/crashpad/crashpad/util/process/process_memory_mac.cc:94] mach_vm_read(0x29d5f4000, 0x4000): (ipc/send) invalid destination port (0x10000003)
[0730/163325.511518:WARNING:third_party/crashpad/crashpad/snapshot/mac/process_reader_mac.cc:483] could not read dyld_image_info::imageFilePath
[0730/163325.511545:WARNING:third_party/crashpad/crashpad/util/process/process_memory_mac.cc:94] mach_vm_read(0x1a7888000, 0x4000): (ipc/send) invalid destination port (0x10000003)
[0730/163325.511557:WARNING:third_party/crashpad/crashpad/snapshot/mac/mach_o_image_reader.cc:81] could not read mach_header, module , address 0x1a788a000
[0730/163325.516831:WARNING:third_party/crashpad/crashpad/util/process/process_memory_mac.cc:94] mach_vm_read(0x29d6dc000, 0x4000): (ipc/send) invalid destination port (0x10000003)
[0730/163325.555043:WARNING:third_party/crashpad/crashpad/snapshot/mac/process_reader_mac.cc:483] could not read dyld_image_info::imageFilePath
[0730/163325.555100:WARNING:third_party/crashpad/crashpad/util/process/process_memory_mac.cc:94] mach_vm_read(0x2389dc000, 0x4000): (ipc/send) invalid destination port (0x10000003)
[0730/163325.555115:WARNING:third_party/crashpad/crashpad/snapshot/mac/mach_o_image_reader.cc:81] could not read mach_header, module , address 0x2389df000
[0730/163325.555125:WARNING:third_party/crashpad/crashpad/util/process/process_memory_mac.cc:94] mach_vm_read(0x29d624000, 0x8000): (ipc/send) invalid destination port (0x10000003)
[0730/163325.555133:WARNING:third_party/crashpad/crashpad/util/process/process_memory_mac.cc:94] mach_vm_read(0x29d624000, 0x4000): (ipc/send) invalid destination port (0x10000003)
[0730/163325.555139:WARNING:third_party/crashpad/crashpad/snapshot/mac/process_reader_mac.cc:483] could not read dyld_image_info::imageFilePath
[0730/163325.555146:WARNING:third_party/crashpad/crashpad/util/process/process_memory_mac.cc:94] mach_vm_read(0x1bcf24000, 0x4000): (ipc/send) invalid destination port (0x10000003)
[0730/163325.555153:WARNING:third_party/crashpad/crashpad/snapshot/mac/mach_o_image_reader.cc:81] could not read mach_header, module , address 0x1bcf27000
[0730/163325.555160:WARNING:third_party/crashpad/crashpad/util/process/process_memory_mac.cc:94] mach_vm_read(0x29d744000, 0x4000): (ipc/send) invalid destination port (0x10000003)
[0730/163325.555167:WARNING:third_party/crashpad/crashpad/snapshot/mac/process_reader_mac.cc:483] could not read dyld_image_info::imageFilePath
[0730/163325.555173:WARNING:third_party/crashpad/crashpad/util/process/process_memory_mac.cc:94] mach_vm_read(0x25a1dc000, 0x4000): (ipc/send) invalid destination port (0x10000003)
[0730/163325.555179:WARNING:third_party/crashpad/crashpad/snapshot/mac/mach_o_image_reader.cc:81] could not read mach_header, module , address 0x25a1dc000
[0730/163325.555186:WARNING:third_party/crashpad/crashpad/util/process/process_memory_mac.cc:94] mach_vm_read(0x29d628000, 0x4000): (ipc/send) invalid destination port (0x10000003)
[0730/163325.555192:WARNING:third_party/crashpad/crashpad/snapshot/mac/process_reader_mac.cc:483] could not read dyld_image_info::imageFilePath
[0730/163325.555214:WARNING:third_party/crashpad/crashpad/util/process/process_memory_mac.cc:94] mach_vm_read(0x1bd914000, 0x4000): (ipc/send) invalid destination port (0x10000003)
[0730/163325.555221:WARNING:third_party/crashpad/crashpad/snapshot/mac/mach_o_image_reader.cc:81] could not read mach_header, module , address 0x1bd914000
[0730/163325.555228:WARNING:third_party/crashpad/crashpad/util/process/process_memory_mac.cc:94] mach_vm_read(0x29d608000, 0x4000): (ipc/send) invalid destination port (0x10000003)
[0730/163325.555234:WARNING:third_party/crashpad/crashpad/snapshot/mac/process_reader_mac.cc:483] could not read dyld_image_info::imageFilePath
[0730/163325.555241:WARNING:third_party/crashpad/crashpad/util/process/process_memory_mac.cc:94] mach_vm_read(0x1afce4000, 0x4000): (ipc/send) invalid destination port (0x10000003)
[0730/163325.555247:WARNING:third_party/crashpad/crashpad/snapshot/mac/mach_o_image_reader.cc:81] could not read mach_header, module , address 0x1afce7000
[0730/163325.555253:WARNING:third_party/crashpad/crashpad/util/process/process_memory_mac.cc:94] mach_vm_read(0x29d648000, 0x8000): (ipc/send) invalid destination port (0x10000003)
[0730/163325.555260:WARNING:third_party/crashpad/crashpad/util/process/process_memory_mac.cc:94] mach_vm_read(0x29d648000, 0x4000): (ipc/send) invalid destination port (0x10000003)
[0730/163325.555266:WARNING:third_party/crashpad/crashpad/snapshot/mac/process_reader_mac.cc:483] could not read dyld_image_info::imageFilePath
[0730/163325.555272:WARNING:third_party/crashpad/crashpad/util/process/process_memory_mac.cc:94] mach_vm_read(0x1cafb0000, 0x4000): (ipc/send) invalid destination port (0x10000003)
[0730/163325.555278:WARNING:third_party/crashpad/crashpad/snapshot/mac/mach_o_image_reader.cc:81] could not read mach_header, module , address 0x1cafb0000
[0730/163325.555284:WARNING:third_party/crashpad/crashpad/util/process/process_memory_mac.cc:94] mach_vm_read(0x29d744000, 0x4000): (ipc/send) invalid destination port (0x10000003)
[0730/163325.555290:WARNING:third_party/crashpad/crashpad/snapshot/mac/process_reader_mac.cc:483] could not read dyld_image_info::imageFilePath
[0730/163325.555296:WARNING:third_party/crashpad/crashpad/util/process/process_memory_mac.cc:94] mach_vm_read(0x25a2a8000, 0x4000): (ipc/send) invalid destination port (0x10000003)
[0730/163325.555302:WARNING:third_party/crashpad/crashpad/snapshot/mac/mach_o_image_reader.cc:81] could not read mach_header, module , address 0x25a2a8000
[0730/163325.555308:WARNING:third_party/crashpad/crashpad/util/process/process_memory_mac.cc:94] mach_vm_read(0x29d608000, 0x4000): (ipc/send) invalid destination port (0x10000003)
[0730/163325.555314:WARNING:third_party/crashpad/crashpad/snapshot/mac/process_reader_mac.cc:483] could not read dyld_image_info::imageFilePath
[0730/163325.555320:WARNING:third_party/crashpad/crashpad/util/process/process_memory_mac.cc:94] mach_vm_read(0x1af9f8000, 0x4000): (ipc/send) invalid destination port (0x10000003)
[0730/163325.555326:WARNING:third_party/crashpad/crashpad/snapshot/mac/mach_o_image_reader.cc:81] could not read mach_header, module , address 0x1af9f9000
[0730/163325.555338:WARNING:third_party/crashpad/crashpad/util/process/process_memory_mac.cc:94] mach_vm_read(0x29d718000, 0x4000): (ipc/send) invalid destination port (0x10000003)
[0730/163325.555344:WARNING:third_party/crashpad/crashpad/snapshot/mac/process_reader_mac.cc:483] could not read dyld_image_info::imageFilePath
[0730/163325.555350:WARNING:third_party/crashpad/crashpad/util/process/process_memory_mac.cc:94] mach_vm_read(0x24aedc000, 0x4000): (ipc/send) invalid destination port (0x10000003)
[0730/163325.555356:WARNING:third_party/crashpad/crashpad/snapshot/mac/mach_o_image_reader.cc:81] could not read mach_header, module , address 0x24aedc000
[0730/163325.555363:WARNING:third_party/crashpad/crashpad/util/process/process_memory_mac.cc:94] mach_vm_read(0x29d5e4000, 0x4000): (ipc/send) invalid destination port (0x10000003)
[0730/163325.555369:WARNING:third_party/crashpad/crashpad/snapshot/mac/process_reader_mac.cc:483] could not read dyld_image_info::imageFilePath
[0730/163325.555375:WARNING:third_party/crashpad/crashpad/util/process/process_memory_mac.cc:94] mach_vm_read(0x1a17d8000, 0x4000): (ipc/send) invalid destination port (0x10000003)
[0730/163325.555381:WARNING:third_party/crashpad/crashpad/snapshot/mac/mach_o_image_reader.cc:81] could not read mach_header, module , address 0x1a17d8000
[0730/163325.555387:WARNING:third_party/crashpad/crashpad/util/process/process_memory_mac.cc:94] mach_vm_read(0x29d6e0000, 0x8000): (ipc/send) invalid destination port (0x10000003)
[0730/163325.555393:WARNING:third_party/crashpad/crashpad/util/process/process_memory_mac.cc:94] mach_vm_read(0x29d6e0000, 0x4000): (ipc/send) invalid destination port (0x10000003)
[0730/163325.569370:WARNING:third_party/crashpad/crashpad/snapshot/mac/process_reader_mac.cc:483] could not read dyld_image_info::imageFilePath
[0730/163325.569395:WARNING:third_party/crashpad/crashpad/util/process/process_memory_mac.cc:94] mach_vm_read(0x239b48000, 0x4000): (ipc/send) invalid destination port (0x10000003)
[0730/163325.569406:WARNING:third_party/crashpad/crashpad/snapshot/mac/mach_o_image_reader.cc:81] could not read mach_header, module , address 0x239b49000
[0730/163325.569416:WARNING:third_party/crashpad/crashpad/util/process/process_memory_mac.cc:94] mach_vm_read(0x29d618000, 0x4000): (ipc/send) invalid destination port (0x10000003)
[0730/163325.569424:WARNING:third_party/crashpad/crashpad/snapshot/mac/process_reader_mac.cc:483] could not read dyld_image_info::imageFilePath
[0730/163325.569431:WARNING:third_party/crashpad/crashpad/util/process/process_memory_mac.cc:94] mach_vm_read(0x1b7500000, 0x4000): (ipc/send) invalid destination port (0x10000003)
[0730/163325.569437:WARNING:third_party/crashpad/crashpad/snapshot/mac/mach_o_image_reader.cc:81] could not read mach_header, module , address 0x1b7500000
[0730/163325.569445:WARNING:third_party/crashpad/crashpad/util/process/process_memory_mac.cc:94] mach_vm_read(0x29d724000, 0x8000): (ipc/send) invalid destination port (0x10000003)
[0730/163325.569452:WARNING:third_party/crashpad/crashpad/util/process/process_memory_mac.cc:94] mach_vm_read(0x29d724000, 0x4000): (ipc/send) invalid destination port (0x10000003)
[0730/163325.574974:WARNING:third_party/crashpad/crashpad/snapshot/mac/process_reader_mac.cc:483] could not read dyld_image_info::imageFilePath
[0730/163325.575209:WARNING:third_party/crashpad/crashpad/util/process/process_memory_mac.cc:94] mach_vm_read(0x24fec0000, 0x4000): (ipc/send) invalid destination port (0x10000003)
[0730/163325.575224:WARNING:third_party/crashpad/crashpad/snapshot/mac/mach_o_image_reader.cc:81] could not read mach_header, module , address 0x24fec0000
[0730/163325.575235:WARNING:third_party/crashpad/crashpad/util/process/process_memory_mac.cc:94] mach_vm_read(0x29d614000, 0x4000): (ipc/send) invalid destination port (0x10000003)
[0730/163325.575244:WARNING:third_party/crashpad/crashpad/snapshot/mac/process_reader_mac.cc:483] could not read dyld_image_info::imageFilePath
[0730/163325.575250:WARNING:third_party/crashpad/crashpad/util/process/process_memory_mac.cc:94] mach_vm_read(0x1b6998000, 0x4000): (ipc/send) invalid destination port (0x10000003)
[0730/163325.575492:WARNING:third_party/crashpad/crashpad/snapshot/mac/mach_o_image_reader.cc:81] could not read mach_header, module , address 0x1b699b000
[0730/163325.575504:WARNING:third_party/crashpad/crashpad/util/process/process_memory_mac.cc:94] mach_vm_read(0x29d61c000, 0x4000): (ipc/send) invalid destination port (0x10000003)
[0730/163325.575512:WARNING:third_party/crashpad/crashpad/snapshot/mac/process_reader_mac.cc:483] could not read dyld_image_info::imageFilePath
[0730/163325.575518:WARNING:third_party/crashpad/crashpad/util/process/process_memory_mac.cc:94] mach_vm_read(0x1b9c04000, 0x4000): (ipc/send) invalid destination port (0x10000003)
[0730/163325.575523:WARNING:third_party/crashpad/crashpad/snapshot/mac/mach_o_image_reader.cc:81] could not read mach_header, module , address 0x1b9c07000
[0730/163325.575527:WARNING:third_party/crashpad/crashpad/util/process/process_memory_mac.cc:94] mach_vm_read(0x29d618000, 0x4000): (ipc/send) invalid destination port (0x10000003)
[0730/163325.575532:WARNING:third_party/crashpad/crashpad/snapshot/mac/process_reader_mac.cc:483] could not read dyld_image_info::imageFilePath
[0730/163325.575536:WARNING:third_party/crashpad/crashpad/util/process/process_memory_mac.cc:94] mach_vm_read(0x1b75d8000, 0x4000): (ipc/send) invalid destination port (0x10000003)
[0730/163325.575540:WARNING:third_party/crashpad/crashpad/snapshot/mac/mach_o_image_reader.cc:81] could not read mach_header, module , address 0x1b75d9000
[0730/163325.575544:WARNING:third_party/crashpad/crashpad/util/process/process_memory_mac.cc:94] mach_vm_read(0x29d610000, 0x4000): (ipc/send) invalid destination port (0x10000003)
[0730/163325.575548:WARNING:third_party/crashpad/crashpad/snapshot/mac/process_reader_mac.cc:483] could not read dyld_image_info::imageFilePath
[0730/163325.575555:WARNING:third_party/crashpad/crashpad/util/process/process_memory_mac.cc:94] mach_vm_read(0x1b5e00000, 0x4000): (ipc/send) invalid destination port (0x10000003)
[0730/163325.575559:WARNING:third_party/crashpad/crashpad/snapshot/mac/mach_o_image_reader.cc:81] could not read mach_header, module , address 0x1b5e03000
[0730/163325.575567:WARNING:third_party/crashpad/crashpad/util/process/process_memory_mac.cc:94] mach_vm_read(0x29d6e8000, 0x4000): (ipc/send) invalid destination port (0x10000003)
[0730/163325.575572:WARNING:third_party/crashpad/crashpad/snapshot/mac/process_reader_mac.cc:483] could not read dyld_image_info::imageFilePath
[0730/163325.575576:WARNING:third_party/crashpad/crashpad/util/process/process_memory_mac.cc:94] mach_vm_read(0x23a8f0000, 0x4000): (ipc/send) invalid destination port (0x10000003)
[0730/163325.575580:WARNING:third_party/crashpad/crashpad/snapshot/mac/mach_o_image_reader.cc:81] could not read mach_header, module , address 0x23a8f1000
[0730/163325.575584:WARNING:third_party/crashpad/crashpad/util/process/process_memory_mac.cc:94] mach_vm_read(0x29d6a4000, 0x8000): (ipc/send) invalid destination port (0x10000003)
[0730/163325.575588:WARNING:third_party/crashpad/crashpad/util/process/process_memory_mac.cc:94] mach_vm_read(0x29d6a4000, 0x4000): (ipc/send) invalid destination port (0x10000003)
[0730/163325.575591:WARNING:third_party/crashpad/crashpad/snapshot/mac/process_reader_mac.cc:483] could not read dyld_image_info::imageFilePath
[0730/163325.575595:WARNING:third_party/crashpad/crashpad/util/process/process_memory_mac.cc:94] mach_vm_read(0x1eb55c000, 0x4000): (ipc/send) invalid destination port (0x10000003)
[0730/163325.575599:WARNING:third_party/crashpad/crashpad/snapshot/mac/mach_o_image_reader.cc:81] could not read mach_header, module , address 0x1eb55d000
[0730/163325.575603:WARNING:third_party/crashpad/crashpad/util/process/process_memory_mac.cc:94] mach_vm_read(0x29d750000, 0x8000): (ipc/send) invalid destination port (0x10000003)
[0730/163325.575607:WARNING:third_party/crashpad/crashpad/util/process/process_memory_mac.cc:94] mach_vm_read(0x29d750000, 0x4000): (ipc/send) invalid destination port (0x10000003)
[0730/163325.575611:WARNING:third_party/crashpad/crashpad/snapshot/mac/process_reader_mac.cc:483] could not read dyld_image_info::imageFilePath
[0730/163325.575615:WARNING:third_party/crashpad/crashpad/util/process/process_memory_mac.cc:94] mach_vm_read(0x25bf9c000, 0x4000): (ipc/send) invalid destination port (0x10000003)
[0730/163325.575618:WARNING:third_party/crashpad/crashpad/snapshot/mac/mach_o_image_reader.cc:81] could not read mach_header, module , address 0x25bf9d000
[0730/163325.575622:WARNING:third_party/crashpad/crashpad/util/process/process_memory_mac.cc:94] mach_vm_read(0x29d750000, 0x8000): (ipc/send) invalid destination port (0x10000003)
[0730/163325.575626:WARNING:third_party/crashpad/crashpad/util/process/process_memory_mac.cc:94] mach_vm_read(0x29d750000, 0x4000): (ipc/send) invalid destination port (0x10000003)
[0730/163325.575630:WARNING:third_party/crashpad/crashpad/snapshot/mac/process_reader_mac.cc:483] could not read dyld_image_info::imageFilePath
[0730/163325.575633:WARNING:third_party/crashpad/crashpad/util/process/process_memory_mac.cc:94] mach_vm_read(0x25c028000, 0x4000): (ipc/send) invalid destination port (0x10000003)
[0730/163325.575637:WARNING:third_party/crashpad/crashpad/snapshot/mac/mach_o_image_reader.cc:81] could not read mach_header, module , address 0x25c02a000
[0730/163325.575643:WARNING:third_party/crashpad/crashpad/util/process/process_memory_mac.cc:94] mach_vm_read(0x29d5f8000, 0x8000): (ipc/send) invalid destination port (0x10000003)
[0730/163325.575647:WARNING:third_party/crashpad/crashpad/util/process/process_memory_mac.cc:94] mach_vm_read(0x29d5f8000, 0x4000): (ipc/send) invalid destination port (0x10000003)
[0730/163325.575651:WARNING:third_party/crashpad/crashpad/snapshot/mac/process_reader_mac.cc:483] could not read dyld_image_info::imageFilePath
[0730/163325.575672:WARNING:third_party/crashpad/crashpad/util/process/process_memory_mac.cc:94] mach_vm_read(0x1a9280000, 0x4000): (ipc/send) invalid destination port (0x10000003)
[0730/163325.575676:WARNING:third_party/crashpad/crashpad/snapshot/mac/mach_o_image_reader.cc:81] could not read mach_header, module , address 0x1a9280000
[0730/163325.575680:WARNING:third_party/crashpad/crashpad/util/process/process_memory_mac.cc:94] mach_vm_read(0x29d6f4000, 0x8000): (ipc/send) invalid destination port (0x10000003)
[0730/163325.575684:WARNING:third_party/crashpad/crashpad/util/process/process_memory_mac.cc:94] mach_vm_read(0x29d6f4000, 0x4000): (ipc/send) invalid destination port (0x10000003)
[0730/163325.575689:WARNING:third_party/crashpad/crashpad/snapshot/mac/process_reader_mac.cc:483] could not read dyld_image_info::imageFilePath
[0730/163325.575693:WARNING:third_party/crashpad/crashpad/util/process/process_memory_mac.cc:94] mach_vm_read(0x23fa98000, 0x4000): (ipc/send) invalid destination port (0x10000003)
[0730/163325.575696:WARNING:third_party/crashpad/crashpad/snapshot/mac/mach_o_image_reader.cc:81] could not read mach_header, module , address 0x23fa9a000
[0730/163325.575700:WARNING:third_party/crashpad/crashpad/util/process/process_memory_mac.cc:94] mach_vm_read(0x29d728000, 0x4000): (ipc/send) invalid destination port (0x10000003)
[0730/163325.575704:WARNING:third_party/crashpad/crashpad/snapshot/mac/process_reader_mac.cc:483] could not read dyld_image_info::imageFilePath
[0730/163325.575708:WARNING:third_party/crashpad/crashpad/util/process/process_memory_mac.cc:94] mach_vm_read(0x24ffd8000, 0x4000): (ipc/send) invalid destination port (0x10000003)
[0730/163325.575711:WARNING:third_party/crashpad/crashpad/snapshot/mac/mach_o_image_reader.cc:81] could not read mach_header, module , address 0x24ffd8000
[0730/163325.575730:WARNING:third_party/crashpad/crashpad/util/process/process_memory_mac.cc:94] mach_vm_read(0x29d750000, 0x8000): (ipc/send) invalid destination port (0x10000003)
[0730/163325.575751:WARNING:third_party/crashpad/crashpad/util/process/process_memory_mac.cc:94] mach_vm_read(0x29d750000, 0x4000): (ipc/send) invalid destination port (0x10000003)
[0730/163325.575757:WARNING:third_party/crashpad/crashpad/snapshot/mac/process_reader_mac.cc:483] could not read dyld_image_info::imageFilePath
[0730/163325.575764:WARNING:third_party/crashpad/crashpad/util/process/process_memory_mac.cc:94] mach_vm_read(0x25c01c000, 0x4000): (ipc/send) invalid destination port (0x10000003)
[0730/163325.575769:WARNING:third_party/crashpad/crashpad/snapshot/mac/mach_o_image_reader.cc:81] could not read mach_header, module , address 0x25c01e000
[0730/163325.583669:WARNING:third_party/crashpad/crashpad/util/process/process_memory_mac.cc:94] mach_vm_read(0x29d7a8000, 0x8000): (ipc/send) invalid destination port (0x10000003)
[0730/163325.583702:WARNING:third_party/crashpad/crashpad/util/process/process_memory_mac.cc:94] mach_vm_read(0x29d7a8000, 0x4000): (ipc/send) invalid destination port (0x10000003)
[0730/163325.583710:WARNING:third_party/crashpad/crashpad/snapshot/mac/process_reader_mac.cc:483] could not read dyld_image_info::imageFilePath
[0730/163325.583715:WARNING:third_party/crashpad/crashpad/util/process/process_memory_mac.cc:94] mach_vm_read(0x2752ac000, 0x4000): (ipc/send) invalid destination port (0x10000003)
[0730/163325.583720:WARNING:third_party/crashpad/crashpad/snapshot/mac/mach_o_image_reader.cc:81] could not read mach_header, module , address 0x2752ae000
[0730/163325.583724:WARNING:third_party/crashpad/crashpad/util/process/process_memory_mac.cc:94] mach_vm_read(0x29d604000, 0x4000): (ipc/send) invalid destination port (0x10000003)
[0730/163325.583728:WARNING:third_party/crashpad/crashpad/snapshot/mac/process_reader_mac.cc:483] could not read dyld_image_info::imageFilePath
[0730/163325.583732:WARNING:third_party/crashpad/crashpad/util/process/process_memory_mac.cc:94] mach_vm_read(0x1ae170000, 0x4000): (ipc/send) invalid destination port (0x10000003)
[0730/163325.583736:WARNING:third_party/crashpad/crashpad/snapshot/mac/mach_o_image_reader.cc:81] could not read mach_header, module , address 0x1ae170000
[0730/163325.583745:WARNING:third_party/crashpad/crashpad/util/process/process_memory_mac.cc:94] mach_vm_read(0x29d604000, 0x4000): (ipc/send) invalid destination port (0x10000003)
[0730/163325.583749:WARNING:third_party/crashpad/crashpad/snapshot/mac/process_reader_mac.cc:483] could not read dyld_image_info::imageFilePath
[0730/163325.583753:WARNING:third_party/crashpad/crashpad/util/process/process_memory_mac.cc:94] mach_vm_read(0x1ae170000, 0x4000): (ipc/send) invalid destination port (0x10000003)
[0730/163325.583756:WARNING:third_party/crashpad/crashpad/snapshot/mac/mach_o_image_reader.cc:81] could not read mach_header, module , address 0x1ae172000
[0730/163325.583760:WARNING:third_party/crashpad/crashpad/util/process/process_memory_mac.cc:94] mach_vm_read(0x29d600000, 0x4000): (ipc/send) invalid destination port (0x10000003)
[0730/163325.583764:WARNING:third_party/crashpad/crashpad/snapshot/mac/process_reader_mac.cc:483] could not read dyld_image_info::imageFilePath
[0730/163325.583768:WARNING:third_party/crashpad/crashpad/util/process/process_memory_mac.cc:94] mach_vm_read(0x1aae34000, 0x4000): (ipc/send) invalid destination port (0x10000003)
[0730/163325.583771:WARNING:third_party/crashpad/crashpad/snapshot/mac/mach_o_image_reader.cc:81] could not read mach_header, module , address 0x1aae37000
[0730/163325.583775:WARNING:third_party/crashpad/crashpad/util/process/process_memory_mac.cc:94] mach_vm_read(0x29d6f4000, 0x4000): (ipc/send) invalid destination port (0x10000003)
[0730/163325.583778:WARNING:third_party/crashpad/crashpad/snapshot/mac/process_reader_mac.cc:483] could not read dyld_image_info::imageFilePath
[0730/163325.583787:WARNING:third_party/crashpad/crashpad/util/process/process_memory_mac.cc:94] mach_vm_read(0x23fa48000, 0x4000): (ipc/send) invalid destination port (0x10000003)
[0730/163325.583791:WARNING:third_party/crashpad/crashpad/snapshot/mac/mach_o_image_reader.cc:81] could not read mach_header, module , address 0x23fa48000
[0730/163325.583795:WARNING:third_party/crashpad/crashpad/util/process/process_memory_mac.cc:94] mach_vm_read(0x29d6f4000, 0x8000): (ipc/send) invalid destination port (0x10000003)
[0730/163325.583798:WARNING:third_party/crashpad/crashpad/util/process/process_memory_mac.cc:94] mach_vm_read(0x29d6f4000, 0x4000): (ipc/send) invalid destination port (0x10000003)
[0730/163325.583802:WARNING:third_party/crashpad/crashpad/snapshot/mac/process_reader_mac.cc:483] could not read dyld_image_info::imageFilePath
[0730/163325.583806:WARNING:third_party/crashpad/crashpad/util/process/process_memory_mac.cc:94] mach_vm_read(0x23fa68000, 0x4000): (ipc/send) invalid destination port (0x10000003)
[0730/163325.583809:WARNING:third_party/crashpad/crashpad/snapshot/mac/mach_o_image_reader.cc:81] could not read mach_header, module , address 0x23fa68000
[0730/163325.583813:WARNING:third_party/crashpad/crashpad/util/process/process_memory_mac.cc:94] mach_vm_read(0x29d638000, 0x4000): (ipc/send) invalid destination port (0x10000003)
[0730/163325.583817:WARNING:third_party/crashpad/crashpad/snapshot/mac/process_reader_mac.cc:483] could not read dyld_image_info::imageFilePath
[0730/163325.583821:WARNING:third_party/crashpad/crashpad/util/process/process_memory_mac.cc:94] mach_vm_read(0x1c5088000, 0x4000): (ipc/send) invalid destination port (0x10000003)
[0730/163325.583824:WARNING:third_party/crashpad/crashpad/snapshot/mac/mach_o_image_reader.cc:81] could not read mach_header, module , address 0x1c508a000
[0730/163325.583828:WARNING:third_party/crashpad/crashpad/util/process/process_memory_mac.cc:94] mach_vm_read(0x29d6a8000, 0x4000): (ipc/send) invalid destination port (0x10000003)
[0730/163325.583832:WARNING:third_party/crashpad/crashpad/snapshot/mac/process_reader_mac.cc:483] could not read dyld_image_info::imageFilePath
[0730/163325.583836:WARNING:third_party/crashpad/crashpad/util/process/process_memory_mac.cc:94] mach_vm_read(0x1ecbd4000, 0x4000): (ipc/send) invalid destination port (0x10000003)
[0730/163325.583839:WARNING:third_party/crashpad/crashpad/snapshot/mac/mach_o_image_reader.cc:81] could not read mach_header, module , address 0x1ecbd7000
[0730/163325.583843:WARNING:third_party/crashpad/crashpad/util/process/process_memory_mac.cc:94] mach_vm_read(0x29d6b4000, 0x8000): (ipc/send) invalid destination port (0x10000003)
[0730/163325.583847:WARNING:third_party/crashpad/crashpad/util/process/process_memory_mac.cc:94] mach_vm_read(0x29d6b4000, 0x4000): (ipc/send) invalid destination port (0x10000003)
[0730/163325.583850:WARNING:third_party/crashpad/crashpad/snapshot/mac/process_reader_mac.cc:483] could not read dyld_image_info::imageFilePath
[0730/163325.583854:WARNING:third_party/crashpad/crashpad/util/process/process_memory_mac.cc:94] mach_vm_read(0x1eff00000, 0x4000): (ipc/send) invalid destination port (0x10000003)
[0730/163325.590243:WARNING:third_party/crashpad/crashpad/snapshot/mac/mach_o_image_reader.cc:81] could not read mach_header, module , address 0x1eff02000
[0730/163325.590264:WARNING:third_party/crashpad/crashpad/util/process/process_memory_mac.cc:94] mach_vm_read(0x29d6fc000, 0x4000): (ipc/send) invalid destination port (0x10000003)
[0730/163325.590275:WARNING:third_party/crashpad/crashpad/snapshot/mac/process_reader_mac.cc:483] could not read dyld_image_info::imageFilePath
[0730/163325.590283:WARNING:third_party/crashpad/crashpad/util/process/process_memory_mac.cc:94] mach_vm_read(0x240238000, 0x4000): (ipc/send) invalid destination port (0x10000003)
[0730/163325.590290:WARNING:third_party/crashpad/crashpad/snapshot/mac/mach_o_image_reader.cc:81] could not read mach_header, module , address 0x240238000
[0730/163325.590296:WARNING:third_party/crashpad/crashpad/util/process/process_memory_mac.cc:94] mach_vm_read(0x29d724000, 0x8000): (ipc/send) invalid destination port (0x10000003)
[0730/163325.590303:WARNING:third_party/crashpad/crashpad/util/process/process_memory_mac.cc:94] mach_vm_read(0x29d724000, 0x4000): (ipc/send) invalid destination port (0x10000003)
[0730/163325.590309:WARNING:third_party/crashpad/crashpad/snapshot/mac/process_reader_mac.cc:483] could not read dyld_image_info::imageFilePath
[0730/163325.590317:WARNING:third_party/crashpad/crashpad/util/process/process_memory_mac.cc:94] mach_vm_read(0x24fd4c000, 0x4000): (ipc/send) invalid destination port (0x10000003)
[0730/163325.590323:WARNING:third_party/crashpad/crashpad/snapshot/mac/mach_o_image_reader.cc:81] could not read mach_header, module , address 0x24fd4d000
[0730/163325.590329:WARNING:third_party/crashpad/crashpad/util/process/process_memory_mac.cc:94] mach_vm_read(0x29d7a0000, 0x4000): (ipc/send) invalid destination port (0x10000003)
[0730/163325.590335:WARNING:third_party/crashpad/crashpad/snapshot/mac/process_reader_mac.cc:483] could not read dyld_image_info::imageFilePath
[0730/163325.590342:WARNING:third_party/crashpad/crashpad/util/process/process_memory_mac.cc:94] mach_vm_read(0x272b4c000, 0x4000): (ipc/send) invalid destination port (0x10000003)
[0730/163325.590347:WARNING:third_party/crashpad/crashpad/snapshot/mac/mach_o_image_reader.cc:81] could not read mach_header, module , address 0x272b4d000
[0730/163325.590354:WARNING:third_party/crashpad/crashpad/util/process/process_memory_mac.cc:94] mach_vm_read(0x29d6d4000, 0x4000): (ipc/send) invalid destination port (0x10000003)
[0730/163325.590361:WARNING:third_party/crashpad/crashpad/snapshot/mac/process_reader_mac.cc:483] could not read dyld_image_info::imageFilePath
[0730/163325.590368:WARNING:third_party/crashpad/crashpad/util/process/process_memory_mac.cc:94] mach_vm_read(0x237374000, 0x4000): (ipc/send) invalid destination port (0x10000003)
[0730/163325.590373:WARNING:third_party/crashpad/crashpad/snapshot/mac/mach_o_image_reader.cc:81] could not read mach_header, module , address 0x237374000
[0730/163325.590380:WARNING:third_party/crashpad/crashpad/util/process/process_memory_mac.cc:94] mach_vm_read(0x29d6e8000, 0x8000): (ipc/send) invalid destination port (0x10000003)
[0730/163325.590393:WARNING:third_party/crashpad/crashpad/util/process/process_memory_mac.cc:94] mach_vm_read(0x29d6e8000, 0x4000): (ipc/send) invalid destination port (0x10000003)
[0730/163325.590403:WARNING:third_party/crashpad/crashpad/snapshot/mac/process_reader_mac.cc:483] could not read dyld_image_info::imageFilePath
[0730/163325.590409:WARNING:third_party/crashpad/crashpad/util/process/process_memory_mac.cc:94] mach_vm_read(0x23b414000, 0x4000): (ipc/send) invalid destination port (0x10000003)
[0730/163325.590415:WARNING:third_party/crashpad/crashpad/snapshot/mac/mach_o_image_reader.cc:81] could not read mach_header, module , address 0x23b417000
[0730/163325.590421:WARNING:third_party/crashpad/crashpad/util/process/process_memory_mac.cc:94] mach_vm_read(0x29d660000, 0x4000): (ipc/send) invalid destination port (0x10000003)
[0730/163325.590427:WARNING:third_party/crashpad/crashpad/snapshot/mac/process_reader_mac.cc:483] could not read dyld_image_info::imageFilePath
[0730/163325.590433:WARNING:third_party/crashpad/crashpad/util/process/process_memory_mac.cc:94] mach_vm_read(0x1d6a98000, 0x4000): (ipc/send) invalid destination port (0x10000003)
[0730/163325.590439:WARNING:third_party/crashpad/crashpad/snapshot/mac/mach_o_image_reader.cc:81] could not read mach_header, module , address 0x1d6a98000
[0730/163325.590445:WARNING:third_party/crashpad/crashpad/util/process/process_memory_mac.cc:94] mach_vm_read(0x29d628000, 0x4000): (ipc/send) invalid destination port (0x10000003)
[0730/163325.590452:WARNING:third_party/crashpad/crashpad/snapshot/mac/process_reader_mac.cc:483] could not read dyld_image_info::imageFilePath
[0730/163325.590458:WARNING:third_party/crashpad/crashpad/util/process/process_memory_mac.cc:94] mach_vm_read(0x1bdac4000, 0x4000): (ipc/send) invalid destination port (0x10000003)
[0730/163325.590464:WARNING:third_party/crashpad/crashpad/snapshot/mac/mach_o_image_reader.cc:81] could not read mach_header, module , address 0x1bdac4000
[0730/163325.590482:WARNING:third_party/crashpad/crashpad/util/process/process_memory_mac.cc:94] mach_vm_read(0x29d7a0000, 0x4000): (ipc/send) invalid destination port (0x10000003)
[0730/163325.590491:WARNING:third_party/crashpad/crashpad/snapshot/mac/process_reader_mac.cc:483] could not read dyld_image_info::imageFilePath
[0730/163325.590498:WARNING:third_party/crashpad/crashpad/util/process/process_memory_mac.cc:94] mach_vm_read(0x270784000, 0x4000): (ipc/send) invalid destination port (0x10000003)
[0730/163325.590504:WARNING:third_party/crashpad/crashpad/snapshot/mac/mach_o_image_reader.cc:81] could not read mach_header, module , address 0x270785000
[0730/163325.590511:WARNING:third_party/crashpad/crashpad/util/process/process_memory_mac.cc:94] mach_vm_read(0x29d660000, 0x4000): (ipc/send) invalid destination port (0x10000003)
[0730/163325.590517:WARNING:third_party/crashpad/crashpad/snapshot/mac/process_reader_mac.cc:483] could not read dyld_image_info::imageFilePath
[0730/163325.590523:WARNING:third_party/crashpad/crashpad/util/process/process_memory_mac.cc:94] mach_vm_read(0x1d6c48000, 0x4000): (ipc/send) invalid destination port (0x10000003)
[0730/163325.600508:WARNING:third_party/crashpad/crashpad/snapshot/mac/mach_o_image_reader.cc:81] could not read mach_header, module , address 0x1d6c4b000
[0730/163325.600539:WARNING:third_party/crashpad/crashpad/util/process/process_memory_mac.cc:94] mach_vm_read(0x29d618000, 0x8000): (ipc/send) invalid destination port (0x10000003)
[0730/163325.600553:WARNING:third_party/crashpad/crashpad/util/process/process_memory_mac.cc:94] mach_vm_read(0x29d618000, 0x4000): (ipc/send) invalid destination port (0x10000003)
[0730/163325.600560:WARNING:third_party/crashpad/crashpad/snapshot/mac/process_reader_mac.cc:483] could not read dyld_image_info::imageFilePath
[0730/163325.600568:WARNING:third_party/crashpad/crashpad/util/process/process_memory_mac.cc:94] mach_vm_read(0x1b80a0000, 0x4000): (ipc/send) invalid destination port (0x10000003)
[0730/163325.600575:WARNING:third_party/crashpad/crashpad/snapshot/mac/mach_o_image_reader.cc:81] could not read mach_header, module , address 0x1b80a3000
[0730/163325.600581:WARNING:third_party/crashpad/crashpad/util/process/process_memory_mac.cc:94] mach_vm_read(0x29d634000, 0x8000): (ipc/send) invalid destination port (0x10000003)
[0730/163325.600589:WARNING:third_party/crashpad/crashpad/util/process/process_memory_mac.cc:94] mach_vm_read(0x29d634000, 0x4000): (ipc/send) invalid destination port (0x10000003)
[0730/163325.600596:WARNING:third_party/crashpad/crashpad/snapshot/mac/process_reader_mac.cc:483] could not read dyld_image_info::imageFilePath
[0730/163325.600602:WARNING:third_party/crashpad/crashpad/util/process/process_memory_mac.cc:94] mach_vm_read(0x1c3e04000, 0x4000): (ipc/send) invalid destination port (0x10000003)
[0730/163325.600609:WARNING:third_party/crashpad/crashpad/snapshot/mac/mach_o_image_reader.cc:81] could not read mach_header, module , address 0x1c3e05000
[0730/163325.600616:WARNING:third_party/crashpad/crashpad/util/process/process_memory_mac.cc:94] mach_vm_read(0x29d604000, 0x4000): (ipc/send) invalid destination port (0x10000003)
[0730/163325.600623:WARNING:third_party/crashpad/crashpad/snapshot/mac/process_reader_mac.cc:483] could not read dyld_image_info::imageFilePath
[0730/163325.600629:WARNING:third_party/crashpad/crashpad/util/process/process_memory_mac.cc:94] mach_vm_read(0x1ae1d8000, 0x4000): (ipc/send) invalid destination port (0x10000003)
[0730/163325.600635:WARNING:third_party/crashpad/crashpad/snapshot/mac/mach_o_image_reader.cc:81] could not read mach_header, module , address 0x1ae1d8000
[0730/163325.600642:WARNING:third_party/crashpad/crashpad/util/process/process_memory_mac.cc:94] mach_vm_read(0x29d600000, 0x4000): (ipc/send) invalid destination port (0x10000003)
[0730/163325.600648:WARNING:third_party/crashpad/crashpad/snapshot/mac/process_reader_mac.cc:483] could not read dyld_image_info::imageFilePath
[0730/163325.600654:WARNING:third_party/crashpad/crashpad/util/process/process_memory_mac.cc:94] mach_vm_read(0x1aa560000, 0x4000): (ipc/send) invalid destination port (0x10000003)
[0730/163325.600660:WARNING:third_party/crashpad/crashpad/snapshot/mac/mach_o_image_reader.cc:81] could not read mach_header, module , address 0x1aa561000
[0730/163325.600678:WARNING:third_party/crashpad/crashpad/util/process/process_memory_mac.cc:94] mach_vm_read(0x29d63c000, 0x4000): (ipc/send) invalid destination port (0x10000003)
[0730/163325.600685:WARNING:third_party/crashpad/crashpad/snapshot/mac/process_reader_mac.cc:483] could not read dyld_image_info::imageFilePath
[0730/163325.600691:WARNING:third_party/crashpad/crashpad/util/process/process_memory_mac.cc:94] mach_vm_read(0x1c792c000, 0x4000): (ipc/send) invalid destination port (0x10000003)
[0730/163325.600697:WARNING:third_party/crashpad/crashpad/snapshot/mac/mach_o_image_reader.cc:81] could not read mach_header, module , address 0x1c792e000
[0730/163325.600704:WARNING:third_party/crashpad/crashpad/util/process/process_memory_mac.cc:94] mach_vm_read(0x29d620000, 0x4000): (ipc/send) invalid destination port (0x10000003)
[0730/163325.600710:WARNING:third_party/crashpad/crashpad/snapshot/mac/process_reader_mac.cc:483] could not read dyld_image_info::imageFilePath
[0730/163325.600716:WARNING:third_party/crashpad/crashpad/util/process/process_memory_mac.cc:94] mach_vm_read(0x1ba374000, 0x4000): (ipc/send) invalid destination port (0x10000003)
[0730/163325.600723:WARNING:third_party/crashpad/crashpad/snapshot/mac/mach_o_image_reader.cc:81] could not read mach_header, module , address 0x1ba375000
[0730/163325.600729:WARNING:third_party/crashpad/crashpad/util/process/process_memory_mac.cc:94] mach_vm_read(0x29d640000, 0x4000): (ipc/send) invalid destination port (0x10000003)
[0730/163325.600735:WARNING:third_party/crashpad/crashpad/snapshot/mac/process_reader_mac.cc:483] could not read dyld_image_info::imageFilePath
[0730/163325.600741:WARNING:third_party/crashpad/crashpad/util/process/process_memory_mac.cc:94] mach_vm_read(0x1c926c000, 0x4000): (ipc/send) invalid destination port (0x10000003)
[0730/163325.600747:WARNING:third_party/crashpad/crashpad/snapshot/mac/mach_o_image_reader.cc:81] could not read mach_header, module , address 0x1c926c000
[0730/163325.600753:WARNING:third_party/crashpad/crashpad/util/process/process_memory_mac.cc:94] mach_vm_read(0x29d640000, 0x4000): (ipc/send) invalid destination port (0x10000003)
[0730/163325.600760:WARNING:third_party/crashpad/crashpad/snapshot/mac/process_reader_mac.cc:483] could not read dyld_image_info::imageFilePath
[0730/163325.600766:WARNING:third_party/crashpad/crashpad/util/process/process_memory_mac.cc:94] mach_vm_read(0x1c9140000, 0x4000): (ipc/send) invalid destination port (0x10000003)
[0730/163325.600772:WARNING:third_party/crashpad/crashpad/snapshot/mac/mach_o_image_reader.cc:81] could not read mach_header, module , address 0x1c9143000
[0730/163325.605581:WARNING:third_party/crashpad/crashpad/util/process/process_memory_mac.cc:94] mach_vm_read(0x29d624000, 0x8000): (ipc/send) invalid destination port (0x10000003)
[0730/163325.605612:WARNING:third_party/crashpad/crashpad/util/process/process_memory_mac.cc:94] mach_vm_read(0x29d624000, 0x4000): (ipc/send) invalid destination port (0x10000003)
[0730/163325.605620:WARNING:third_party/crashpad/crashpad/snapshot/mac/process_reader_mac.cc:483] could not read dyld_image_info::imageFilePath
[0730/163325.605635:WARNING:third_party/crashpad/crashpad/util/process/process_memory_mac.cc:94] mach_vm_read(0x1bd01c000, 0x4000): (ipc/send) invalid destination port (0x10000003)
[0730/163325.605641:WARNING:third_party/crashpad/crashpad/snapshot/mac/mach_o_image_reader.cc:81] could not read mach_header, module , address 0x1bd01f000
[0730/163325.605647:WARNING:third_party/crashpad/crashpad/util/process/process_memory_mac.cc:94] mach_vm_read(0x29d5f8000, 0x8000): (ipc/send) invalid destination port (0x10000003)
[0730/163325.605652:WARNING:third_party/crashpad/crashpad/util/process/process_memory_mac.cc:94] mach_vm_read(0x29d5f8000, 0x4000): (ipc/send) invalid destination port (0x10000003)
[0730/163325.605656:WARNING:third_party/crashpad/crashpad/snapshot/mac/process_reader_mac.cc:483] could not read dyld_image_info::imageFilePath
[0730/163325.605660:WARNING:third_party/crashpad/crashpad/util/process/process_memory_mac.cc:94] mach_vm_read(0x1a9548000, 0x4000): (ipc/send) invalid destination port (0x10000003)
[0730/163325.605665:WARNING:third_party/crashpad/crashpad/snapshot/mac/mach_o_image_reader.cc:81] could not read mach_header, module , address 0x1a9549000
[0730/163325.605669:WARNING:third_party/crashpad/crashpad/util/process/process_memory_mac.cc:94] mach_vm_read(0x29d5e8000, 0x4000): (ipc/send) invalid destination port (0x10000003)
[0730/163325.605673:WARNING:third_party/crashpad/crashpad/snapshot/mac/process_reader_mac.cc:483] could not read dyld_image_info::imageFilePath
[0730/163325.605678:WARNING:third_party/crashpad/crashpad/util/process/process_memory_mac.cc:94] mach_vm_read(0x1a3cbc000, 0x4000): (ipc/send) invalid destination port (0x10000003)
[0730/163325.605682:WARNING:third_party/crashpad/crashpad/snapshot/mac/mach_o_image_reader.cc:81] could not read mach_header, module , address 0x1a3cbc000
[0730/163325.605686:WARNING:third_party/crashpad/crashpad/util/process/process_memory_mac.cc:94] mach_vm_read(0x29d5f8000, 0x4000): (ipc/send) invalid destination port (0x10000003)
[0730/163325.605690:WARNING:third_party/crashpad/crashpad/snapshot/mac/process_reader_mac.cc:483] could not read dyld_image_info::imageFilePath
[0730/163325.605695:WARNING:third_party/crashpad/crashpad/util/process/process_memory_mac.cc:94] mach_vm_read(0x1a8064000, 0x4000): (ipc/send) invalid destination port (0x10000003)
[0730/163325.605699:WARNING:third_party/crashpad/crashpad/snapshot/mac/mach_o_image_reader.cc:81] could not read mach_header, module , address 0x1a8067000
[0730/163325.605703:WARNING:third_party/crashpad/crashpad/util/process/process_memory_mac.cc:94] mach_vm_read(0x29d640000, 0x4000): (ipc/send) invalid destination port (0x10000003)
[0730/163325.605708:WARNING:third_party/crashpad/crashpad/snapshot/mac/process_reader_mac.cc:483] could not read dyld_image_info::imageFilePath
[0730/163325.605712:WARNING:third_party/crashpad/crashpad/util/process/process_memory_mac.cc:94] mach_vm_read(0x1c91a0000, 0x4000): (ipc/send) invalid destination port (0x10000003)
[0730/163325.605716:WARNING:third_party/crashpad/crashpad/snapshot/mac/mach_o_image_reader.cc:81] could not read mach_header, module , address 0x1c91a0000
[0730/163325.605724:WARNING:third_party/crashpad/crashpad/util/process/process_memory_mac.cc:94] mach_vm_read(0x29d650000, 0x4000): (ipc/send) invalid destination port (0x10000003)
[0730/163325.605728:WARNING:third_party/crashpad/crashpad/snapshot/mac/process_reader_mac.cc:483] could not read dyld_image_info::imageFilePath
[0730/163325.605732:WARNING:third_party/crashpad/crashpad/util/process/process_memory_mac.cc:94] mach_vm_read(0x1ccf9c000, 0x4000): (ipc/send) invalid destination port (0x10000003)
[0730/163325.605736:WARNING:third_party/crashpad/crashpad/snapshot/mac/mach_o_image_reader.cc:81] could not read mach_header, module , address 0x1ccf9c000
[0730/163325.605740:WARNING:third_party/crashpad/crashpad/util/process/process_memory_mac.cc:94] mach_vm_read(0x29d6c0000, 0x4000): (ipc/send) invalid destination port (0x10000003)
[0730/163325.605744:WARNING:third_party/crashpad/crashpad/snapshot/mac/process_reader_mac.cc:483] could not read dyld_image_info::imageFilePath
[0730/163325.605748:WARNING:third_party/crashpad/crashpad/util/process/process_memory_mac.cc:94] mach_vm_read(0x1f53f0000, 0x4000): (ipc/send) invalid destination port (0x10000003)
[0730/163325.605752:WARNING:third_party/crashpad/crashpad/snapshot/mac/mach_o_image_reader.cc:81] could not read mach_header, module , address 0x1f53f3000
[0730/163325.605756:WARNING:third_party/crashpad/crashpad/util/process/process_memory_mac.cc:94] mach_vm_read(0x29d7b8000, 0x4000): (ipc/send) invalid destination port (0x10000003)
[0730/163325.605760:WARNING:third_party/crashpad/crashpad/snapshot/mac/process_reader_mac.cc:483] could not read dyld_image_info::imageFilePath
[0730/163325.605764:WARNING:third_party/crashpad/crashpad/util/process/process_memory_mac.cc:94] mach_vm_read(0x27645c000, 0x4000): (ipc/send) invalid destination port (0x10000003)
[0730/163325.605768:WARNING:third_party/crashpad/crashpad/snapshot/mac/mach_o_image_reader.cc:81] could not read mach_header, module , address 0x27645f000
[0730/163325.605772:WARNING:third_party/crashpad/crashpad/util/process/process_memory_mac.cc:94] mach_vm_read(0x29d728000, 0x4000): (ipc/send) invalid destination port (0x10000003)
[0730/163325.605776:WARNING:third_party/crashpad/crashpad/snapshot/mac/process_reader_mac.cc:483] could not read dyld_image_info::imageFilePath
[0730/163325.605780:WARNING:third_party/crashpad/crashpad/util/process/process_memory_mac.cc:94] mach_vm_read(0x24ff4c000, 0x4000): (ipc/send) invalid destination port (0x10000003)
[0730/163325.605784:WARNING:third_party/crashpad/crashpad/snapshot/mac/mach_o_image_reader.cc:81] could not read mach_header, module , address 0x24ff4f000
[0730/163325.605788:WARNING:third_party/crashpad/crashpad/util/process/process_memory_mac.cc:94] mach_vm_read(0x29d66c000, 0x8000): (ipc/send) invalid destination port (0x10000003)
[0730/163325.605792:WARNING:third_party/crashpad/crashpad/util/process/process_memory_mac.cc:94] mach_vm_read(0x29d66c000, 0x4000): (ipc/send) invalid destination port (0x10000003)
[0730/163325.605796:WARNING:third_party/crashpad/crashpad/snapshot/mac/process_reader_mac.cc:483] could not read dyld_image_info::imageFilePath
[0730/163325.605803:WARNING:third_party/crashpad/crashpad/util/process/process_memory_mac.cc:94] mach_vm_read(0x1da75c000, 0x4000): (ipc/send) invalid destination port (0x10000003)
[0730/163325.605807:WARNING:third_party/crashpad/crashpad/snapshot/mac/mach_o_image_reader.cc:81] could not read mach_header, module , address 0x1da75c000
[0730/163325.605812:WARNING:third_party/crashpad/crashpad/util/process/process_memory_mac.cc:94] mach_vm_read(0x29d600000, 0x4000): (ipc/send) invalid destination port (0x10000003)
[0730/163325.605815:WARNING:third_party/crashpad/crashpad/snapshot/mac/process_reader_mac.cc:483] could not read dyld_image_info::imageFilePath
[0730/163325.605820:WARNING:third_party/crashpad/crashpad/util/process/process_memory_mac.cc:94] mach_vm_read(0x1ab960000, 0x4000): (ipc/send) invalid destination port (0x10000003)
[0730/163325.605826:WARNING:third_party/crashpad/crashpad/snapshot/mac/mach_o_image_reader.cc:81] could not read mach_header, module , address 0x1ab961000
[0730/163325.605830:WARNING:third_party/crashpad/crashpad/util/process/process_memory_mac.cc:94] mach_vm_read(0x29d740000, 0x4000): (ipc/send) invalid destination port (0x10000003)
[0730/163325.605834:WARNING:third_party/crashpad/crashpad/snapshot/mac/process_reader_mac.cc:483] could not read dyld_image_info::imageFilePath
[0730/163325.605838:WARNING:third_party/crashpad/crashpad/util/process/process_memory_mac.cc:94] mach_vm_read(0x257790000, 0x4000): (ipc/send) invalid destination port (0x10000003)
[0730/163325.605842:WARNING:third_party/crashpad/crashpad/snapshot/mac/mach_o_image_reader.cc:81] could not read mach_header, module , address 0x257793000
[0730/163325.605846:WARNING:third_party/crashpad/crashpad/util/process/process_memory_mac.cc:94] mach_vm_read(0x29d6d0000, 0x4000): (ipc/send) invalid destination port (0x10000003)
[0730/163325.605850:WARNING:third_party/crashpad/crashpad/snapshot/mac/process_reader_mac.cc:483] could not read dyld_image_info::imageFilePath
[0730/163325.605854:WARNING:third_party/crashpad/crashpad/util/process/process_memory_mac.cc:94] mach_vm_read(0x2366b0000, 0x4000): (ipc/send) invalid destination port (0x10000003)
[0730/163325.605858:WARNING:third_party/crashpad/crashpad/snapshot/mac/mach_o_image_reader.cc:81] could not read mach_header, module , address 0x2366b3000
[0730/163325.605862:WARNING:third_party/crashpad/crashpad/util/process/process_memory_mac.cc:94] mach_vm_read(0x29d5f8000, 0x4000): (ipc/send) invalid destination port (0x10000003)
[0730/163325.605866:WARNING:third_party/crashpad/crashpad/snapshot/mac/process_reader_mac.cc:483] could not read dyld_image_info::imageFilePath
[0730/163325.605870:WARNING:third_party/crashpad/crashpad/util/process/process_memory_mac.cc:94] mach_vm_read(0x1a915c000, 0x4000): (ipc/send) invalid destination port (0x10000003)
[0730/163325.605874:WARNING:third_party/crashpad/crashpad/snapshot/mac/mach_o_image_reader.cc:81] could not read mach_header, module , address 0x1a915f000
[0730/163325.605878:WARNING:third_party/crashpad/crashpad/util/process/process_memory_mac.cc:94] mach_vm_read(0x29d614000, 0x4000): (ipc/send) invalid destination port (0x10000003)
[0730/163325.629593:WARNING:third_party/crashpad/crashpad/snapshot/mac/process_reader_mac.cc:483] could not read dyld_image_info::imageFilePath
[0730/163325.629614:WARNING:third_party/crashpad/crashpad/util/process/process_memory_mac.cc:94] mach_vm_read(0x1b69e8000, 0x4000): (ipc/send) invalid destination port (0x10000003)
[0730/163325.629622:WARNING:third_party/crashpad/crashpad/snapshot/mac/mach_o_image_reader.cc:81] could not read mach_header, module , address 0x1b69e8000
[0730/163325.629629:WARNING:third_party/crashpad/crashpad/util/process/process_memory_mac.cc:94] mach_vm_read(0x29d754000, 0x4000): (ipc/send) invalid destination port (0x10000003)
[0730/163325.629635:WARNING:third_party/crashpad/crashpad/snapshot/mac/process_reader_mac.cc:483] could not read dyld_image_info::imageFilePath
[0730/163325.629640:WARNING:third_party/crashpad/crashpad/util/process/process_memory_mac.cc:94] mach_vm_read(0x25c9d8000, 0x4000): (ipc/send) invalid destination port (0x10000003)
[0730/163325.629644:WARNING:third_party/crashpad/crashpad/snapshot/mac/mach_o_image_reader.cc:81] could not read mach_header, module , address 0x25c9db000
[0730/163325.629649:WARNING:third_party/crashpad/crashpad/util/process/process_memory_mac.cc:94] mach_vm_read(0x29d624000, 0x4000): (ipc/send) invalid destination port (0x10000003)
[0730/163325.629654:WARNING:third_party/crashpad/crashpad/snapshot/mac/process_reader_mac.cc:483] could not read dyld_image_info::imageFilePath
[0730/163325.629658:WARNING:third_party/crashpad/crashpad/util/process/process_memory_mac.cc:94] mach_vm_read(0x1bba04000, 0x4000): (ipc/send) invalid destination port (0x10000003)
[0730/163325.629662:WARNING:third_party/crashpad/crashpad/snapshot/mac/mach_o_image_reader.cc:81] could not read mach_header, module , address 0x1bba04000
[0730/163325.629667:WARNING:third_party/crashpad/crashpad/util/process/process_memory_mac.cc:94] mach_vm_read(0x29d7ac000, 0x4000): (ipc/send) invalid destination port (0x10000003)
[0730/163325.629671:WARNING:third_party/crashpad/crashpad/snapshot/mac/process_reader_mac.cc:483] could not read dyld_image_info::imageFilePath
[0730/163325.629675:WARNING:third_party/crashpad/crashpad/util/process/process_memory_mac.cc:94] mach_vm_read(0x27545c000, 0x4000): (ipc/send) invalid destination port (0x10000003)
[0730/163325.638940:WARNING:third_party/crashpad/crashpad/snapshot/mac/mach_o_image_reader.cc:81] could not read mach_header, module , address 0x27545c000
[0730/163325.640544:WARNING:third_party/crashpad/crashpad/util/process/process_memory_mac.cc:94] mach_vm_read(0x29d754000, 0x4000): (ipc/send) invalid destination port (0x10000003)
[0730/163325.640566:WARNING:third_party/crashpad/crashpad/snapshot/mac/process_reader_mac.cc:483] could not read dyld_image_info::imageFilePath
[0730/163325.640577:WARNING:third_party/crashpad/crashpad/util/process/process_memory_mac.cc:94] mach_vm_read(0x25cb7c000, 0x4000): (ipc/send) invalid destination port (0x10000003)
[0730/163325.640586:WARNING:third_party/crashpad/crashpad/snapshot/mac/mach_o_image_reader.cc:81] could not read mach_header, module , address 0x25cb7c000
[0730/163325.640704:WARNING:third_party/crashpad/crashpad/util/process/process_memory_mac.cc:94] mach_vm_read(0x29d628000, 0x4000): (ipc/send) invalid destination port (0x10000003)
[0730/163325.640717:WARNING:third_party/crashpad/crashpad/snapshot/mac/process_reader_mac.cc:483] could not read dyld_image_info::imageFilePath
[0730/163325.640725:WARNING:third_party/crashpad/crashpad/util/process/process_memory_mac.cc:94] mach_vm_read(0x1bd3dc000, 0x4000): (ipc/send) invalid destination port (0x10000003)
[0730/163325.640732:WARNING:third_party/crashpad/crashpad/snapshot/mac/mach_o_image_reader.cc:81] could not read mach_header, module , address 0x1bd3dd000
[0730/163325.640739:WARNING:third_party/crashpad/crashpad/util/process/process_memory_mac.cc:94] mach_vm_read(0x29d680000, 0x4000): (ipc/send) invalid destination port (0x10000003)
[0730/163325.640745:WARNING:third_party/crashpad/crashpad/snapshot/mac/process_reader_mac.cc:483] could not read dyld_image_info::imageFilePath
[0730/163325.640752:WARNING:third_party/crashpad/crashpad/util/process/process_memory_mac.cc:94] mach_vm_read(0x1dcf88000, 0x4000): (ipc/send) invalid destination port (0x10000003)
[0730/163325.640759:WARNING:third_party/crashpad/crashpad/snapshot/mac/mach_o_image_reader.cc:81] could not read mach_header, module , address 0x1dcf8a000
[0730/163325.640765:WARNING:third_party/crashpad/crashpad/util/process/process_memory_mac.cc:94] mach_vm_read(0x29d5e4000, 0x4000): (ipc/send) invalid destination port (0x10000003)
[0730/163325.640771:WARNING:third_party/crashpad/crashpad/snapshot/mac/process_reader_mac.cc:483] could not read dyld_image_info::imageFilePath
[0730/163325.640778:WARNING:third_party/crashpad/crashpad/util/process/process_memory_mac.cc:94] mach_vm_read(0x1a35ac000, 0x4000): (ipc/send) invalid destination port (0x10000003)
[0730/163325.640784:WARNING:third_party/crashpad/crashpad/snapshot/mac/mach_o_image_reader.cc:81] could not read mach_header, module , address 0x1a35ae000
[0730/163325.640791:WARNING:third_party/crashpad/crashpad/util/process/process_memory_mac.cc:94] mach_vm_read(0x29d710000, 0x4000): (ipc/send) invalid destination port (0x10000003)
[0730/163325.640797:WARNING:third_party/crashpad/crashpad/snapshot/mac/process_reader_mac.cc:483] could not read dyld_image_info::imageFilePath
[0730/163325.640804:WARNING:third_party/crashpad/crashpad/util/process/process_memory_mac.cc:94] mach_vm_read(0x2482fc000, 0x4000): (ipc/send) invalid destination port (0x10000003)
[0730/163325.640811:WARNING:third_party/crashpad/crashpad/snapshot/mac/mach_o_image_reader.cc:81] could not read mach_header, module , address 0x2482fe000
[0730/163325.640817:WARNING:third_party/crashpad/crashpad/util/process/process_memory_mac.cc:94] mach_vm_read(0x29d628000, 0x4000): (ipc/send) invalid destination port (0x10000003)
[0730/163325.640824:WARNING:third_party/crashpad/crashpad/snapshot/mac/process_reader_mac.cc:483] could not read dyld_image_info::imageFilePath
[0730/163325.640830:WARNING:third_party/crashpad/crashpad/util/process/process_memory_mac.cc:94] mach_vm_read(0x1bd410000, 0x4000): (ipc/send) invalid destination port (0x10000003)
[0730/163325.640843:WARNING:third_party/crashpad/crashpad/snapshot/mac/mach_o_image_reader.cc:81] could not read mach_header, module , address 0x1bd413000
[0730/163325.640850:WARNING:third_party/crashpad/crashpad/util/process/process_memory_mac.cc:94] mach_vm_read(0x29d63c000, 0x4000): (ipc/send) invalid destination port (0x10000003)
[0730/163325.640857:WARNING:third_party/crashpad/crashpad/snapshot/mac/process_reader_mac.cc:483] could not read dyld_image_info::imageFilePath
[0730/163325.640863:WARNING:third_party/crashpad/crashpad/util/process/process_memory_mac.cc:94] mach_vm_read(0x1c644c000, 0x4000): (ipc/send) invalid destination port (0x10000003)
[0730/163325.640869:WARNING:third_party/crashpad/crashpad/snapshot/mac/mach_o_image_reader.cc:81] could not read mach_header, module , address 0x1c644f000
[0730/163325.640875:WARNING:third_party/crashpad/crashpad/util/process/process_memory_mac.cc:94] mach_vm_read(0x29d608000, 0x4000): (ipc/send) invalid destination port (0x10000003)
[0730/163325.640881:WARNING:third_party/crashpad/crashpad/snapshot/mac/process_reader_mac.cc:483] could not read dyld_image_info::imageFilePath
[0730/163325.640888:WARNING:third_party/crashpad/crashpad/util/process/process_memory_mac.cc:94] mach_vm_read(0x1afac0000, 0x4000): (ipc/send) invalid destination port (0x10000003)
[0730/163325.640893:WARNING:third_party/crashpad/crashpad/snapshot/mac/mach_o_image_reader.cc:81] could not read mach_header, module , address 0x1afac1000
[0730/163325.640899:WARNING:third_party/crashpad/crashpad/util/process/process_memory_mac.cc:94] mach_vm_read(0x29d628000, 0x4000): (ipc/send) invalid destination port (0x10000003)
[0730/163325.640906:WARNING:third_party/crashpad/crashpad/snapshot/mac/process_reader_mac.cc:483] could not read dyld_image_info::imageFilePath
[0730/163325.640912:WARNING:third_party/crashpad/crashpad/util/process/process_memory_mac.cc:94] mach_vm_read(0x1bd58c000, 0x4000): (ipc/send) invalid destination port (0x10000003)
[0730/163325.640918:WARNING:third_party/crashpad/crashpad/snapshot/mac/mach_o_image_reader.cc:81] could not read mach_header, module , address 0x1bd58c000
[0730/163325.640924:WARNING:third_party/crashpad/crashpad/util/process/process_memory_mac.cc:94] mach_vm_read(0x29d628000, 0x4000): (ipc/send) invalid destination port (0x10000003)
[0730/163325.640931:WARNING:third_party/crashpad/crashpad/snapshot/mac/process_reader_mac.cc:483] could not read dyld_image_info::imageFilePath
[0730/163325.640937:WARNING:third_party/crashpad/crashpad/util/process/process_memory_mac.cc:94] mach_vm_read(0x1bd5a4000, 0x4000): (ipc/send) invalid destination port (0x10000003)
[0730/163325.640943:WARNING:third_party/crashpad/crashpad/snapshot/mac/mach_o_image_reader.cc:81] could not read mach_header, module , address 0x1bd5a6000
[0730/163325.640949:WARNING:third_party/crashpad/crashpad/util/process/process_memory_mac.cc:94] mach_vm_read(0x29d5e4000, 0x4000): (ipc/send) invalid destination port (0x10000003)
[0730/163325.640956:WARNING:third_party/crashpad/crashpad/snapshot/mac/process_reader_mac.cc:483] could not read dyld_image_info::imageFilePath
[0730/163325.640966:WARNING:third_party/crashpad/crashpad/util/process/process_memory_mac.cc:94] mach_vm_read(0x1a3860000, 0x4000): (ipc/send) invalid destination port (0x10000003)
[0730/163325.640972:WARNING:third_party/crashpad/crashpad/snapshot/mac/mach_o_image_reader.cc:81] could not read mach_header, module , address 0x1a3861000
[0730/163325.640978:WARNING:third_party/crashpad/crashpad/util/process/process_memory_mac.cc:94] mach_vm_read(0x29d6dc000, 0x8000): (ipc/send) invalid destination port (0x10000003)
[0730/163325.640985:WARNING:third_party/crashpad/crashpad/util/process/process_memory_mac.cc:94] mach_vm_read(0x29d6dc000, 0x4000): (ipc/send) invalid destination port (0x10000003)
[0730/163325.640991:WARNING:third_party/crashpad/crashpad/snapshot/mac/process_reader_mac.cc:483] could not read dyld_image_info::imageFilePath
[0730/163325.640998:WARNING:third_party/crashpad/crashpad/util/process/process_memory_mac.cc:94] mach_vm_read(0x238b0c000, 0x4000): (ipc/send) invalid destination port (0x10000003)
[0730/163325.641003:WARNING:third_party/crashpad/crashpad/snapshot/mac/mach_o_image_reader.cc:81] could not read mach_header, module , address 0x238b0f000
[0730/163325.641010:WARNING:third_party/crashpad/crashpad/util/process/process_memory_mac.cc:94] mach_vm_read(0x29d6dc000, 0x8000): (ipc/send) invalid destination port (0x10000003)
[0730/163325.641017:WARNING:third_party/crashpad/crashpad/util/process/process_memory_mac.cc:94] mach_vm_read(0x29d6dc000, 0x4000): (ipc/send) invalid destination port (0x10000003)
[0730/163325.641023:WARNING:third_party/crashpad/crashpad/snapshot/mac/process_reader_mac.cc:483] could not read dyld_image_info::imageFilePath
[0730/163325.641029:WARNING:third_party/crashpad/crashpad/util/process/process_memory_mac.cc:94] mach_vm_read(0x238bc4000, 0x4000): (ipc/send) invalid destination port (0x10000003)
[0730/163325.641035:WARNING:third_party/crashpad/crashpad/snapshot/mac/mach_o_image_reader.cc:81] could not read mach_header, module , address 0x238bc7000
[0730/163325.641041:WARNING:third_party/crashpad/crashpad/util/process/process_memory_mac.cc:94] mach_vm_read(0x29d754000, 0x4000): (ipc/send) invalid destination port (0x10000003)
[0730/163325.641047:WARNING:third_party/crashpad/crashpad/snapshot/mac/process_reader_mac.cc:483] could not read dyld_image_info::imageFilePath
[0730/163325.641053:WARNING:third_party/crashpad/crashpad/util/process/process_memory_mac.cc:94] mach_vm_read(0x25c090000, 0x4000): (ipc/send) invalid destination port (0x10000003)
[0730/163325.641059:WARNING:third_party/crashpad/crashpad/snapshot/mac/mach_o_image_reader.cc:81] could not read mach_header, module , address 0x25c093000
[0730/163325.641065:WARNING:third_party/crashpad/crashpad/util/process/process_memory_mac.cc:94] mach_vm_read(0x29d6c0000, 0x8000): (ipc/send) invalid destination port (0x10000003)
[0730/163325.641072:WARNING:third_party/crashpad/crashpad/util/process/process_memory_mac.cc:94] mach_vm_read(0x29d6c0000, 0x4000): (ipc/send) invalid destination port (0x10000003)
[0730/163325.641077:WARNING:third_party/crashpad/crashpad/snapshot/mac/process_reader_mac.cc:483] could not read dyld_image_info::imageFilePath
[0730/163325.661753:WARNING:third_party/crashpad/crashpad/util/process/process_memory_mac.cc:94] mach_vm_read(0x1f561c000, 0x4000): (ipc/send) invalid destination port (0x10000003)
[0730/163325.661782:WARNING:third_party/crashpad/crashpad/snapshot/mac/mach_o_image_reader.cc:81] could not read mach_header, module , address 0x1f561d000
[0730/163325.661795:WARNING:third_party/crashpad/crashpad/util/process/process_memory_mac.cc:94] mach_vm_read(0x29d6dc000, 0x8000): (ipc/send) invalid destination port (0x10000003)
[0730/163325.661805:WARNING:third_party/crashpad/crashpad/util/process/process_memory_mac.cc:94] mach_vm_read(0x29d6dc000, 0x4000): (ipc/send) invalid destination port (0x10000003)
[0730/163325.661814:WARNING:third_party/crashpad/crashpad/snapshot/mac/process_reader_mac.cc:483] could not read dyld_image_info::imageFilePath
[0730/163325.661822:WARNING:third_party/crashpad/crashpad/util/process/process_memory_mac.cc:94] mach_vm_read(0x238bc4000, 0x4000): (ipc/send) invalid destination port (0x10000003)
[0730/163325.661830:WARNING:third_party/crashpad/crashpad/snapshot/mac/mach_o_image_reader.cc:81] could not read mach_header, module , address 0x238bc6000
[0730/163325.661839:WARNING:third_party/crashpad/crashpad/util/process/process_memory_mac.cc:94] mach_vm_read(0x29d724000, 0x4000): (ipc/send) invalid destination port (0x10000003)
[0730/163325.661851:WARNING:third_party/crashpad/crashpad/snapshot/mac/process_reader_mac.cc:483] could not read dyld_image_info::imageFilePath
[0730/163325.661859:WARNING:third_party/crashpad/crashpad/util/process/process_memory_mac.cc:94] mach_vm_read(0x24ed88000, 0x4000): (ipc/send) invalid destination port (0x10000003)
[0730/163325.661865:WARNING:third_party/crashpad/crashpad/snapshot/mac/mach_o_image_reader.cc:81] could not read mach_header, module , address 0x24ed8b000
[0730/163325.661872:WARNING:third_party/crashpad/crashpad/util/process/process_memory_mac.cc:94] mach_vm_read(0x29d75c000, 0x4000): (ipc/send) invalid destination port (0x10000003)
[0730/163325.661880:WARNING:third_party/crashpad/crashpad/snapshot/mac/process_reader_mac.cc:483] could not read dyld_image_info::imageFilePath
[0730/163325.661888:WARNING:third_party/crashpad/crashpad/util/process/process_memory_mac.cc:94] mach_vm_read(0x25d914000, 0x4000): (ipc/send) invalid destination port (0x10000003)
[0730/163325.661894:WARNING:third_party/crashpad/crashpad/snapshot/mac/mach_o_image_reader.cc:81] could not read mach_header, module , address 0x25d915000
[0730/163325.661901:WARNING:third_party/crashpad/crashpad/util/process/process_memory_mac.cc:94] mach_vm_read(0x29d6e8000, 0x8000): (ipc/send) invalid destination port (0x10000003)
[0730/163325.661908:WARNING:third_party/crashpad/crashpad/util/process/process_memory_mac.cc:94] mach_vm_read(0x29d6e8000, 0x4000): (ipc/send) invalid destination port (0x10000003)
[0730/163325.661914:WARNING:third_party/crashpad/crashpad/snapshot/mac/process_reader_mac.cc:483] could not read dyld_image_info::imageFilePath
[0730/163325.661920:WARNING:third_party/crashpad/crashpad/util/process/process_memory_mac.cc:94] mach_vm_read(0x23b384000, 0x4000): (ipc/send) invalid destination port (0x10000003)
[0730/163325.661935:WARNING:third_party/crashpad/crashpad/snapshot/mac/mach_o_image_reader.cc:81] could not read mach_header, module , address 0x23b386000
[0730/163325.661943:WARNING:third_party/crashpad/crashpad/util/process/process_memory_mac.cc:94] mach_vm_read(0x29d728000, 0x4000): (ipc/send) invalid destination port (0x10000003)
[0730/163325.661950:WARNING:third_party/crashpad/crashpad/snapshot/mac/process_reader_mac.cc:483] could not read dyld_image_info::imageFilePath
[0730/163325.661957:WARNING:third_party/crashpad/crashpad/util/process/process_memory_mac.cc:94] mach_vm_read(0x24ff24000, 0x4000): (ipc/send) invalid destination port (0x10000003)
[0730/163325.661963:WARNING:third_party/crashpad/crashpad/snapshot/mac/mach_o_image_reader.cc:81] could not read mach_header, module , address 0x24ff26000
[0730/163325.661969:WARNING:third_party/crashpad/crashpad/util/process/process_memory_mac.cc:94] mach_vm_read(0x29d628000, 0x4000): (ipc/send) invalid destination port (0x10000003)
[0730/163325.661976:WARNING:third_party/crashpad/crashpad/snapshot/mac/process_reader_mac.cc:483] could not read dyld_image_info::imageFilePath
[0730/163325.661982:WARNING:third_party/crashpad/crashpad/util/process/process_memory_mac.cc:94] mach_vm_read(0x1bd740000, 0x4000): (ipc/send) invalid destination port (0x10000003)
[0730/163325.661989:WARNING:third_party/crashpad/crashpad/snapshot/mac/mach_o_image_reader.cc:81] could not read mach_header, module , address 0x1bd740000
[0730/163325.661996:WARNING:third_party/crashpad/crashpad/util/process/process_memory_mac.cc:94] mach_vm_read(0x29d614000, 0x4000): (ipc/send) invalid destination port (0x10000003)
[0730/163325.662002:WARNING:third_party/crashpad/crashpad/snapshot/mac/process_reader_mac.cc:483] could not read dyld_image_info::imageFilePath
[0730/163325.662009:WARNING:third_party/crashpad/crashpad/util/process/process_memory_mac.cc:94] mach_vm_read(0x1b6824000, 0x4000): (ipc/send) invalid destination port (0x10000003)
[0730/163325.662016:WARNING:third_party/crashpad/crashpad/snapshot/mac/mach_o_image_reader.cc:81] could not read mach_header, module , address 0x1b6827000
[0730/163325.662024:WARNING:third_party/crashpad/crashpad/util/process/process_memory_mac.cc:94] mach_vm_read(0x29d608000, 0x4000): (ipc/send) invalid destination port (0x10000003)
[0730/163325.662030:WARNING:third_party/crashpad/crashpad/snapshot/mac/process_reader_mac.cc:483] could not read dyld_image_info::imageFilePath
[0730/163325.662036:WARNING:third_party/crashpad/crashpad/util/process/process_memory_mac.cc:94] mach_vm_read(0x1afbe0000, 0x4000): (ipc/send) invalid destination port (0x10000003)
[0730/163325.662042:WARNING:third_party/crashpad/crashpad/snapshot/mac/mach_o_image_reader.cc:81] could not read mach_header, module , address 0x1afbe3000
[0730/163325.662048:WARNING:third_party/crashpad/crashpad/util/process/process_memory_mac.cc:94] mach_vm_read(0x29d5fc000, 0x4000): (ipc/send) invalid destination port (0x10000003)
[0730/163325.662054:WARNING:third_party/crashpad/crashpad/snapshot/mac/process_reader_mac.cc:483] could not read dyld_image_info::imageFilePath
[0730/163325.662069:WARNING:third_party/crashpad/crashpad/util/process/process_memory_mac.cc:94] mach_vm_read(0x1a9c1c000, 0x4000): (ipc/send) invalid destination port (0x10000003)
[0730/163325.662076:WARNING:third_party/crashpad/crashpad/snapshot/mac/mach_o_image_reader.cc:81] could not read mach_header, module , address 0x1a9c1e000
[0730/163325.662082:WARNING:third_party/crashpad/crashpad/util/process/process_memory_mac.cc:94] mach_vm_read(0x29d5e8000, 0x8000): (ipc/send) invalid destination port (0x10000003)
[0730/163325.662089:WARNING:third_party/crashpad/crashpad/util/process/process_memory_mac.cc:94] mach_vm_read(0x29d5e8000, 0x4000): (ipc/send) invalid destination port (0x10000003)
[0730/163325.662095:WARNING:third_party/crashpad/crashpad/snapshot/mac/process_reader_mac.cc:483] could not read dyld_image_info::imageFilePath
[0730/163325.662102:WARNING:third_party/crashpad/crashpad/util/process/process_memory_mac.cc:94] mach_vm_read(0x1a4788000, 0x4000): (ipc/send) invalid destination port (0x10000003)
[0730/163325.662108:WARNING:third_party/crashpad/crashpad/snapshot/mac/mach_o_image_reader.cc:81] could not read mach_header, module , address 0x1a4788000
[0730/163325.662114:WARNING:third_party/crashpad/crashpad/util/process/process_memory_mac.cc:94] mach_vm_read(0x29d608000, 0x4000): (ipc/send) invalid destination port (0x10000003)
[0730/163325.662120:WARNING:third_party/crashpad/crashpad/snapshot/mac/process_reader_mac.cc:483] could not read dyld_image_info::imageFilePath
[0730/163325.662126:WARNING:third_party/crashpad/crashpad/util/process/process_memory_mac.cc:94] mach_vm_read(0x1afbd0000, 0x4000): (ipc/send) invalid destination port (0x10000003)
[0730/163325.662132:WARNING:third_party/crashpad/crashpad/snapshot/mac/mach_o_image_reader.cc:81] could not read mach_header, module , address 0x1afbd1000
[0730/163325.662139:WARNING:third_party/crashpad/crashpad/util/process/process_memory_mac.cc:94] mach_vm_read(0x29d71c000, 0x4000): (ipc/send) invalid destination port (0x10000003)
[0730/163325.662145:WARNING:third_party/crashpad/crashpad/snapshot/mac/process_reader_mac.cc:483] could not read dyld_image_info::imageFilePath
[0730/163325.662151:WARNING:third_party/crashpad/crashpad/util/process/process_memory_mac.cc:94] mach_vm_read(0x24b79c000, 0x4000): (ipc/send) invalid destination port (0x10000003)
[0730/163325.662157:WARNING:third_party/crashpad/crashpad/snapshot/mac/mach_o_image_reader.cc:81] could not read mach_header, module , address 0x24b79d000
[0730/163325.662163:WARNING:third_party/crashpad/crashpad/util/process/process_memory_mac.cc:94] mach_vm_read(0x29d71c000, 0x4000): (ipc/send) invalid destination port (0x10000003)
[0730/163325.662169:WARNING:third_party/crashpad/crashpad/snapshot/mac/process_reader_mac.cc:483] could not read dyld_image_info::imageFilePath
[0730/163325.662176:WARNING:third_party/crashpad/crashpad/util/process/process_memory_mac.cc:94] mach_vm_read(0x24b788000, 0x4000): (ipc/send) invalid destination port (0x10000003)
[0730/163325.662182:WARNING:third_party/crashpad/crashpad/snapshot/mac/mach_o_image_reader.cc:81] could not read mach_header, module , address 0x24b788000
[0730/163325.662193:WARNING:third_party/crashpad/crashpad/util/process/process_memory_mac.cc:94] mach_vm_read(0x29d71c000, 0x4000): (ipc/send) invalid destination port (0x10000003)
[0730/163325.662199:WARNING:third_party/crashpad/crashpad/snapshot/mac/process_reader_mac.cc:483] could not read dyld_image_info::imageFilePath
[0730/163325.662205:WARNING:third_party/crashpad/crashpad/util/process/process_memory_mac.cc:94] mach_vm_read(0x24b6f4000, 0x4000): (ipc/send) invalid destination port (0x10000003)
[0730/163325.662211:WARNING:third_party/crashpad/crashpad/snapshot/mac/mach_o_image_reader.cc:81] could not read mach_header, module , address 0x24b6f6000
[0730/163325.662217:WARNING:third_party/crashpad/crashpad/util/process/process_memory_mac.cc:94] mach_vm_read(0x29d704000, 0x8000): (ipc/send) invalid destination port (0x10000003)
[0730/163325.662224:WARNING:third_party/crashpad/crashpad/util/process/process_memory_mac.cc:94] mach_vm_read(0x29d704000, 0x4000): (ipc/send) invalid destination port (0x10000003)
[0730/163325.662229:WARNING:third_party/crashpad/crashpad/snapshot/mac/process_reader_mac.cc:483] could not read dyld_image_info::imageFilePath
[0730/163325.662236:WARNING:third_party/crashpad/crashpad/util/process/process_memory_mac.cc:94] mach_vm_read(0x241670000, 0x4000): (ipc/send) invalid destination port (0x10000003)
[0730/163325.662243:WARNING:third_party/crashpad/crashpad/snapshot/mac/mach_o_image_reader.cc:81] could not read mach_header, module , address 0x241670000
[0730/163325.662249:WARNING:third_party/crashpad/crashpad/util/process/process_memory_mac.cc:94] mach_vm_read(0x29d618000, 0x8000): (ipc/send) invalid destination port (0x10000003)
[0730/163325.662255:WARNING:third_party/crashpad/crashpad/util/process/process_memory_mac.cc:94] mach_vm_read(0x29d618000, 0x4000): (ipc/send) invalid destination port (0x10000003)
[0730/163325.662262:WARNING:third_party/crashpad/crashpad/snapshot/mac/process_reader_mac.cc:483] could not read dyld_image_info::imageFilePath
[0730/163325.662269:WARNING:third_party/crashpad/crashpad/util/process/process_memory_mac.cc:94] mach_vm_read(0x1b8020000, 0x4000): (ipc/send) invalid destination port (0x10000003)
[0730/163325.662275:WARNING:third_party/crashpad/crashpad/snapshot/mac/mach_o_image_reader.cc:81] could not read mach_header, module , address 0x1b8023000
[0730/163325.662281:WARNING:third_party/crashpad/crashpad/util/process/process_memory_mac.cc:94] mach_vm_read(0x29d624000, 0x8000): (ipc/send) invalid destination port (0x10000003)
[0730/163325.662287:WARNING:third_party/crashpad/crashpad/util/process/process_memory_mac.cc:94] mach_vm_read(0x29d624000, 0x4000): (ipc/send) invalid destination port (0x10000003)
[0730/163325.662293:WARNING:third_party/crashpad/crashpad/snapshot/mac/process_reader_mac.cc:483] could not read dyld_image_info::imageFilePath
[0730/163325.662299:WARNING:third_party/crashpad/crashpad/util/process/process_memory_mac.cc:94] mach_vm_read(0x1bd1a0000, 0x4000): (ipc/send) invalid destination port (0x10000003)
[0730/163325.662305:WARNING:third_party/crashpad/crashpad/snapshot/mac/mach_o_image_reader.cc:81] could not read mach_header, module , address 0x1bd1a2000
[0730/163325.671333:WARNING:third_party/crashpad/crashpad/util/process/process_memory_mac.cc:94] mach_vm_read(0x29d63c000, 0x4000): (ipc/send) invalid destination port (0x10000003)
[0730/163325.671356:WARNING:third_party/crashpad/crashpad/snapshot/mac/process_reader_mac.cc:483] could not read dyld_image_info::imageFilePath
[0730/163325.671381:WARNING:third_party/crashpad/crashpad/util/process/process_memory_mac.cc:94] mach_vm_read(0x1c8b60000, 0x4000): (ipc/send) invalid destination port (0x10000003)
[0730/163325.671396:WARNING:third_party/crashpad/crashpad/snapshot/mac/mach_o_image_reader.cc:81] could not read mach_header, module , address 0x1c8b62000
[0730/163325.671403:WARNING:third_party/crashpad/crashpad/util/process/process_memory_mac.cc:94] mach_vm_read(0x29d788000, 0x4000): (ipc/send) invalid destination port (0x10000003)
[0730/163325.671408:WARNING:third_party/crashpad/crashpad/snapshot/mac/process_reader_mac.cc:483] could not read dyld_image_info::imageFilePath
[0730/163325.671413:WARNING:third_party/crashpad/crashpad/util/process/process_memory_mac.cc:94] mach_vm_read(0x268b70000, 0x4000): (ipc/send) invalid destination port (0x10000003)
[0730/163325.671418:WARNING:third_party/crashpad/crashpad/snapshot/mac/mach_o_image_reader.cc:81] could not read mach_header, module , address 0x268b72000
[0730/163325.671424:WARNING:third_party/crashpad/crashpad/util/process/process_memory_mac.cc:94] mach_vm_read(0x29d628000, 0x8000): (ipc/send) invalid destination port (0x10000003)
[0730/163325.671430:WARNING:third_party/crashpad/crashpad/util/process/process_memory_mac.cc:94] mach_vm_read(0x29d628000, 0x4000): (ipc/send) invalid destination port (0x10000003)
[0730/163325.671434:WARNING:third_party/crashpad/crashpad/snapshot/mac/process_reader_mac.cc:483] could not read dyld_image_info::imageFilePath
[0730/163325.671438:WARNING:third_party/crashpad/crashpad/util/process/process_memory_mac.cc:94] mach_vm_read(0x1bf338000, 0x4000): (ipc/send) invalid destination port (0x10000003)
[0730/163325.671442:WARNING:third_party/crashpad/crashpad/snapshot/mac/mach_o_image_reader.cc:81] could not read mach_header, module , address 0x1bf33a000
[0730/163325.671446:WARNING:third_party/crashpad/crashpad/util/process/process_memory_mac.cc:94] mach_vm_read(0x29d604000, 0x8000): (ipc/send) invalid destination port (0x10000003)
[0730/163325.671450:WARNING:third_party/crashpad/crashpad/util/process/process_memory_mac.cc:94] mach_vm_read(0x29d604000, 0x4000): (ipc/send) invalid destination port (0x10000003)
[0730/163325.671454:WARNING:third_party/crashpad/crashpad/snapshot/mac/process_reader_mac.cc:483] could not read dyld_image_info::imageFilePath
[0730/163325.671458:WARNING:third_party/crashpad/crashpad/util/process/process_memory_mac.cc:94] mach_vm_read(0x1af124000, 0x4000): (ipc/send) invalid destination port (0x10000003)
[0730/163325.671462:WARNING:third_party/crashpad/crashpad/snapshot/mac/mach_o_image_reader.cc:81] could not read mach_header, module , address 0x1af125000
[0730/163325.671466:WARNING:third_party/crashpad/crashpad/util/process/process_memory_mac.cc:94] mach_vm_read(0x29d750000, 0x4000): (ipc/send) invalid destination port (0x10000003)
[0730/163325.671478:WARNING:third_party/crashpad/crashpad/snapshot/mac/process_reader_mac.cc:483] could not read dyld_image_info::imageFilePath
[0730/163325.671483:WARNING:third_party/crashpad/crashpad/util/process/process_memory_mac.cc:94] mach_vm_read(0x25bcd4000, 0x4000): (ipc/send) invalid destination port (0x10000003)
[0730/163325.671486:WARNING:third_party/crashpad/crashpad/snapshot/mac/mach_o_image_reader.cc:81] could not read mach_header, module , address 0x25bcd5000
[0730/163325.671490:WARNING:third_party/crashpad/crashpad/util/process/process_memory_mac.cc:94] mach_vm_read(0x29d660000, 0x4000): (ipc/send) invalid destination port (0x10000003)
[0730/163325.671494:WARNING:third_party/crashpad/crashpad/snapshot/mac/process_reader_mac.cc:483] could not read dyld_image_info::imageFilePath
[0730/163325.671498:WARNING:third_party/crashpad/crashpad/util/process/process_memory_mac.cc:94] mach_vm_read(0x1d6c48000, 0x4000): (ipc/send) invalid destination port (0x10000003)
[0730/163325.671502:WARNING:third_party/crashpad/crashpad/snapshot/mac/mach_o_image_reader.cc:81] could not read mach_header, module , address 0x1d6c48000
[0730/163325.671505:WARNING:third_party/crashpad/crashpad/util/process/process_memory_mac.cc:94] mach_vm_read(0x29d640000, 0x4000): (ipc/send) invalid destination port (0x10000003)
[0730/163325.671509:WARNING:third_party/crashpad/crashpad/snapshot/mac/process_reader_mac.cc:483] could not read dyld_image_info::imageFilePath
[0730/163325.694765:WARNING:third_party/crashpad/crashpad/util/process/process_memory_mac.cc:94] mach_vm_read(0x1c90c4000, 0x4000): (ipc/send) invalid destination port (0x10000003)
[0730/163325.694804:WARNING:third_party/crashpad/crashpad/snapshot/mac/mach_o_image_reader.cc:81] could not read mach_header, module , address 0x1c90c6000
[0730/163325.694813:WARNING:third_party/crashpad/crashpad/util/process/process_memory_mac.cc:94] mach_vm_read(0x29d62c000, 0x8000): (ipc/send) invalid destination port (0x10000003)
[0730/163325.694822:WARNING:third_party/crashpad/crashpad/util/process/process_memory_mac.cc:94] mach_vm_read(0x29d62c000, 0x4000): (ipc/send) invalid destination port (0x10000003)
[0730/163325.694827:WARNING:third_party/crashpad/crashpad/snapshot/mac/process_reader_mac.cc:483] could not read dyld_image_info::imageFilePath
[0730/163325.694832:WARNING:third_party/crashpad/crashpad/util/process/process_memory_mac.cc:94] mach_vm_read(0x1c10ac000, 0x4000): (ipc/send) invalid destination port (0x10000003)
[0730/163325.694836:WARNING:third_party/crashpad/crashpad/snapshot/mac/mach_o_image_reader.cc:81] could not read mach_header, module , address 0x1c10ae000
[0730/163325.694840:WARNING:third_party/crashpad/crashpad/util/process/process_memory_mac.cc:94] mach_vm_read(0x29d620000, 0x4000): (ipc/send) invalid destination port (0x10000003)
[0730/163325.694844:WARNING:third_party/crashpad/crashpad/snapshot/mac/process_reader_mac.cc:483] could not read dyld_image_info::imageFilePath
[0730/163325.694848:WARNING:third_party/crashpad/crashpad/util/process/process_memory_mac.cc:94] mach_vm_read(0x1ba3d8000, 0x4000): (ipc/send) invalid destination port (0x10000003)
[0730/163325.697637:WARNING:third_party/crashpad/crashpad/snapshot/mac/mach_o_image_reader.cc:81] could not read mach_header, module , address 0x1ba3da000
[0730/163325.697666:WARNING:third_party/crashpad/crashpad/util/process/process_memory_mac.cc:94] mach_vm_read(0x29d61c000, 0x4000): (ipc/send) invalid destination port (0x10000003)
[0730/163325.697674:WARNING:third_party/crashpad/crashpad/snapshot/mac/process_reader_mac.cc:483] could not read dyld_image_info::imageFilePath
[0730/163325.697680:WARNING:third_party/crashpad/crashpad/util/process/process_memory_mac.cc:94] mach_vm_read(0x1b9c40000, 0x4000): (ipc/send) invalid destination port (0x10000003)
[0730/163325.697686:WARNING:third_party/crashpad/crashpad/snapshot/mac/mach_o_image_reader.cc:81] could not read mach_header, module , address 0x1b9c40000
[0730/163325.697691:WARNING:third_party/crashpad/crashpad/util/process/process_memory_mac.cc:94] mach_vm_read(0x29d7a0000, 0x4000): (ipc/send) invalid destination port (0x10000003)
[0730/163325.697695:WARNING:third_party/crashpad/crashpad/snapshot/mac/process_reader_mac.cc:483] could not read dyld_image_info::imageFilePath
[0730/163325.697699:WARNING:third_party/crashpad/crashpad/util/process/process_memory_mac.cc:94] mach_vm_read(0x2706e0000, 0x4000): (ipc/send) invalid destination port (0x10000003)
[0730/163325.697703:WARNING:third_party/crashpad/crashpad/snapshot/mac/mach_o_image_reader.cc:81] could not read mach_header, module , address 0x2706e2000
[0730/163325.697707:WARNING:third_party/crashpad/crashpad/util/process/process_memory_mac.cc:94] mach_vm_read(0x29d608000, 0x4000): (ipc/send) invalid destination port (0x10000003)
[0730/163325.697711:WARNING:third_party/crashpad/crashpad/snapshot/mac/process_reader_mac.cc:483] could not read dyld_image_info::imageFilePath
[0730/163325.697716:WARNING:third_party/crashpad/crashpad/util/process/process_memory_mac.cc:94] mach_vm_read(0x1afb54000, 0x4000): (ipc/send) invalid destination port (0x10000003)
[0730/163325.697719:WARNING:third_party/crashpad/crashpad/snapshot/mac/mach_o_image_reader.cc:81] could not read mach_header, module , address 0x1afb56000
[0730/163325.697723:WARNING:third_party/crashpad/crashpad/util/process/process_memory_mac.cc:94] mach_vm_read(0x29d69c000, 0x4000): (ipc/send) invalid destination port (0x10000003)
[0730/163325.697727:WARNING:third_party/crashpad/crashpad/snapshot/mac/process_reader_mac.cc:483] could not read dyld_image_info::imageFilePath
[0730/163325.697731:WARNING:third_party/crashpad/crashpad/util/process/process_memory_mac.cc:94] mach_vm_read(0x1ea2c8000, 0x4000): (ipc/send) invalid destination port (0x10000003)
[0730/163325.697735:WARNING:third_party/crashpad/crashpad/snapshot/mac/mach_o_image_reader.cc:81] could not read mach_header, module , address 0x1ea2cb000
[0730/163325.697739:WARNING:third_party/crashpad/crashpad/util/process/process_memory_mac.cc:94] mach_vm_read(0x29d640000, 0x4000): (ipc/send) invalid destination port (0x10000003)
[0730/163325.697761:WARNING:third_party/crashpad/crashpad/snapshot/mac/process_reader_mac.cc:483] could not read dyld_image_info::imageFilePath
[0730/163325.697770:WARNING:third_party/crashpad/crashpad/util/process/process_memory_mac.cc:94] mach_vm_read(0x1c9178000, 0x4000): (ipc/send) invalid destination port (0x10000003)
[0730/163325.697775:WARNING:third_party/crashpad/crashpad/snapshot/mac/mach_o_image_reader.cc:81] could not read mach_header, module , address 0x1c917b000
[0730/163325.697779:WARNING:third_party/crashpad/crashpad/util/process/process_memory_mac.cc:94] mach_vm_read(0x29d69c000, 0x4000): (ipc/send) invalid destination port (0x10000003)
[0730/163325.697783:WARNING:third_party/crashpad/crashpad/snapshot/mac/process_reader_mac.cc:483] could not read dyld_image_info::imageFilePath
[0730/163325.697787:WARNING:third_party/crashpad/crashpad/util/process/process_memory_mac.cc:94] mach_vm_read(0x1ea1d0000, 0x4000): (ipc/send) invalid destination port (0x10000003)
[0730/163325.697790:WARNING:third_party/crashpad/crashpad/snapshot/mac/mach_o_image_reader.cc:81] could not read mach_header, module , address 0x1ea1d2000
[0730/163325.697794:WARNING:third_party/crashpad/crashpad/util/process/process_memory_mac.cc:94] mach_vm_read(0x29d720000, 0x8000): (ipc/send) invalid destination port (0x10000003)
[0730/163325.697799:WARNING:third_party/crashpad/crashpad/util/process/process_memory_mac.cc:94] mach_vm_read(0x29d720000, 0x4000): (ipc/send) invalid destination port (0x10000003)
[0730/163325.697802:WARNING:third_party/crashpad/crashpad/snapshot/mac/process_reader_mac.cc:483] could not read dyld_image_info::imageFilePath
[0730/163325.697806:WARNING:third_party/crashpad/crashpad/util/process/process_memory_mac.cc:94] mach_vm_read(0x24eae4000, 0x4000): (ipc/send) invalid destination port (0x10000003)
[0730/163325.697809:WARNING:third_party/crashpad/crashpad/snapshot/mac/mach_o_image_reader.cc:81] could not read mach_header, module , address 0x24eae7000
[0730/163325.697813:WARNING:third_party/crashpad/crashpad/util/process/process_memory_mac.cc:94] mach_vm_read(0x29d640000, 0x4000): (ipc/send) invalid destination port (0x10000003)
[0730/163325.697817:WARNING:third_party/crashpad/crashpad/snapshot/mac/process_reader_mac.cc:483] could not read dyld_image_info::imageFilePath
[0730/163325.697820:WARNING:third_party/crashpad/crashpad/util/process/process_memory_mac.cc:94] mach_vm_read(0x1c9170000, 0x4000): (ipc/send) invalid destination port (0x10000003)
[0730/163325.697824:WARNING:third_party/crashpad/crashpad/snapshot/mac/mach_o_image_reader.cc:81] could not read mach_header, module , address 0x1c9172000
[0730/163325.697887:WARNING:third_party/crashpad/crashpad/util/process/process_memory_mac.cc:94] mach_vm_read(0x29d79c000, 0x4000): (ipc/send) invalid destination port (0x10000003)
[0730/163325.698398:WARNING:third_party/crashpad/crashpad/snapshot/mac/process_reader_mac.cc:483] could not read dyld_image_info::imageFilePath
[0730/163325.698415:WARNING:third_party/crashpad/crashpad/util/process/process_memory_mac.cc:94] mach_vm_read(0x26fdd8000, 0x4000): (ipc/send) invalid destination port (0x10000003)
[0730/163325.698425:WARNING:third_party/crashpad/crashpad/snapshot/mac/mach_o_image_reader.cc:81] could not read mach_header, module , address 0x26fdda000
[0730/163325.698441:WARNING:third_party/crashpad/crashpad/util/process/process_memory_mac.cc:94] mach_vm_read(0x29d77c000, 0x8000): (ipc/send) invalid destination port (0x10000003)
[0730/163325.698450:WARNING:third_party/crashpad/crashpad/util/process/process_memory_mac.cc:94] mach_vm_read(0x29d77c000, 0x4000): (ipc/send) invalid destination port (0x10000003)
[0730/163325.698457:WARNING:third_party/crashpad/crashpad/snapshot/mac/process_reader_mac.cc:483] could not read dyld_image_info::imageFilePath
[0730/163325.698464:WARNING:third_party/crashpad/crashpad/util/process/process_memory_mac.cc:94] mach_vm_read(0x266258000, 0x4000): (ipc/send) invalid destination port (0x10000003)
[0730/163325.698470:WARNING:third_party/crashpad/crashpad/snapshot/mac/mach_o_image_reader.cc:81] could not read mach_header, module , address 0x266259000
[0730/163325.698477:WARNING:third_party/crashpad/crashpad/util/process/process_memory_mac.cc:94] mach_vm_read(0x29d6e4000, 0x4000): (ipc/send) invalid destination port (0x10000003)
[0730/163325.698484:WARNING:third_party/crashpad/crashpad/snapshot/mac/process_reader_mac.cc:483] could not read dyld_image_info::imageFilePath
[0730/163325.698491:WARNING:third_party/crashpad/crashpad/util/process/process_memory_mac.cc:94] mach_vm_read(0x23a270000, 0x4000): (ipc/send) invalid destination port (0x10000003)
[0730/163325.698497:WARNING:third_party/crashpad/crashpad/snapshot/mac/mach_o_image_reader.cc:81] could not read mach_header, module , address 0x23a271000
[0730/163325.698503:WARNING:third_party/crashpad/crashpad/util/process/process_memory_mac.cc:94] mach_vm_read(0x29d600000, 0x4000): (ipc/send) invalid destination port (0x10000003)
[0730/163325.698510:WARNING:third_party/crashpad/crashpad/snapshot/mac/process_reader_mac.cc:483] could not read dyld_image_info::imageFilePath
[0730/163325.698516:WARNING:third_party/crashpad/crashpad/util/process/process_memory_mac.cc:94] mach_vm_read(0x1ab4e4000, 0x4000): (ipc/send) invalid destination port (0x10000003)
[0730/163325.698523:WARNING:third_party/crashpad/crashpad/snapshot/mac/mach_o_image_reader.cc:81] could not read mach_header, module , address 0x1ab4e4000
[0730/163325.698529:WARNING:third_party/crashpad/crashpad/util/process/process_memory_mac.cc:94] mach_vm_read(0x29d634000, 0x8000): (ipc/send) invalid destination port (0x10000003)
[0730/163325.698536:WARNING:third_party/crashpad/crashpad/util/process/process_memory_mac.cc:94] mach_vm_read(0x29d634000, 0x4000): (ipc/send) invalid destination port (0x10000003)
[0730/163325.698542:WARNING:third_party/crashpad/crashpad/snapshot/mac/process_reader_mac.cc:483] could not read dyld_image_info::imageFilePath
[0730/163325.698549:WARNING:third_party/crashpad/crashpad/util/process/process_memory_mac.cc:94] mach_vm_read(0x1c4498000, 0x4000): (ipc/send) invalid destination port (0x10000003)
[0730/163325.698555:WARNING:third_party/crashpad/crashpad/snapshot/mac/mach_o_image_reader.cc:81] could not read mach_header, module , address 0x1c4499000
[0730/163325.698562:WARNING:third_party/crashpad/crashpad/util/process/process_memory_mac.cc:94] mach_vm_read(0x29d624000, 0x4000): (ipc/send) invalid destination port (0x10000003)
[0730/163325.724271:WARNING:third_party/crashpad/crashpad/snapshot/mac/process_reader_mac.cc:483] could not read dyld_image_info::imageFilePath
[0730/163325.724305:WARNING:third_party/crashpad/crashpad/util/process/process_memory_mac.cc:94] mach_vm_read(0x1bcf20000, 0x4000): (ipc/send) invalid destination port (0x10000003)
[0730/163325.724317:WARNING:third_party/crashpad/crashpad/snapshot/mac/mach_o_image_reader.cc:81] could not read mach_header, module , address 0x1bcf20000
[0730/163325.724327:WARNING:third_party/crashpad/crashpad/util/process/process_memory_mac.cc:94] mach_vm_read(0x29d624000, 0x4000): (ipc/send) invalid destination port (0x10000003)
[0730/163325.724335:WARNING:third_party/crashpad/crashpad/snapshot/mac/process_reader_mac.cc:483] could not read dyld_image_info::imageFilePath
[0730/163325.724341:WARNING:third_party/crashpad/crashpad/util/process/process_memory_mac.cc:94] mach_vm_read(0x1bcd60000, 0x4000): (ipc/send) invalid destination port (0x10000003)
[0730/163325.724347:WARNING:third_party/crashpad/crashpad/snapshot/mac/mach_o_image_reader.cc:81] could not read mach_header, module , address 0x1bcd60000
[0730/163325.724354:WARNING:third_party/crashpad/crashpad/util/process/process_memory_mac.cc:94] mach_vm_read(0x29d7b8000, 0x4000): (ipc/send) invalid destination port (0x10000003)
[0730/163325.724360:WARNING:third_party/crashpad/crashpad/snapshot/mac/process_reader_mac.cc:483] could not read dyld_image_info::imageFilePath
[0730/163325.724366:WARNING:third_party/crashpad/crashpad/util/process/process_memory_mac.cc:94] mach_vm_read(0x2763fc000, 0x4000): (ipc/send) invalid destination port (0x10000003)
[0730/163325.724373:WARNING:third_party/crashpad/crashpad/snapshot/mac/mach_o_image_reader.cc:81] could not read mach_header, module , address 0x2763ff000
[0730/163325.724379:WARNING:third_party/crashpad/crashpad/util/process/process_memory_mac.cc:94] mach_vm_read(0x29d790000, 0x4000): (ipc/send) invalid destination port (0x10000003)
[0730/163325.724385:WARNING:third_party/crashpad/crashpad/snapshot/mac/process_reader_mac.cc:483] could not read dyld_image_info::imageFilePath
[0730/163325.724392:WARNING:third_party/crashpad/crashpad/util/process/process_memory_mac.cc:94] mach_vm_read(0x26b260000, 0x4000): (ipc/send) invalid destination port (0x10000003)
[0730/163325.724398:WARNING:third_party/crashpad/crashpad/snapshot/mac/mach_o_image_reader.cc:81] could not read mach_header, module , address 0x26b260000
[0730/163325.724404:WARNING:third_party/crashpad/crashpad/util/process/process_memory_mac.cc:94] mach_vm_read(0x29d67c000, 0x8000): (ipc/send) invalid destination port (0x10000003)
[0730/163325.724411:WARNING:third_party/crashpad/crashpad/util/process/process_memory_mac.cc:94] mach_vm_read(0x29d67c000, 0x4000): (ipc/send) invalid destination port (0x10000003)
[0730/163325.724417:WARNING:third_party/crashpad/crashpad/snapshot/mac/process_reader_mac.cc:483] could not read dyld_image_info::imageFilePath
[0730/163325.724424:WARNING:third_party/crashpad/crashpad/util/process/process_memory_mac.cc:94] mach_vm_read(0x1dc180000, 0x4000): (ipc/send) invalid destination port (0x10000003)
[0730/163325.724440:WARNING:third_party/crashpad/crashpad/snapshot/mac/mach_o_image_reader.cc:81] could not read mach_header, module , address 0x1dc181000
[0730/163325.724447:WARNING:third_party/crashpad/crashpad/util/process/process_memory_mac.cc:94] mach_vm_read(0x29d6c0000, 0x4000): (ipc/send) invalid destination port (0x10000003)
[0730/163325.724454:WARNING:third_party/crashpad/crashpad/snapshot/mac/process_reader_mac.cc:483] could not read dyld_image_info::imageFilePath
[0730/163325.724460:WARNING:third_party/crashpad/crashpad/util/process/process_memory_mac.cc:94] mach_vm_read(0x1f4254000, 0x4000): (ipc/send) invalid destination port (0x10000003)
[0730/163325.724467:WARNING:third_party/crashpad/crashpad/snapshot/mac/mach_o_image_reader.cc:81] could not read mach_header, module , address 0x1f4255000
[0730/163325.724473:WARNING:third_party/crashpad/crashpad/util/process/process_memory_mac.cc:94] mach_vm_read(0x29d724000, 0x4000): (ipc/send) invalid destination port (0x10000003)
[0730/163325.724480:WARNING:third_party/crashpad/crashpad/snapshot/mac/process_reader_mac.cc:483] could not read dyld_image_info::imageFilePath
[0730/163325.724486:WARNING:third_party/crashpad/crashpad/util/process/process_memory_mac.cc:94] mach_vm_read(0x24fbcc000, 0x4000): (ipc/send) invalid destination port (0x10000003)
[0730/163325.724492:WARNING:third_party/crashpad/crashpad/snapshot/mac/mach_o_image_reader.cc:81] could not read mach_header, module , address 0x24fbcd000
[0730/163325.724499:WARNING:third_party/crashpad/crashpad/util/process/process_memory_mac.cc:94] mach_vm_read(0x29d614000, 0x4000): (ipc/send) invalid destination port (0x10000003)
[0730/163325.724504:WARNING:third_party/crashpad/crashpad/snapshot/mac/process_reader_mac.cc:483] could not read dyld_image_info::imageFilePath
[0730/163325.724511:WARNING:third_party/crashpad/crashpad/util/process/process_memory_mac.cc:94] mach_vm_read(0x1b677c000, 0x4000): (ipc/send) invalid destination port (0x10000003)
[0730/163325.724517:WARNING:third_party/crashpad/crashpad/snapshot/mac/mach_o_image_reader.cc:81] could not read mach_header, module , address 0x1b677f000
[0730/163325.724523:WARNING:third_party/crashpad/crashpad/util/process/process_memory_mac.cc:94] mach_vm_read(0x29d6d8000, 0x8000): (ipc/send) invalid destination port (0x10000003)
[0730/163325.724530:WARNING:third_party/crashpad/crashpad/util/process/process_memory_mac.cc:94] mach_vm_read(0x29d6d8000, 0x4000): (ipc/send) invalid destination port (0x10000003)
[0730/163325.724539:WARNING:third_party/crashpad/crashpad/snapshot/mac/process_reader_mac.cc:483] could not read dyld_image_info::imageFilePath
[0730/163325.724546:WARNING:third_party/crashpad/crashpad/util/process/process_memory_mac.cc:94] mach_vm_read(0x238564000, 0x4000): (ipc/send) invalid destination port (0x10000003)
[0730/163325.724552:WARNING:third_party/crashpad/crashpad/snapshot/mac/mach_o_image_reader.cc:81] could not read mach_header, module , address 0x238565000
[0730/163325.724559:WARNING:third_party/crashpad/crashpad/util/process/process_memory_mac.cc:94] mach_vm_read(0x29d620000, 0x4000): (ipc/send) invalid destination port (0x10000003)
[0730/163325.724586:WARNING:third_party/crashpad/crashpad/snapshot/mac/process_reader_mac.cc:483] could not read dyld_image_info::imageFilePath
[0730/163325.724971:WARNING:third_party/crashpad/crashpad/util/process/process_memory_mac.cc:94] mach_vm_read(0x1bb568000, 0x4000): (ipc/send) invalid destination port (0x10000003)
[0730/163325.724984:WARNING:third_party/crashpad/crashpad/snapshot/mac/mach_o_image_reader.cc:81] could not read mach_header, module , address 0x1bb569000
[0730/163325.724990:WARNING:third_party/crashpad/crashpad/util/process/process_memory_mac.cc:94] mach_vm_read(0x29d620000, 0x4000): (ipc/send) invalid destination port (0x10000003)
[0730/163325.724996:WARNING:third_party/crashpad/crashpad/snapshot/mac/process_reader_mac.cc:483] could not read dyld_image_info::imageFilePath
[0730/163325.725001:WARNING:third_party/crashpad/crashpad/util/process/process_memory_mac.cc:94] mach_vm_read(0x1ba3d4000, 0x4000): (ipc/send) invalid destination port (0x10000003)
[0730/163325.725005:WARNING:third_party/crashpad/crashpad/snapshot/mac/mach_o_image_reader.cc:81] could not read mach_header, module , address 0x1ba3d4000
[0730/163325.725009:WARNING:third_party/crashpad/crashpad/util/process/process_memory_mac.cc:94] mach_vm_read(0x29d61c000, 0x8000): (ipc/send) invalid destination port (0x10000003)
[0730/163325.725014:WARNING:third_party/crashpad/crashpad/util/process/process_memory_mac.cc:94] mach_vm_read(0x29d61c000, 0x4000): (ipc/send) invalid destination port (0x10000003)
[0730/163325.725017:WARNING:third_party/crashpad/crashpad/snapshot/mac/process_reader_mac.cc:483] could not read dyld_image_info::imageFilePath
[0730/163325.725021:WARNING:third_party/crashpad/crashpad/util/process/process_memory_mac.cc:94] mach_vm_read(0x1b9e44000, 0x4000): (ipc/send) invalid destination port (0x10000003)
[0730/163325.725025:WARNING:third_party/crashpad/crashpad/snapshot/mac/mach_o_image_reader.cc:81] could not read mach_header, module , address 0x1b9e45000
[0730/163325.725028:WARNING:third_party/crashpad/crashpad/util/process/process_memory_mac.cc:94] mach_vm_read(0x29d60c000, 0x4000): (ipc/send) invalid destination port (0x10000003)
[0730/163325.725032:WARNING:third_party/crashpad/crashpad/snapshot/mac/process_reader_mac.cc:483] could not read dyld_image_info::imageFilePath
[0730/163325.725036:WARNING:third_party/crashpad/crashpad/util/process/process_memory_mac.cc:94] mach_vm_read(0x1b3a3c000, 0x4000): (ipc/send) invalid destination port (0x10000003)
[0730/163325.725039:WARNING:third_party/crashpad/crashpad/snapshot/mac/mach_o_image_reader.cc:81] could not read mach_header, module , address 0x1b3a3c000
[0730/163325.725043:WARNING:third_party/crashpad/crashpad/util/process/process_memory_mac.cc:94] mach_vm_read(0x29d61c000, 0x8000): (ipc/send) invalid destination port (0x10000003)
[0730/163325.725047:WARNING:third_party/crashpad/crashpad/util/process/process_memory_mac.cc:94] mach_vm_read(0x29d61c000, 0x4000): (ipc/send) invalid destination port (0x10000003)
[0730/163325.725051:WARNING:third_party/crashpad/crashpad/snapshot/mac/process_reader_mac.cc:483] could not read dyld_image_info::imageFilePath
[0730/163325.736954:WARNING:third_party/crashpad/crashpad/util/process/process_memory_mac.cc:94] mach_vm_read(0x1b9e68000, 0x4000): (ipc/send) invalid destination port (0x10000003)
[0730/163325.736977:WARNING:third_party/crashpad/crashpad/snapshot/mac/mach_o_image_reader.cc:81] could not read mach_header, module , address 0x1b9e68000
[0730/163325.736988:WARNING:third_party/crashpad/crashpad/util/process/process_memory_mac.cc:94] mach_vm_read(0x29d624000, 0x4000): (ipc/send) invalid destination port (0x10000003)
[0730/163325.736997:WARNING:third_party/crashpad/crashpad/snapshot/mac/process_reader_mac.cc:483] could not read dyld_image_info::imageFilePath
[0730/163325.737004:WARNING:third_party/crashpad/crashpad/util/process/process_memory_mac.cc:94] mach_vm_read(0x1bbad4000, 0x4000): (ipc/send) invalid destination port (0x10000003)
[0730/163325.737010:WARNING:third_party/crashpad/crashpad/snapshot/mac/mach_o_image_reader.cc:81] could not read mach_header, module , address 0x1bbad5000
[0730/163325.737018:WARNING:third_party/crashpad/crashpad/util/process/process_memory_mac.cc:94] mach_vm_read(0x29d614000, 0x8000): (ipc/send) invalid destination port (0x10000003)
[0730/163325.737025:WARNING:third_party/crashpad/crashpad/util/process/process_memory_mac.cc:94] mach_vm_read(0x29d614000, 0x4000): (ipc/send) invalid destination port (0x10000003)
[0730/163325.737031:WARNING:third_party/crashpad/crashpad/snapshot/mac/process_reader_mac.cc:483] could not read dyld_image_info::imageFilePath
[0730/163325.737038:WARNING:third_party/crashpad/crashpad/util/process/process_memory_mac.cc:94] mach_vm_read(0x1b6bf8000, 0x4000): (ipc/send) invalid destination port (0x10000003)
[0730/163325.737044:WARNING:third_party/crashpad/crashpad/snapshot/mac/mach_o_image_reader.cc:81] could not read mach_header, module , address 0x1b6bfb000
[0730/163325.737050:WARNING:third_party/crashpad/crashpad/util/process/process_memory_mac.cc:94] mach_vm_read(0x29d644000, 0x4000): (ipc/send) invalid destination port (0x10000003)
[0730/163325.737057:WARNING:third_party/crashpad/crashpad/snapshot/mac/process_reader_mac.cc:483] could not read dyld_image_info::imageFilePath
[0730/163325.737063:WARNING:third_party/crashpad/crashpad/util/process/process_memory_mac.cc:94] mach_vm_read(0x1ca47c000, 0x4000): (ipc/send) invalid destination port (0x10000003)
[0730/163325.737069:WARNING:third_party/crashpad/crashpad/snapshot/mac/mach_o_image_reader.cc:81] could not read mach_header, module , address 0x1ca47d000
[0730/163325.737076:WARNING:third_party/crashpad/crashpad/util/process/process_memory_mac.cc:94] mach_vm_read(0x29d624000, 0x4000): (ipc/send) invalid destination port (0x10000003)
[0730/163325.737082:WARNING:third_party/crashpad/crashpad/snapshot/mac/process_reader_mac.cc:483] could not read dyld_image_info::imageFilePath
[0730/163325.737088:WARNING:third_party/crashpad/crashpad/util/process/process_memory_mac.cc:94] mach_vm_read(0x1bbadc000, 0x4000): (ipc/send) invalid destination port (0x10000003)
[0730/163325.737094:WARNING:third_party/crashpad/crashpad/snapshot/mac/mach_o_image_reader.cc:81] could not read mach_header, module , address 0x1bbade000
[0730/163325.737107:WARNING:third_party/crashpad/crashpad/util/process/process_memory_mac.cc:94] mach_vm_read(0x29d648000, 0x4000): (ipc/send) invalid destination port (0x10000003)
[0730/163325.737114:WARNING:third_party/crashpad/crashpad/snapshot/mac/process_reader_mac.cc:483] could not read dyld_image_info::imageFilePath
[0730/163325.737120:WARNING:third_party/crashpad/crashpad/util/process/process_memory_mac.cc:94] mach_vm_read(0x1caab0000, 0x4000): (ipc/send) invalid destination port (0x10000003)
[0730/163325.737126:WARNING:third_party/crashpad/crashpad/snapshot/mac/mach_o_image_reader.cc:81] could not read mach_header, module , address 0x1caab0000
[0730/163325.737133:WARNING:third_party/crashpad/crashpad/util/process/process_memory_mac.cc:94] mach_vm_read(0x29d624000, 0x4000): (ipc/send) invalid destination port (0x10000003)
[0730/163325.737139:WARNING:third_party/crashpad/crashpad/snapshot/mac/process_reader_mac.cc:483] could not read dyld_image_info::imageFilePath
[0730/163325.737145:WARNING:third_party/crashpad/crashpad/util/process/process_memory_mac.cc:94] mach_vm_read(0x1bbac0000, 0x4000): (ipc/send) invalid destination port (0x10000003)
[0730/163325.737151:WARNING:third_party/crashpad/crashpad/snapshot/mac/mach_o_image_reader.cc:81] could not read mach_header, module , address 0x1bbac3000
[0730/163325.737158:WARNING:third_party/crashpad/crashpad/util/process/process_memory_mac.cc:94] mach_vm_read(0x29d640000, 0x4000): (ipc/send) invalid destination port (0x10000003)
[0730/163325.737164:WARNING:third_party/crashpad/crashpad/snapshot/mac/process_reader_mac.cc:483] could not read dyld_image_info::imageFilePath
[0730/163325.737170:WARNING:third_party/crashpad/crashpad/util/process/process_memory_mac.cc:94] mach_vm_read(0x1c9270000, 0x4000): (ipc/send) invalid destination port (0x10000003)
[0730/163325.737176:WARNING:third_party/crashpad/crashpad/snapshot/mac/mach_o_image_reader.cc:81] could not read mach_header, module , address 0x1c9272000
[0730/163325.737182:WARNING:third_party/crashpad/crashpad/util/process/process_memory_mac.cc:94] mach_vm_read(0x29d5f0000, 0x4000): (ipc/send) invalid destination port (0x10000003)
[0730/163325.737188:WARNING:third_party/crashpad/crashpad/snapshot/mac/process_reader_mac.cc:483] could not read dyld_image_info::imageFilePath
[0730/163325.737194:WARNING:third_party/crashpad/crashpad/util/process/process_memory_mac.cc:94] mach_vm_read(0x1a5a7c000, 0x4000): (ipc/send) invalid destination port (0x10000003)
[0730/163325.737200:WARNING:third_party/crashpad/crashpad/snapshot/mac/mach_o_image_reader.cc:81] could not read mach_header, module , address 0x1a5a7e000
[0730/163325.737206:WARNING:third_party/crashpad/crashpad/util/process/process_memory_mac.cc:94] mach_vm_read(0x29d5f4000, 0x4000): (ipc/send) invalid destination port (0x10000003)
[0730/163325.737212:WARNING:third_party/crashpad/crashpad/snapshot/mac/process_reader_mac.cc:483] could not read dyld_image_info::imageFilePath
[0730/163325.737219:WARNING:third_party/crashpad/crashpad/util/process/process_memory_mac.cc:94] mach_vm_read(0x1a79e8000, 0x4000): (ipc/send) invalid destination port (0x10000003)
[0730/163325.737229:WARNING:third_party/crashpad/crashpad/snapshot/mac/mach_o_image_reader.cc:81] could not read mach_header, module , address 0x1a79e9000
[0730/163325.737235:WARNING:third_party/crashpad/crashpad/util/process/process_memory_mac.cc:94] mach_vm_read(0x29d70c000, 0x4000): (ipc/send) invalid destination port (0x10000003)
[0730/163325.737241:WARNING:third_party/crashpad/crashpad/snapshot/mac/process_reader_mac.cc:483] could not read dyld_image_info::imageFilePath
[0730/163325.737248:WARNING:third_party/crashpad/crashpad/util/process/process_memory_mac.cc:94] mach_vm_read(0x24790c000, 0x4000): (ipc/send) invalid destination port (0x10000003)
[0730/163325.737254:WARNING:third_party/crashpad/crashpad/snapshot/mac/mach_o_image_reader.cc:81] could not read mach_header, module , address 0x24790d000
[0730/163325.737260:WARNING:third_party/crashpad/crashpad/util/process/process_memory_mac.cc:94] mach_vm_read(0x29d70c000, 0x8000): (ipc/send) invalid destination port (0x10000003)
[0730/163325.737266:WARNING:third_party/crashpad/crashpad/util/process/process_memory_mac.cc:94] mach_vm_read(0x29d70c000, 0x4000): (ipc/send) invalid destination port (0x10000003)
[0730/163325.737273:WARNING:third_party/crashpad/crashpad/snapshot/mac/process_reader_mac.cc:483] could not read dyld_image_info::imageFilePath
[0730/163325.737280:WARNING:third_party/crashpad/crashpad/util/process/process_memory_mac.cc:94] mach_vm_read(0x2479ac000, 0x4000): (ipc/send) invalid destination port (0x10000003)
[0730/163325.737286:WARNING:third_party/crashpad/crashpad/snapshot/mac/mach_o_image_reader.cc:81] could not read mach_header, module , address 0x2479ad000
[0730/163325.737292:WARNING:third_party/crashpad/crashpad/util/process/process_memory_mac.cc:94] mach_vm_read(0x29d680000, 0x4000): (ipc/send) invalid destination port (0x10000003)
[0730/163325.737298:WARNING:third_party/crashpad/crashpad/snapshot/mac/process_reader_mac.cc:483] could not read dyld_image_info::imageFilePath
[0730/163325.737304:WARNING:third_party/crashpad/crashpad/util/process/process_memory_mac.cc:94] mach_vm_read(0x1dcc30000, 0x4000): (ipc/send) invalid destination port (0x10000003)
[0730/163325.737310:WARNING:third_party/crashpad/crashpad/snapshot/mac/mach_o_image_reader.cc:81] could not read mach_header, module , address 0x1dcc30000
[0730/163325.737316:WARNING:third_party/crashpad/crashpad/util/process/process_memory_mac.cc:94] mach_vm_read(0x29d6b8000, 0x8000): (ipc/send) invalid destination port (0x10000003)
[0730/163325.737323:WARNING:third_party/crashpad/crashpad/util/process/process_memory_mac.cc:94] mach_vm_read(0x29d6b8000, 0x4000): (ipc/send) invalid destination port (0x10000003)
[0730/163325.737329:WARNING:third_party/crashpad/crashpad/snapshot/mac/process_reader_mac.cc:483] could not read dyld_image_info::imageFilePath
[0730/163325.737335:WARNING:third_party/crashpad/crashpad/util/process/process_memory_mac.cc:94] mach_vm_read(0x1f0d80000, 0x4000): (ipc/send) invalid destination port (0x10000003)
[0730/163325.737341:WARNING:third_party/crashpad/crashpad/snapshot/mac/mach_o_image_reader.cc:81] could not read mach_header, module , address 0x1f0d81000
[0730/163325.750992:WARNING:third_party/crashpad/crashpad/util/process/process_memory_mac.cc:94] mach_vm_read(0x29d634000, 0x4000): (ipc/send) invalid destination port (0x10000003)
[0730/163325.751022:WARNING:third_party/crashpad/crashpad/snapshot/mac/process_reader_mac.cc:483] could not read dyld_image_info::imageFilePath
[0730/163325.751031:WARNING:third_party/crashpad/crashpad/util/process/process_memory_mac.cc:94] mach_vm_read(0x1c3838000, 0x4000): (ipc/send) invalid destination port (0x10000003)
[0730/163325.751039:WARNING:third_party/crashpad/crashpad/snapshot/mac/mach_o_image_reader.cc:81] could not read mach_header, module , address 0x1c3838000
[0730/163325.751046:WARNING:third_party/crashpad/crashpad/util/process/process_memory_mac.cc:94] mach_vm_read(0x29d660000, 0x4000): (ipc/send) invalid destination port (0x10000003)
[0730/163325.751053:WARNING:third_party/crashpad/crashpad/snapshot/mac/process_reader_mac.cc:483] could not read dyld_image_info::imageFilePath
[0730/163325.751059:WARNING:third_party/crashpad/crashpad/util/process/process_memory_mac.cc:94] mach_vm_read(0x1d6b10000, 0x4000): (ipc/send) invalid destination port (0x10000003)
[0730/163325.751065:WARNING:third_party/crashpad/crashpad/snapshot/mac/mach_o_image_reader.cc:81] could not read mach_header, module , address 0x1d6b11000
[0730/163325.751071:WARNING:third_party/crashpad/crashpad/util/process/process_memory_mac.cc:94] mach_vm_read(0x29d63c000, 0x8000): (ipc/send) invalid destination port (0x10000003)
[0730/163325.751077:WARNING:third_party/crashpad/crashpad/util/process/process_memory_mac.cc:94] mach_vm_read(0x29d63c000, 0x4000): (ipc/send) invalid destination port (0x10000003)
[0730/163325.751083:WARNING:third_party/crashpad/crashpad/snapshot/mac/process_reader_mac.cc:483] could not read dyld_image_info::imageFilePath
[0730/163325.751089:WARNING:third_party/crashpad/crashpad/util/process/process_memory_mac.cc:94] mach_vm_read(0x1c8bdc000, 0x4000): (ipc/send) invalid destination port (0x10000003)
[0730/163325.751095:WARNING:third_party/crashpad/crashpad/snapshot/mac/mach_o_image_reader.cc:81] could not read mach_header, module , address 0x1c8bde000
[0730/163325.751101:WARNING:third_party/crashpad/crashpad/util/process/process_memory_mac.cc:94] mach_vm_read(0x1fba18000, 0x8000): (ipc/send) invalid destination port (0x10000003)
[0730/163325.751107:WARNING:third_party/crashpad/crashpad/util/process/process_memory_mac.cc:94] mach_vm_read(0x1fba18000, 0x4000): (ipc/send) invalid destination port (0x10000003)
[0730/163325.751113:WARNING:third_party/crashpad/crashpad/snapshot/mac/process_reader_mac.cc:483] could not read dyld_image_info::imageFilePath
[0730/163325.751120:WARNING:third_party/crashpad/crashpad/util/process/process_memory_mac.cc:94] mach_vm_read(0x112f2c000, 0x4000): (ipc/send) invalid destination port (0x10000003)
[0730/163325.751126:WARNING:third_party/crashpad/crashpad/snapshot/mac/mach_o_image_reader.cc:81] could not read mach_header, module , address 0x112f2c000
[0730/163325.751132:WARNING:third_party/crashpad/crashpad/util/process/process_memory_mac.cc:94] mach_vm_read(0x29d624000, 0x4000): (ipc/send) invalid destination port (0x10000003)
[0730/163325.751152:WARNING:third_party/crashpad/crashpad/snapshot/mac/process_reader_mac.cc:483] could not read dyld_image_info::imageFilePath
[0730/163325.751159:WARNING:third_party/crashpad/crashpad/util/process/process_memory_mac.cc:94] mach_vm_read(0x1bccec000, 0x4000): (ipc/send) invalid destination port (0x10000003)
[0730/163325.751166:WARNING:third_party/crashpad/crashpad/snapshot/mac/mach_o_image_reader.cc:81] could not read mach_header, module , address 0x1bccec000
[0730/163325.751172:WARNING:third_party/crashpad/crashpad/util/process/process_memory_mac.cc:94] mach_vm_read(0x29d780000, 0x8000): (ipc/send) invalid destination port (0x10000003)
[0730/163325.751179:WARNING:third_party/crashpad/crashpad/util/process/process_memory_mac.cc:94] mach_vm_read(0x29d780000, 0x4000): (ipc/send) invalid destination port (0x10000003)
[0730/163325.751185:WARNING:third_party/crashpad/crashpad/snapshot/mac/process_reader_mac.cc:483] could not read dyld_image_info::imageFilePath
[0730/163325.751191:WARNING:third_party/crashpad/crashpad/util/process/process_memory_mac.cc:94] mach_vm_read(0x266ec0000, 0x4000): (ipc/send) invalid destination port (0x10000003)
[0730/163325.751197:WARNING:third_party/crashpad/crashpad/snapshot/mac/mach_o_image_reader.cc:81] could not read mach_header, module , address 0x266ec2000
[0730/163325.751203:WARNING:third_party/crashpad/crashpad/util/process/process_memory_mac.cc:94] mach_vm_read(0x29d784000, 0x4000): (ipc/send) invalid destination port (0x10000003)
[0730/163325.751209:WARNING:third_party/crashpad/crashpad/snapshot/mac/process_reader_mac.cc:483] could not read dyld_image_info::imageFilePath
[0730/163325.752284:WARNING:third_party/crashpad/crashpad/util/process/process_memory_mac.cc:94] mach_vm_read(0x266ee4000, 0x4000): (ipc/send) invalid destination port (0x10000003)
[0730/163325.752314:WARNING:third_party/crashpad/crashpad/snapshot/mac/mach_o_image_reader.cc:81] could not read mach_header, module , address 0x266ee6000
[0730/163325.752323:WARNING:third_party/crashpad/crashpad/util/process/process_memory_mac.cc:94] mach_vm_read(0x29d754000, 0x8000): (ipc/send) invalid destination port (0x10000003)
[0730/163325.753296:WARNING:third_party/crashpad/crashpad/util/process/process_memory_mac.cc:94] mach_vm_read(0x29d754000, 0x4000): (ipc/send) invalid destination port (0x10000003)
[0730/163325.753386:WARNING:third_party/crashpad/crashpad/snapshot/mac/process_reader_mac.cc:483] could not read dyld_image_info::imageFilePath
[0730/163325.753397:WARNING:third_party/crashpad/crashpad/util/process/process_memory_mac.cc:94] mach_vm_read(0x25ccec000, 0x4000): (ipc/send) invalid destination port (0x10000003)
[0730/163325.753404:WARNING:third_party/crashpad/crashpad/snapshot/mac/mach_o_image_reader.cc:81] could not read mach_header, module , address 0x25ccec000
[0730/163325.753409:WARNING:third_party/crashpad/crashpad/util/process/process_memory_mac.cc:94] mach_vm_read(0x29d780000, 0x8000): (ipc/send) invalid destination port (0x10000003)
[0730/163325.753414:WARNING:third_party/crashpad/crashpad/util/process/process_memory_mac.cc:94] mach_vm_read(0x29d780000, 0x4000): (ipc/send) invalid destination port (0x10000003)
[0730/163325.753423:WARNING:third_party/crashpad/crashpad/snapshot/mac/process_reader_mac.cc:483] could not read dyld_image_info::imageFilePath
[0730/163325.753427:WARNING:third_party/crashpad/crashpad/util/process/process_memory_mac.cc:94] mach_vm_read(0x266c34000, 0x4000): (ipc/send) invalid destination port (0x10000003)
[0730/163325.753431:WARNING:third_party/crashpad/crashpad/snapshot/mac/mach_o_image_reader.cc:81] could not read mach_header, module , address 0x266c35000
[0730/163325.753435:WARNING:third_party/crashpad/crashpad/util/process/process_memory_mac.cc:94] mach_vm_read(0x29d644000, 0x4000): (ipc/send) invalid destination port (0x10000003)
[0730/163325.753439:WARNING:third_party/crashpad/crashpad/snapshot/mac/process_reader_mac.cc:483] could not read dyld_image_info::imageFilePath
[0730/163325.753442:WARNING:third_party/crashpad/crashpad/util/process/process_memory_mac.cc:94] mach_vm_read(0x1c9abc000, 0x4000): (ipc/send) invalid destination port (0x10000003)
[0730/163325.753446:WARNING:third_party/crashpad/crashpad/snapshot/mac/mach_o_image_reader.cc:81] could not read mach_header, module , address 0x1c9abf000
[0730/163325.753450:WARNING:third_party/crashpad/crashpad/util/process/process_memory_mac.cc:94] mach_vm_read(0x1fba1c000, 0x4000): (ipc/send) invalid destination port (0x10000003)
[0730/163325.753453:WARNING:third_party/crashpad/crashpad/snapshot/mac/process_reader_mac.cc:483] could not read dyld_image_info::imageFilePath
[0730/163325.753457:WARNING:third_party/crashpad/crashpad/util/process/process_memory_mac.cc:94] mach_vm_read(0x115320000, 0x4000): (ipc/send) invalid destination port (0x10000003)
[0730/163325.753461:WARNING:third_party/crashpad/crashpad/snapshot/mac/mach_o_image_reader.cc:81] could not read mach_header, module , address 0x115320000
[0730/163325.753464:WARNING:third_party/crashpad/crashpad/util/process/process_memory_mac.cc:94] mach_vm_read(0x29d608000, 0x4000): (ipc/send) invalid destination port (0x10000003)
[0730/163325.753468:WARNING:third_party/crashpad/crashpad/snapshot/mac/process_reader_mac.cc:483] could not read dyld_image_info::imageFilePath
[0730/163325.753472:WARNING:third_party/crashpad/crashpad/util/process/process_memory_mac.cc:94] mach_vm_read(0x1af828000, 0x4000): (ipc/send) invalid destination port (0x10000003)
[0730/163325.753475:WARNING:third_party/crashpad/crashpad/snapshot/mac/mach_o_image_reader.cc:81] could not read mach_header, module , address 0x1af829000
[0730/163325.753479:WARNING:third_party/crashpad/crashpad/util/process/process_memory_mac.cc:94] mach_vm_read(0x29d62c000, 0x4000): (ipc/send) invalid destination port (0x10000003)
[0730/163325.753483:WARNING:third_party/crashpad/crashpad/snapshot/mac/process_reader_mac.cc:483] could not read dyld_image_info::imageFilePath
[0730/163325.753486:WARNING:third_party/crashpad/crashpad/util/process/process_memory_mac.cc:94] mach_vm_read(0x1c0000000, 0x4000): (ipc/send) invalid destination port (0x10000003)
[0730/163325.753490:WARNING:third_party/crashpad/crashpad/snapshot/mac/mach_o_image_reader.cc:81] could not read mach_header, module , address 0x1c0003000
[0730/163325.753496:WARNING:third_party/crashpad/crashpad/util/process/process_memory_mac.cc:94] mach_vm_read(0x29d7a8000, 0x4000): (ipc/send) invalid destination port (0x10000003)
[0730/163325.753500:WARNING:third_party/crashpad/crashpad/snapshot/mac/process_reader_mac.cc:483] could not read dyld_image_info::imageFilePath
[0730/163325.753504:WARNING:third_party/crashpad/crashpad/util/process/process_memory_mac.cc:94] mach_vm_read(0x2750e4000, 0x4000): (ipc/send) invalid destination port (0x10000003)
[0730/163325.753508:WARNING:third_party/crashpad/crashpad/snapshot/mac/mach_o_image_reader.cc:81] could not read mach_header, module , address 0x2750e5000
[0730/163325.753512:WARNING:third_party/crashpad/crashpad/util/process/process_memory_mac.cc:94] mach_vm_read(0x29d798000, 0x8000): (ipc/send) invalid destination port (0x10000003)
[0730/163325.753516:WARNING:third_party/crashpad/crashpad/util/process/process_memory_mac.cc:94] mach_vm_read(0x29d798000, 0x4000): (ipc/send) invalid destination port (0x10000003)
[0730/163325.753519:WARNING:third_party/crashpad/crashpad/snapshot/mac/process_reader_mac.cc:483] could not read dyld_image_info::imageFilePath
[0730/163325.753523:WARNING:third_party/crashpad/crashpad/util/process/process_memory_mac.cc:94] mach_vm_read(0x26f808000, 0x4000): (ipc/send) invalid destination port (0x10000003)
[0730/163325.753527:WARNING:third_party/crashpad/crashpad/snapshot/mac/mach_o_image_reader.cc:81] could not read mach_header, module , address 0x26f80b000
[0730/163325.753531:WARNING:third_party/crashpad/crashpad/util/process/process_memory_mac.cc:94] mach_vm_read(0x29d710000, 0x4000): (ipc/send) invalid destination port (0x10000003)
[0730/163325.753534:WARNING:third_party/crashpad/crashpad/snapshot/mac/process_reader_mac.cc:483] could not read dyld_image_info::imageFilePath
[0730/163325.753538:WARNING:third_party/crashpad/crashpad/util/process/process_memory_mac.cc:94] mach_vm_read(0x247e98000, 0x4000): (ipc/send) invalid destination port (0x10000003)
[0730/163325.753542:WARNING:third_party/crashpad/crashpad/snapshot/mac/mach_o_image_reader.cc:81] could not read mach_header, module , address 0x247e9b000
[0730/163325.753546:WARNING:third_party/crashpad/crashpad/util/process/process_memory_mac.cc:94] mach_vm_read(0x29d6c4000, 0x4000): (ipc/send) invalid destination port (0x10000003)
[0730/163325.753549:WARNING:third_party/crashpad/crashpad/snapshot/mac/process_reader_mac.cc:483] could not read dyld_image_info::imageFilePath
[0730/163325.753553:WARNING:third_party/crashpad/crashpad/util/process/process_memory_mac.cc:94] mach_vm_read(0x233844000, 0x4000): (ipc/send) invalid destination port (0x10000003)
[0730/163325.753557:WARNING:third_party/crashpad/crashpad/snapshot/mac/mach_o_image_reader.cc:81] could not read mach_header, module , address 0x233846000
[0730/163325.753560:WARNING:third_party/crashpad/crashpad/util/process/process_memory_mac.cc:94] mach_vm_read(0x29d6d0000, 0x4000): (ipc/send) invalid destination port (0x10000003)
[0730/163325.753564:WARNING:third_party/crashpad/crashpad/snapshot/mac/process_reader_mac.cc:483] could not read dyld_image_info::imageFilePath
[0730/163325.766054:WARNING:third_party/crashpad/crashpad/util/process/process_memory_mac.cc:94] mach_vm_read(0x236424000, 0x4000): (ipc/send) invalid destination port (0x10000003)
[0730/163325.766082:WARNING:third_party/crashpad/crashpad/snapshot/mac/mach_o_image_reader.cc:81] could not read mach_header, module , address 0x236426000
[0730/163325.766093:WARNING:third_party/crashpad/crashpad/util/process/process_memory_mac.cc:94] mach_vm_read(0x29d710000, 0x4000): (ipc/send) invalid destination port (0x10000003)
[0730/163325.766102:WARNING:third_party/crashpad/crashpad/snapshot/mac/process_reader_mac.cc:483] could not read dyld_image_info::imageFilePath
[0730/163325.766110:WARNING:third_party/crashpad/crashpad/util/process/process_memory_mac.cc:94] mach_vm_read(0x247e74000, 0x4000): (ipc/send) invalid destination port (0x10000003)
[0730/163325.766117:WARNING:third_party/crashpad/crashpad/snapshot/mac/mach_o_image_reader.cc:81] could not read mach_header, module , address 0x247e75000
[0730/163325.766125:WARNING:third_party/crashpad/crashpad/util/process/process_memory_mac.cc:94] mach_vm_read(0x1fba1c000, 0x4000): (ipc/send) invalid destination port (0x10000003)
[0730/163325.766131:WARNING:third_party/crashpad/crashpad/snapshot/mac/process_reader_mac.cc:483] could not read dyld_image_info::imageFilePath
[0730/163325.766138:WARNING:third_party/crashpad/crashpad/util/process/process_memory_mac.cc:94] mach_vm_read(0x117ebc000, 0x4000): (ipc/send) invalid destination port (0x10000003)
[0730/163325.766144:WARNING:third_party/crashpad/crashpad/snapshot/mac/mach_o_image_reader.cc:81] could not read mach_header, module , address 0x117ebc000
[0730/163325.766150:WARNING:third_party/crashpad/crashpad/util/process/process_memory_mac.cc:94] mach_vm_read(0x1fba18000, 0x8000): (ipc/send) invalid destination port (0x10000003)
[0730/163325.766157:WARNING:third_party/crashpad/crashpad/util/process/process_memory_mac.cc:94] mach_vm_read(0x1fba18000, 0x4000): (ipc/send) invalid destination port (0x10000003)
[0730/163325.766163:WARNING:third_party/crashpad/crashpad/snapshot/mac/process_reader_mac.cc:483] could not read dyld_image_info::imageFilePath
[0730/163325.766169:WARNING:third_party/crashpad/crashpad/util/process/process_memory_mac.cc:94] mach_vm_read(0x113fd8000, 0x4000): (ipc/send) invalid destination port (0x10000003)
[0730/163325.766175:WARNING:third_party/crashpad/crashpad/snapshot/mac/mach_o_image_reader.cc:81] could not read mach_header, module , address 0x113fd8000
[0730/163325.766182:WARNING:third_party/crashpad/crashpad/util/process/process_memory_mac.cc:94] mach_vm_read(0x18d95c000, 0x4000): (ipc/send) invalid destination port (0x10000003)
[0730/163325.766188:WARNING:third_party/crashpad/crashpad/snapshot/mac/mach_o_image_reader.cc:81] could not read mach_header, module /usr/lib/dyld, address 0x18d95c000
[0730/163325.766195:WARNING:third_party/crashpad/crashpad/snapshot/mac/process_reader_mac.cc:582] dylinker (/usr/lib/dyld) has unexpected Mach-O type 0
[0730/163325.788412:WARNING:third_party/crashpad/crashpad/util/numeric/in_range_cast.h:38] value -634136515 out of range
[0730/163325.788472:WARNING:third_party/crashpad/crashpad/snapshot/mac/process_reader_mac.cc:160] task_info TASK_BASIC_INFO_64: (ipc/send) invalid destination port (0x10000003)
[0730/163325.788975:WARNING:third_party/crashpad/crashpad/util/process/process_memory_mac.cc:94] mach_vm_read(0x1f9688000, 0x4000): (ipc/send) invalid destination port (0x10000003)
[0730/163325.788990:WARNING:third_party/crashpad/crashpad/snapshot/mac/mach_o_image_annotations_reader.cc:87] could not read crash info from /usr/lib/system/libdispatch.dylib
[0730/163325.788997:WARNING:third_party/crashpad/crashpad/util/process/process_memory_mac.cc:94] mach_vm_read(0x1f96a0000, 0x4000): (ipc/send) invalid destination port (0x10000003)
[0730/163325.789002:WARNING:third_party/crashpad/crashpad/snapshot/mac/mach_o_image_annotations_reader.cc:87] could not read crash info from /usr/lib/system/libdyld.dylib
[0730/163325.789011:WARNING:third_party/crashpad/crashpad/util/process/process_memory_mac.cc:94] mach_vm_read(0x1f97e0000, 0x4000): (ipc/send) invalid destination port (0x10000003)
[0730/163325.789015:WARNING:third_party/crashpad/crashpad/snapshot/mac/mach_o_image_annotations_reader.cc:87] could not read crash info from /usr/lib/system/libsystem_asl.dylib
[0730/163325.789022:WARNING:third_party/crashpad/crashpad/util/process/process_memory_mac.cc:94] mach_vm_read(0x1f9688000, 0x4000): (ipc/send) invalid destination port (0x10000003)
[0730/163325.789026:WARNING:third_party/crashpad/crashpad/snapshot/mac/mach_o_image_annotations_reader.cc:87] could not read crash info from /usr/lib/system/libsystem_c.dylib
[0730/163325.789039:WARNING:third_party/crashpad/crashpad/util/process/process_memory_mac.cc:94] mach_vm_read(0x1f9688000, 0x4000): (ipc/send) invalid destination port (0x10000003)
[0730/163325.789043:WARNING:third_party/crashpad/crashpad/snapshot/mac/mach_o_image_annotations_reader.cc:87] could not read crash info from /usr/lib/system/libsystem_malloc.dylib
[0730/163325.789049:WARNING:third_party/crashpad/crashpad/util/process/process_memory_mac.cc:94] mach_vm_read(0x1f9780000, 0x4000): (ipc/send) invalid destination port (0x10000003)
[0730/163325.789052:WARNING:third_party/crashpad/crashpad/snapshot/mac/mach_o_image_annotations_reader.cc:87] could not read crash info from /usr/lib/system/libsystem_notify.dylib
[0730/163325.789059:WARNING:third_party/crashpad/crashpad/util/process/process_memory_mac.cc:94] mach_vm_read(0x1f9978000, 0x4000): (ipc/send) invalid destination port (0x10000003)
[0730/163325.789063:WARNING:third_party/crashpad/crashpad/snapshot/mac/mach_o_image_annotations_reader.cc:87] could not read crash info from /usr/lib/system/libsystem_secinit.dylib
[0730/163325.789067:WARNING:third_party/crashpad/crashpad/util/process/process_memory_mac.cc:94] mach_vm_read(0x1f9690000, 0x4000): (ipc/send) invalid destination port (0x10000003)
[0730/163325.789071:WARNING:third_party/crashpad/crashpad/snapshot/mac/mach_o_image_annotations_reader.cc:87] could not read crash info from /usr/lib/system/libsystem_kernel.dylib
[0730/163325.789077:WARNING:third_party/crashpad/crashpad/util/process/process_memory_mac.cc:94] mach_vm_read(0x1f96a0000, 0x4000): (ipc/send) invalid destination port (0x10000003)
[0730/163325.789080:WARNING:third_party/crashpad/crashpad/snapshot/mac/mach_o_image_annotations_reader.cc:87] could not read crash info from /usr/lib/system/libsystem_platform.dylib
[0730/163325.789090:WARNING:third_party/crashpad/crashpad/util/process/process_memory_mac.cc:94] mach_vm_read(0x1f9694000, 0x4000): (ipc/send) invalid destination port (0x10000003)
[0730/163325.789094:WARNING:third_party/crashpad/crashpad/snapshot/mac/mach_o_image_annotations_reader.cc:87] could not read crash info from /usr/lib/system/libsystem_pthread.dylib
[0730/163325.789102:WARNING:third_party/crashpad/crashpad/util/process/process_memory_mac.cc:94] mach_vm_read(0x1f9680000, 0x4000): (ipc/send) invalid destination port (0x10000003)
[0730/163325.789106:WARNING:third_party/crashpad/crashpad/snapshot/mac/mach_o_image_annotations_reader.cc:87] could not read crash info from /usr/lib/system/libsystem_trace.dylib
[0730/163325.789111:WARNING:third_party/crashpad/crashpad/util/process/process_memory_mac.cc:94] mach_vm_read(0x1f9680000, 0x4000): (ipc/send) invalid destination port (0x10000003)
[0730/163325.789115:WARNING:third_party/crashpad/crashpad/snapshot/mac/mach_o_image_annotations_reader.cc:87] could not read crash info from /usr/lib/system/libxpc.dylib
[0730/163325.789126:WARNING:third_party/crashpad/crashpad/util/process/process_memory_mac.cc:94] mach_vm_read(0x1f967c000, 0x4000): (ipc/send) invalid destination port (0x10000003)
[0730/163325.791894:WARNING:third_party/crashpad/crashpad/snapshot/mac/mach_o_image_annotations_reader.cc:87] could not read crash info from /usr/lib/libobjc.A.dylib
[0730/163325.791923:WARNING:third_party/crashpad/crashpad/util/process/process_memory_mac.cc:94] mach_vm_read(0x1fc140000, 0x4000): (ipc/send) invalid destination port (0x10000003)
[0730/163325.791931:WARNING:third_party/crashpad/crashpad/snapshot/mac/mach_o_image_annotations_reader.cc:87] could not read crash info from /usr/lib/libc++abi.dylib
[0730/163325.791938:WARNING:third_party/crashpad/crashpad/util/process/process_memory_mac.cc:94] mach_vm_read(0x28e534000, 0x4000): (ipc/send) invalid destination port (0x10000003)
[0730/163325.791943:WARNING:third_party/crashpad/crashpad/snapshot/mac/mach_o_image_annotations_reader.cc:87] could not read crash info from /usr/lib/libRosetta.dylib
[0730/163325.791948:WARNING:third_party/crashpad/crashpad/util/process/process_memory_mac.cc:94] mach_vm_read(0x1f968c000, 0x4000): (ipc/send) invalid destination port (0x10000003)
[0730/163325.791953:WARNING:third_party/crashpad/crashpad/snapshot/mac/mach_o_image_annotations_reader.cc:87] could not read crash info from /usr/lib/libc++.1.dylib
[0730/163325.791959:WARNING:third_party/crashpad/crashpad/util/process/process_memory_mac.cc:94] mach_vm_read(0x1fc144000, 0x4000): (ipc/send) invalid destination port (0x10000003)
[0730/163325.791963:WARNING:third_party/crashpad/crashpad/snapshot/mac/mach_o_image_annotations_reader.cc:87] could not read crash info from /System/Library/Frameworks/CoreFoundation.framework/Versions/A/CoreFoundation
[0730/163325.791969:WARNING:third_party/crashpad/crashpad/util/process/process_memory_mac.cc:94] mach_vm_read(0x1f9a00000, 0x4000): (ipc/send) invalid destination port (0x10000003)
[0730/163325.791973:WARNING:third_party/crashpad/crashpad/snapshot/mac/mach_o_image_annotations_reader.cc:87] could not read crash info from /usr/lib/swift/libswiftCore.dylib
[0730/163325.791983:WARNING:third_party/crashpad/crashpad/util/process/process_memory_mac.cc:94] mach_vm_read(0x1f96bc000, 0x4000): (ipc/send) invalid destination port (0x10000003)
[0730/163325.791987:WARNING:third_party/crashpad/crashpad/snapshot/mac/mach_o_image_annotations_reader.cc:87] could not read crash info from /System/Library/Frameworks/Foundation.framework/Versions/C/Foundation
[0730/163325.791995:WARNING:third_party/crashpad/crashpad/util/process/process_memory_mac.cc:94] mach_vm_read(0x1f9974000, 0x4000): (ipc/send) invalid destination port (0x10000003)
[0730/163325.791998:WARNING:third_party/crashpad/crashpad/snapshot/mac/mach_o_image_annotations_reader.cc:87] could not read crash info from /usr/lib/liboah.dylib
[0730/163325.792007:WARNING:third_party/crashpad/crashpad/util/process/process_memory_mac.cc:94] mach_vm_read(0x1f9770000, 0x4000): (ipc/send) invalid destination port (0x10000003)
[0730/163325.792012:WARNING:third_party/crashpad/crashpad/snapshot/mac/mach_o_image_annotations_reader.cc:87] could not read crash info from /System/Library/Frameworks/Security.framework/Versions/A/Security
[0730/163325.792026:WARNING:third_party/crashpad/crashpad/util/process/process_memory_mac.cc:94] mach_vm_read(0x1f97dc000, 0x4000): (ipc/send) invalid destination port (0x10000003)
[0730/163325.792030:WARNING:third_party/crashpad/crashpad/snapshot/mac/mach_o_image_annotations_reader.cc:87] could not read crash info from /System/Library/Frameworks/CFNetwork.framework/Versions/A/CFNetwork
[0730/163325.792036:WARNING:third_party/crashpad/crashpad/util/process/process_memory_mac.cc:94] mach_vm_read(0x1f9774000, 0x4000): (ipc/send) invalid destination port (0x10000003)
[0730/163325.792041:WARNING:third_party/crashpad/crashpad/snapshot/mac/mach_o_image_annotations_reader.cc:87] could not read crash info from /System/Library/Frameworks/CoreServices.framework/Versions/A/Frameworks/CarbonCore.framework/Versions/A/CarbonCore
[0730/163325.792052:WARNING:third_party/crashpad/crashpad/util/process/process_memory_mac.cc:94] mach_vm_read(0x1f96a0000, 0x4000): (ipc/send) invalid destination port (0x10000003)
[0730/163325.792056:WARNING:third_party/crashpad/crashpad/snapshot/mac/mach_o_image_annotations_reader.cc:87] could not read crash info from /System/Library/Frameworks/CoreServices.framework/Versions/A/Frameworks/LaunchServices.framework/Versions/A/LaunchServices
[0730/163325.792063:WARNING:third_party/crashpad/crashpad/util/process/process_memory_mac.cc:94] mach_vm_read(0x1f96a8000, 0x4000): (ipc/send) invalid destination port (0x10000003)
[0730/163325.792068:WARNING:third_party/crashpad/crashpad/snapshot/mac/mach_o_image_annotations_reader.cc:87] could not read crash info from /System/Library/Frameworks/SystemConfiguration.framework/Versions/A/SystemConfiguration
[0730/163325.792075:WARNING:third_party/crashpad/crashpad/util/process/process_memory_mac.cc:94] mach_vm_read(0x1f9810000, 0x4000): (ipc/send) invalid destination port (0x10000003)
[0730/163325.792079:WARNING:third_party/crashpad/crashpad/snapshot/mac/mach_o_image_annotations_reader.cc:87] could not read crash info from /usr/lib/libsqlite3.dylib
[0730/163325.792091:WARNING:third_party/crashpad/crashpad/util/process/process_memory_mac.cc:94] mach_vm_read(0x1f97fc000, 0x4000): (ipc/send) invalid destination port (0x10000003)
[0730/163325.805033:WARNING:third_party/crashpad/crashpad/snapshot/mac/mach_o_image_annotations_reader.cc:87] could not read crash info from /System/Library/Frameworks/CoreGraphics.framework/Versions/A/CoreGraphics
[0730/163325.805094:WARNING:third_party/crashpad/crashpad/util/process/process_memory_mac.cc:94] mach_vm_read(0x1f9820000, 0x4000): (ipc/send) invalid destination port (0x10000003)
[0730/163325.807823:WARNING:third_party/crashpad/crashpad/snapshot/mac/mach_o_image_annotations_reader.cc:87] could not read crash info from /System/Library/Frameworks/Network.framework/Versions/A/Network
[0730/163325.807899:WARNING:third_party/crashpad/crashpad/util/process/process_memory_mac.cc:94] mach_vm_read(0x1f9f10000, 0x4000): (ipc/send) invalid destination port (0x10000003)
[0730/163325.807910:WARNING:third_party/crashpad/crashpad/snapshot/mac/mach_o_image_annotations_reader.cc:87] could not read crash info from /System/Library/PrivateFrameworks/LoggingSupport.framework/Versions/A/LoggingSupport
[0730/163325.807928:WARNING:third_party/crashpad/crashpad/util/process/process_memory_mac.cc:94] mach_vm_read(0x1f9ef4000, 0x4000): (ipc/send) invalid destination port (0x10000003)
[0730/163325.807933:WARNING:third_party/crashpad/crashpad/snapshot/mac/mach_o_image_annotations_reader.cc:87] could not read crash info from /usr/lib/libquic.dylib
[0730/163325.807945:WARNING:third_party/crashpad/crashpad/util/process/process_memory_mac.cc:94] mach_vm_read(0x1f9b60000, 0x4000): (ipc/send) invalid destination port (0x10000003)
[0730/163325.807950:WARNING:third_party/crashpad/crashpad/snapshot/mac/mach_o_image_annotations_reader.cc:87] could not read crash info from /System/Library/PrivateFrameworks/CoreSymbolication.framework/Versions/A/CoreSymbolication
[0730/163325.807955:WARNING:third_party/crashpad/crashpad/util/process/process_memory_mac.cc:94] mach_vm_read(0x1faa1c000, 0x4000): (ipc/send) invalid destination port (0x10000003)
[0730/163325.807959:WARNING:third_party/crashpad/crashpad/snapshot/mac/mach_o_image_annotations_reader.cc:87] could not read crash info from /System/Library/PrivateFrameworks/Symbolication.framework/Versions/A/Symbolication
[0730/163325.807969:WARNING:third_party/crashpad/crashpad/util/process/process_memory_mac.cc:94] mach_vm_read(0x1f9914000, 0x4000): (ipc/send) invalid destination port (0x10000003)
[0730/163325.807973:WARNING:third_party/crashpad/crashpad/snapshot/mac/mach_o_image_annotations_reader.cc:87] could not read crash info from /System/Library/Frameworks/IOSurface.framework/Versions/A/IOSurface
[0730/163325.807988:WARNING:third_party/crashpad/crashpad/util/process/process_memory_mac.cc:94] mach_vm_read(0x1f9814000, 0x4000): (ipc/send) invalid destination port (0x10000003)
[0730/163325.807992:WARNING:third_party/crashpad/crashpad/snapshot/mac/mach_o_image_annotations_reader.cc:87] could not read crash info from /System/Library/PrivateFrameworks/BaseBoard.framework/Versions/A/BaseBoard
[0730/163325.808000:WARNING:third_party/crashpad/crashpad/util/process/process_memory_mac.cc:94] mach_vm_read(0x1f993c000, 0x4000): (ipc/send) invalid destination port (0x10000003)
[0730/163325.808003:WARNING:third_party/crashpad/crashpad/snapshot/mac/mach_o_image_annotations_reader.cc:87] could not read crash info from /System/Library/Frameworks/ImageIO.framework/Versions/A/ImageIO
[0730/163325.808015:WARNING:third_party/crashpad/crashpad/util/process/process_memory_mac.cc:94] mach_vm_read(0x1f97e8000, 0x4000): (ipc/send) invalid destination port (0x10000003)
[0730/163325.808020:WARNING:third_party/crashpad/crashpad/snapshot/mac/mach_o_image_annotations_reader.cc:87] could not read crash info from /System/Library/PrivateFrameworks/SkyLight.framework/Versions/A/SkyLight
[0730/163325.808028:WARNING:third_party/crashpad/crashpad/util/process/process_memory_mac.cc:94] mach_vm_read(0x1f973c000, 0x4000): (ipc/send) invalid destination port (0x10000003)
[0730/163325.808032:WARNING:third_party/crashpad/crashpad/snapshot/mac/mach_o_image_annotations_reader.cc:87] could not read crash info from /System/Library/Frameworks/CoreDisplay.framework/Versions/A/CoreDisplay
[0730/163325.808037:WARNING:third_party/crashpad/crashpad/util/process/process_memory_mac.cc:94] mach_vm_read(0x1f9924000, 0x4000): (ipc/send) invalid destination port (0x10000003)
[0730/163325.808040:WARNING:third_party/crashpad/crashpad/snapshot/mac/mach_o_image_annotations_reader.cc:87] could not read crash info from /System/Library/Frameworks/CoreMedia.framework/Versions/A/CoreMedia
[0730/163325.808050:WARNING:third_party/crashpad/crashpad/util/process/process_memory_mac.cc:94] mach_vm_read(0x1f9888000, 0x4000): (ipc/send) invalid destination port (0x10000003)
[0730/163325.808056:WARNING:third_party/crashpad/crashpad/snapshot/mac/mach_o_image_annotations_reader.cc:87] could not read crash info from /System/Library/Frameworks/QuartzCore.framework/Versions/A/QuartzCore
[0730/163325.808348:WARNING:third_party/crashpad/crashpad/util/process/process_memory_mac.cc:94] mach_vm_read(0x1f9a28000, 0x4000): (ipc/send) invalid destination port (0x10000003)
[0730/163325.808388:WARNING:third_party/crashpad/crashpad/snapshot/mac/mach_o_image_annotations_reader.cc:87] could not read crash info from /System/Library/Frameworks/ApplicationServices.framework/Versions/A/Frameworks/ATS.framework/Versions/A/ATS
[0730/163325.808408:WARNING:third_party/crashpad/crashpad/util/process/process_memory_mac.cc:94] mach_vm_read(0x1f9808000, 0x4000): (ipc/send) invalid destination port (0x10000003)
[0730/163325.808422:WARNING:third_party/crashpad/crashpad/snapshot/mac/mach_o_image_annotations_reader.cc:87] could not read crash info from /System/Library/Frameworks/ApplicationServices.framework/Versions/A/Frameworks/HIServices.framework/Versions/A/HIServices
[0730/163325.808498:WARNING:third_party/crashpad/crashpad/util/process/process_memory_mac.cc:94] mach_vm_read(0x1f994c000, 0x4000): (ipc/send) invalid destination port (0x10000003)
[0730/163325.808508:WARNING:third_party/crashpad/crashpad/snapshot/mac/mach_o_image_annotations_reader.cc:87] could not read crash info from /System/Library/Frameworks/CoreImage.framework/Versions/A/CoreImage
[0730/163325.808575:WARNING:third_party/crashpad/crashpad/util/process/process_memory_mac.cc:94] mach_vm_read(0x1f9894000, 0x4000): (ipc/send) invalid destination port (0x10000003)
[0730/163325.808584:WARNING:third_party/crashpad/crashpad/snapshot/mac/mach_o_image_annotations_reader.cc:87] could not read crash info from /System/Library/Frameworks/OpenDirectory.framework/Versions/A/Frameworks/CFOpenDirectory.framework/Versions/A/CFOpenDirectory
[0730/163325.808637:WARNING:third_party/crashpad/crashpad/util/process/process_memory_mac.cc:94] mach_vm_read(0x1f998c000, 0x4000): (ipc/send) invalid destination port (0x10000003)
[0730/163325.808645:WARNING:third_party/crashpad/crashpad/snapshot/mac/mach_o_image_annotations_reader.cc:87] could not read crash info from /System/Library/PrivateFrameworks/AppServerSupport.framework/Versions/A/AppServerSupport
[0730/163325.808665:WARNING:third_party/crashpad/crashpad/util/process/process_memory_mac.cc:94] mach_vm_read(0x1fab04000, 0x4000): (ipc/send) invalid destination port (0x10000003)
[0730/163325.808672:WARNING:third_party/crashpad/crashpad/snapshot/mac/mach_o_image_annotations_reader.cc:87] could not read crash info from /System/Library/Frameworks/OSLog.framework/Versions/A/OSLog
[0730/163325.808686:WARNING:third_party/crashpad/crashpad/util/process/process_memory_mac.cc:94] mach_vm_read(0x1f998c000, 0x4000): (ipc/send) invalid destination port (0x10000003)
[0730/163325.808692:WARNING:third_party/crashpad/crashpad/snapshot/mac/mach_o_image_annotations_reader.cc:87] could not read crash info from /usr/lib/libspindump.dylib
[0730/163325.808700:WARNING:third_party/crashpad/crashpad/util/process/process_memory_mac.cc:94] mach_vm_read(0x1fb724000, 0x4000): (ipc/send) invalid destination port (0x10000003)
[0730/163325.808707:WARNING:third_party/crashpad/crashpad/snapshot/mac/mach_o_image_annotations_reader.cc:87] could not read crash info from /System/Library/Frameworks/ExtensionFoundation.framework/Versions/A/ExtensionFoundation
[0730/163325.808729:WARNING:third_party/crashpad/crashpad/util/process/process_memory_mac.cc:94] mach_vm_read(0x1fa210000, 0x4000): (ipc/send) invalid destination port (0x10000003)
[0730/163325.808735:WARNING:third_party/crashpad/crashpad/snapshot/mac/mach_o_image_annotations_reader.cc:87] could not read crash info from /System/Library/PrivateFrameworks/AttributeGraph.framework/Versions/A/AttributeGraph
[0730/163325.808762:WARNING:third_party/crashpad/crashpad/util/process/process_memory_mac.cc:94] mach_vm_read(0x1f99f0000, 0x4000): (ipc/send) invalid destination port (0x10000003)
[0730/163325.808768:WARNING:third_party/crashpad/crashpad/snapshot/mac/mach_o_image_annotations_reader.cc:87] could not read crash info from /System/Library/PrivateFrameworks/GPUWrangler.framework/Versions/A/GPUWrangler
[0730/163325.808776:WARNING:third_party/crashpad/crashpad/util/process/process_memory_mac.cc:94] mach_vm_read(0x1f99f0000, 0x4000): (ipc/send) invalid destination port (0x10000003)
[0730/163325.808783:WARNING:third_party/crashpad/crashpad/snapshot/mac/mach_o_image_annotations_reader.cc:87] could not read crash info from /System/Library/PrivateFrameworks/IOPresentment.framework/Versions/A/IOPresentment
[0730/163325.808819:WARNING:third_party/crashpad/crashpad/util/process/process_memory_mac.cc:94] mach_vm_read(0x1f9a34000, 0x4000): (ipc/send) invalid destination port (0x10000003)
[0730/163325.808908:WARNING:third_party/crashpad/crashpad/snapshot/mac/mach_o_image_annotations_reader.cc:87] could not read crash info from /usr/lib/libTelephonyUtilDynamic.dylib
[0730/163325.808973:WARNING:third_party/crashpad/crashpad/util/process/process_memory_mac.cc:94] mach_vm_read(0x1f9b54000, 0x4000): (ipc/send) invalid destination port (0x10000003)
[0730/163325.808980:WARNING:third_party/crashpad/crashpad/snapshot/mac/mach_o_image_annotations_reader.cc:87] could not read crash info from /System/Library/PrivateFrameworks/AVFCore.framework/Versions/A/AVFCore
[0730/163325.809026:WARNING:third_party/crashpad/crashpad/util/process/process_memory_mac.cc:94] mach_vm_read(0x1f9780000, 0x4000): (ipc/send) invalid destination port (0x10000003)
[0730/163325.809034:WARNING:third_party/crashpad/crashpad/snapshot/mac/mach_o_image_annotations_reader.cc:87] could not read crash info from /usr/lib/libsandbox.1.dylib
[0730/163325.809098:WARNING:third_party/crashpad/crashpad/util/process/process_memory_mac.cc:94] mach_vm_read(0x1f9a48000, 0x4000): (ipc/send) invalid destination port (0x10000003)
[0730/163325.809105:WARNING:third_party/crashpad/crashpad/snapshot/mac/mach_o_image_annotations_reader.cc:87] could not read crash info from /System/Library/PrivateFrameworks/IDSFoundation.framework/Versions/A/IDSFoundation
[0730/163325.920588:WARNING:third_party/crashpad/crashpad/util/process/process_memory_mac.cc:94] mach_vm_read(0x16f928000, 0xc000): (ipc/send) invalid destination port (0x10000003)
[0730/163325.920799:WARNING:third_party/crashpad/crashpad/util/process/process_memory_mac.cc:94] mach_vm_read(0x16f928000, 0x4000): (ipc/send) invalid destination port (0x10000003)
[0730/163325.920878:WARNING:third_party/crashpad/crashpad/util/process/process_memory_mac.cc:94] mach_vm_read(0x16f9b8000, 0x8000): (ipc/send) invalid destination port (0x10000003)
[0730/163325.920887:WARNING:third_party/crashpad/crashpad/util/process/process_memory_mac.cc:94] mach_vm_read(0x16f9b8000, 0x4000): (ipc/send) invalid destination port (0x10000003)
[0730/163325.920940:WARNING:third_party/crashpad/crashpad/util/process/process_memory_mac.cc:94] mach_vm_read(0x16fa44000, 0x8000): (ipc/send) invalid destination port (0x10000003)
[0730/163325.920950:WARNING:third_party/crashpad/crashpad/util/process/process_memory_mac.cc:94] mach_vm_read(0x16fa44000, 0x4000): (ipc/send) invalid destination port (0x10000003)
[0730/163325.920974:WARNING:third_party/crashpad/crashpad/util/process/process_memory_mac.cc:94] mach_vm_read(0x16fad0000, 0x8000): (ipc/send) invalid destination port (0x10000003)
[0730/163325.920979:WARNING:third_party/crashpad/crashpad/util/process/process_memory_mac.cc:94] mach_vm_read(0x16fad0000, 0x4000): (ipc/send) invalid destination port (0x10000003)
[0730/163325.926815:WARNING:third_party/crashpad/crashpad/util/process/process_memory_mac.cc:94] mach_vm_read(0x16fb5c000, 0x8000): (ipc/send) invalid destination port (0x10000003)
[0730/163325.926929:WARNING:third_party/crashpad/crashpad/util/process/process_memory_mac.cc:94] mach_vm_read(0x16fb5c000, 0x4000): (ipc/send) invalid destination port (0x10000003)
[0730/163325.926954:WARNING:third_party/crashpad/crashpad/util/process/process_memory_mac.cc:94] mach_vm_read(0x1703f0000, 0x8000): (ipc/send) invalid destination port (0x10000003)
[0730/163325.926967:WARNING:third_party/crashpad/crashpad/util/process/process_memory_mac.cc:94] mach_vm_read(0x1703f0000, 0x4000): (ipc/send) invalid destination port (0x10000003)
[0730/163325.926988:WARNING:third_party/crashpad/crashpad/util/process/process_memory_mac.cc:94] mach_vm_read(0x170bf8000, 0x8000): (ipc/send) invalid destination port (0x10000003)
[0730/163325.926993:WARNING:third_party/crashpad/crashpad/util/process/process_memory_mac.cc:94] mach_vm_read(0x170bf8000, 0x4000): (ipc/send) invalid destination port (0x10000003)
[0730/163325.927011:WARNING:third_party/crashpad/crashpad/util/process/process_memory_mac.cc:94] mach_vm_read(0x171400000, 0x8000): (ipc/send) invalid destination port (0x10000003)
[0730/163325.927016:WARNING:third_party/crashpad/crashpad/util/process/process_memory_mac.cc:94] mach_vm_read(0x171400000, 0x4000): (ipc/send) invalid destination port (0x10000003)
[0730/163325.927031:WARNING:third_party/crashpad/crashpad/util/process/process_memory_mac.cc:94] mach_vm_read(0x171c08000, 0x8000): (ipc/send) invalid destination port (0x10000003)
[0730/163325.927038:WARNING:third_party/crashpad/crashpad/util/process/process_memory_mac.cc:94] mach_vm_read(0x171c08000, 0x4000): (ipc/send) invalid destination port (0x10000003)
[0730/163325.927054:WARNING:third_party/crashpad/crashpad/util/process/process_memory_mac.cc:94] mach_vm_read(0x172410000, 0x8000): (ipc/send) invalid destination port (0x10000003)
[0730/163325.929386:WARNING:third_party/crashpad/crashpad/util/process/process_memory_mac.cc:94] mach_vm_read(0x172410000, 0x4000): (ipc/send) invalid destination port (0x10000003)
[0730/163325.947542:WARNING:third_party/crashpad/crashpad/util/process/process_memory_mac.cc:94] mach_vm_read(0x172c18000, 0x8000): (ipc/send) invalid destination port (0x10000003)
[0730/163325.947587:WARNING:third_party/crashpad/crashpad/util/process/process_memory_mac.cc:94] mach_vm_read(0x172c18000, 0x4000): (ipc/send) invalid destination port (0x10000003)
[0730/163325.956336:WARNING:third_party/crashpad/crashpad/util/process/process_memory_mac.cc:94] mach_vm_read(0x173420000, 0x8000): (ipc/send) invalid destination port (0x10000003)
[0730/163325.956372:WARNING:third_party/crashpad/crashpad/util/process/process_memory_mac.cc:94] mach_vm_read(0x173420000, 0x4000): (ipc/send) invalid destination port (0x10000003)
[0730/163325.956404:WARNING:third_party/crashpad/crashpad/util/process/process_memory_mac.cc:94] mach_vm_read(0x173c28000, 0x8000): (ipc/send) invalid destination port (0x10000003)
[0730/163325.956415:WARNING:third_party/crashpad/crashpad/util/process/process_memory_mac.cc:94] mach_vm_read(0x173c28000, 0x4000): (ipc/send) invalid destination port (0x10000003)
[0730/163325.956460:WARNING:third_party/crashpad/crashpad/util/process/process_memory_mac.cc:94] mach_vm_read(0x174430000, 0x8000): (ipc/send) invalid destination port (0x10000003)
[0730/163325.956483:WARNING:third_party/crashpad/crashpad/util/process/process_memory_mac.cc:94] mach_vm_read(0x174430000, 0x4000): (ipc/send) invalid destination port (0x10000003)
[0730/163325.956514:WARNING:third_party/crashpad/crashpad/util/process/process_memory_mac.cc:94] mach_vm_read(0x174c38000, 0x8000): (ipc/send) invalid destination port (0x10000003)
[0730/163325.956526:WARNING:third_party/crashpad/crashpad/util/process/process_memory_mac.cc:94] mach_vm_read(0x174c38000, 0x4000): (ipc/send) invalid destination port (0x10000003)
[0730/163325.956548:WARNING:third_party/crashpad/crashpad/util/process/process_memory_mac.cc:94] mach_vm_read(0x175440000, 0x8000): (ipc/send) invalid destination port (0x10000003)
[0730/163325.956553:WARNING:third_party/crashpad/crashpad/util/process/process_memory_mac.cc:94] mach_vm_read(0x175440000, 0x4000): (ipc/send) invalid destination port (0x10000003)
[0730/163325.956569:WARNING:third_party/crashpad/crashpad/util/process/process_memory_mac.cc:94] mach_vm_read(0x175c48000, 0x8000): (ipc/send) invalid destination port (0x10000003)
[0730/163325.956573:WARNING:third_party/crashpad/crashpad/util/process/process_memory_mac.cc:94] mach_vm_read(0x175c48000, 0x4000): (ipc/send) invalid destination port (0x10000003)
[0730/163325.956588:WARNING:third_party/crashpad/crashpad/util/process/process_memory_mac.cc:94] mach_vm_read(0x176450000, 0x8000): (ipc/send) invalid destination port (0x10000003)
[0730/163325.956593:WARNING:third_party/crashpad/crashpad/util/process/process_memory_mac.cc:94] mach_vm_read(0x176450000, 0x4000): (ipc/send) invalid destination port (0x10000003)
[0730/163325.956607:WARNING:third_party/crashpad/crashpad/util/process/process_memory_mac.cc:94] mach_vm_read(0x176c58000, 0x8000): (ipc/send) invalid destination port (0x10000003)
[0730/163325.956612:WARNING:third_party/crashpad/crashpad/util/process/process_memory_mac.cc:94] mach_vm_read(0x176c58000, 0x4000): (ipc/send) invalid destination port (0x10000003)
[0730/163325.956628:WARNING:third_party/crashpad/crashpad/util/process/process_memory_mac.cc:94] mach_vm_read(0x177460000, 0x8000): (ipc/send) invalid destination port (0x10000003)
[0730/163325.956632:WARNING:third_party/crashpad/crashpad/util/process/process_memory_mac.cc:94] mach_vm_read(0x177460000, 0x4000): (ipc/send) invalid destination port (0x10000003)
[0730/163325.956647:WARNING:third_party/crashpad/crashpad/util/process/process_memory_mac.cc:94] mach_vm_read(0x177c68000, 0x8000): (ipc/send) invalid destination port (0x10000003)
[0730/163325.956652:WARNING:third_party/crashpad/crashpad/util/process/process_memory_mac.cc:94] mach_vm_read(0x177c68000, 0x4000): (ipc/send) invalid destination port (0x10000003)
[0730/163325.956667:WARNING:third_party/crashpad/crashpad/util/process/process_memory_mac.cc:94] mach_vm_read(0x178470000, 0x8000): (ipc/send) invalid destination port (0x10000003)
[0730/163325.956671:WARNING:third_party/crashpad/crashpad/util/process/process_memory_mac.cc:94] mach_vm_read(0x178470000, 0x4000): (ipc/send) invalid destination port (0x10000003)
[0730/163325.956686:WARNING:third_party/crashpad/crashpad/util/process/process_memory_mac.cc:94] mach_vm_read(0x178c78000, 0x8000): (ipc/send) invalid destination port (0x10000003)
[0730/163325.956691:WARNING:third_party/crashpad/crashpad/util/process/process_memory_mac.cc:94] mach_vm_read(0x178c78000, 0x4000): (ipc/send) invalid destination port (0x10000003)
[0730/163325.956704:WARNING:third_party/crashpad/crashpad/util/process/process_memory_mac.cc:94] mach_vm_read(0x179480000, 0x8000): (ipc/send) invalid destination port (0x10000003)
[0730/163325.956712:WARNING:third_party/crashpad/crashpad/util/process/process_memory_mac.cc:94] mach_vm_read(0x179480000, 0x4000): (ipc/send) invalid destination port (0x10000003)
[0730/163325.956727:WARNING:third_party/crashpad/crashpad/util/process/process_memory_mac.cc:94] mach_vm_read(0x179c88000, 0x8000): (ipc/send) invalid destination port (0x10000003)
[0730/163325.956732:WARNING:third_party/crashpad/crashpad/util/process/process_memory_mac.cc:94] mach_vm_read(0x179c88000, 0x4000): (ipc/send) invalid destination port (0x10000003)
[0730/163325.956748:WARNING:third_party/crashpad/crashpad/util/process/process_memory_mac.cc:94] mach_vm_read(0x17a490000, 0x8000): (ipc/send) invalid destination port (0x10000003)
[0730/163325.956752:WARNING:third_party/crashpad/crashpad/util/process/process_memory_mac.cc:94] mach_vm_read(0x17a490000, 0x4000): (ipc/send) invalid destination port (0x10000003)
[0730/163325.956765:WARNING:third_party/crashpad/crashpad/util/process/process_memory_mac.cc:94] mach_vm_read(0x17ac98000, 0x8000): (ipc/send) invalid destination port (0x10000003)
[0730/163325.956770:WARNING:third_party/crashpad/crashpad/util/process/process_memory_mac.cc:94] mach_vm_read(0x17ac98000, 0x4000): (ipc/send) invalid destination port (0x10000003)
[0730/163325.956783:WARNING:third_party/crashpad/crashpad/util/process/process_memory_mac.cc:94] mach_vm_read(0x16fbe4000, 0xc000): (ipc/send) invalid destination port (0x10000003)
[0730/163325.956787:WARNING:third_party/crashpad/crashpad/util/process/process_memory_mac.cc:94] mach_vm_read(0x16fbe4000, 0x4000): (ipc/send) invalid destination port (0x10000003)
[0730/163325.956819:WARNING:third_party/crashpad/crashpad/util/process/process_memory_mac.cc:94] mach_vm_read(0x17b4a0000, 0x8000): (ipc/send) invalid destination port (0x10000003)
[0730/163325.956823:WARNING:third_party/crashpad/crashpad/util/process/process_memory_mac.cc:94] mach_vm_read(0x17b4a0000, 0x4000): (ipc/send) invalid destination port (0x10000003)
[0730/163325.956838:WARNING:third_party/crashpad/crashpad/util/process/process_memory_mac.cc:94] mach_vm_read(0x17bca8000, 0x8000): (ipc/send) invalid destination port (0x10000003)
[0730/163325.956843:WARNING:third_party/crashpad/crashpad/util/process/process_memory_mac.cc:94] mach_vm_read(0x17bca8000, 0x4000): (ipc/send) invalid destination port (0x10000003)
[0730/163325.956857:WARNING:third_party/crashpad/crashpad/util/process/process_memory_mac.cc:94] mach_vm_read(0x17c4b0000, 0x8000): (ipc/send) invalid destination port (0x10000003)
[0730/163325.956861:WARNING:third_party/crashpad/crashpad/util/process/process_memory_mac.cc:94] mach_vm_read(0x17c4b0000, 0x4000): (ipc/send) invalid destination port (0x10000003)
[0730/163325.956876:WARNING:third_party/crashpad/crashpad/util/process/process_memory_mac.cc:94] mach_vm_read(0x17ccb8000, 0x8000): (ipc/send) invalid destination port (0x10000003)
[0730/163325.956880:WARNING:third_party/crashpad/crashpad/util/process/process_memory_mac.cc:94] mach_vm_read(0x17ccb8000, 0x4000): (ipc/send) invalid destination port (0x10000003)
[0730/163325.956894:WARNING:third_party/crashpad/crashpad/util/process/process_memory_mac.cc:94] mach_vm_read(0x17d4c0000, 0x8000): (ipc/send) invalid destination port (0x10000003)
[0730/163325.980972:WARNING:third_party/crashpad/crashpad/util/process/process_memory_mac.cc:94] mach_vm_read(0x17d4c0000, 0x4000): (ipc/send) invalid destination port (0x10000003)
[0730/163326.002011:WARNING:third_party/crashpad/crashpad/util/process/process_memory_mac.cc:94] mach_vm_read(0x17dcc8000, 0x8000): (ipc/send) invalid destination port (0x10000003)
[0730/163326.002081:WARNING:third_party/crashpad/crashpad/util/process/process_memory_mac.cc:94] mach_vm_read(0x17dcc8000, 0x4000): (ipc/send) invalid destination port (0x10000003)
[0730/163326.002143:WARNING:third_party/crashpad/crashpad/util/process/process_memory_mac.cc:94] mach_vm_read(0x17e4d0000, 0x8000): (ipc/send) invalid destination port (0x10000003)
[0730/163326.002156:WARNING:third_party/crashpad/crashpad/util/process/process_memory_mac.cc:94] mach_vm_read(0x17e4d0000, 0x4000): (ipc/send) invalid destination port (0x10000003)
[0730/163326.002185:WARNING:third_party/crashpad/crashpad/util/process/process_memory_mac.cc:94] mach_vm_read(0x17ecd8000, 0x8000): (ipc/send) invalid destination port (0x10000003)
[0730/163326.002194:WARNING:third_party/crashpad/crashpad/util/process/process_memory_mac.cc:94] mach_vm_read(0x17ecd8000, 0x4000): (ipc/send) invalid destination port (0x10000003)
[0730/163326.002220:WARNING:third_party/crashpad/crashpad/util/process/process_memory_mac.cc:94] mach_vm_read(0x17f4e0000, 0x8000): (ipc/send) invalid destination port (0x10000003)
[0730/163326.002228:WARNING:third_party/crashpad/crashpad/util/process/process_memory_mac.cc:94] mach_vm_read(0x17f4e0000, 0x4000): (ipc/send) invalid destination port (0x10000003)
[0730/163326.002253:WARNING:third_party/crashpad/crashpad/util/process/process_memory_mac.cc:94] mach_vm_read(0x17fce8000, 0x8000): (ipc/send) invalid destination port (0x10000003)
[0730/163326.002263:WARNING:third_party/crashpad/crashpad/util/process/process_memory_mac.cc:94] mach_vm_read(0x17fce8000, 0x4000): (ipc/send) invalid destination port (0x10000003)
[0730/163326.002286:WARNING:third_party/crashpad/crashpad/util/process/process_memory_mac.cc:94] mach_vm_read(0x300800000, 0x8000): (ipc/send) invalid destination port (0x10000003)
[0730/163326.002295:WARNING:third_party/crashpad/crashpad/util/process/process_memory_mac.cc:94] mach_vm_read(0x300800000, 0x4000): (ipc/send) invalid destination port (0x10000003)
[0730/163326.002319:WARNING:third_party/crashpad/crashpad/util/process/process_memory_mac.cc:94] mach_vm_read(0x17fe00000, 0x8000): (ipc/send) invalid destination port (0x10000003)
[0730/163326.002326:WARNING:third_party/crashpad/crashpad/util/process/process_memory_mac.cc:94] mach_vm_read(0x17fe00000, 0x4000): (ipc/send) invalid destination port (0x10000003)
[0730/163326.002348:WARNING:third_party/crashpad/crashpad/util/process/process_memory_mac.cc:94] mach_vm_read(0x17fd74000, 0x8000): (ipc/send) invalid destination port (0x10000003)
[0730/163326.002355:WARNING:third_party/crashpad/crashpad/util/process/process_memory_mac.cc:94] mach_vm_read(0x17fd74000, 0x4000): (ipc/send) invalid destination port (0x10000003)
[0730/163326.002377:WARNING:third_party/crashpad/crashpad/util/process/process_memory_mac.cc:94] mach_vm_read(0x17ff18000, 0x8000): (ipc/send) invalid destination port (0x10000003)
[0730/163326.002395:WARNING:third_party/crashpad/crashpad/util/process/process_memory_mac.cc:94] mach_vm_read(0x17ff18000, 0x4000): (ipc/send) invalid destination port (0x10000003)
[0730/163326.002420:WARNING:third_party/crashpad/crashpad/util/process/process_memory_mac.cc:94] mach_vm_read(0x301810000, 0x8000): (ipc/send) invalid destination port (0x10000003)
[0730/163326.002427:WARNING:third_party/crashpad/crashpad/util/process/process_memory_mac.cc:94] mach_vm_read(0x301810000, 0x4000): (ipc/send) invalid destination port (0x10000003)
[0730/163326.002448:WARNING:third_party/crashpad/crashpad/util/process/process_memory_mac.cc:94] mach_vm_read(0x302018000, 0x8000): (ipc/send) invalid destination port (0x10000003)
[0730/163326.002457:WARNING:third_party/crashpad/crashpad/util/process/process_memory_mac.cc:94] mach_vm_read(0x302018000, 0x4000): (ipc/send) invalid destination port (0x10000003)
[0730/163326.002477:WARNING:third_party/crashpad/crashpad/util/process/process_memory_mac.cc:94] mach_vm_read(0x17ffa4000, 0x8000): (ipc/send) invalid destination port (0x10000003)
[0730/163326.002484:WARNING:third_party/crashpad/crashpad/util/process/process_memory_mac.cc:94] mach_vm_read(0x17ffa4000, 0x4000): (ipc/send) invalid destination port (0x10000003)
[0730/163326.003581:WARNING:third_party/crashpad/crashpad/util/process/process_memory_mac.cc:94] mach_vm_read(0x302820000, 0x8000): (ipc/send) invalid destination port (0x10000003)
[0730/163326.003601:WARNING:third_party/crashpad/crashpad/util/process/process_memory_mac.cc:94] mach_vm_read(0x302820000, 0x4000): (ipc/send) invalid destination port (0x10000003)
[0730/163326.013757:ERROR:third_party/crashpad/crashpad/util/file/directory_reader_posix.cc:43] opendir /Users/Kelly/Library/Application Support/Google/Chrome/Crashpad/attachments/a39c4b3f-ea0a-4fc6-b305-1b71e6a7524f: No such file or directory (2)
[0730/163326.018425:ERROR:third_party/crashpad/crashpad/util/mach/scoped_task_suspend.cc:36] task_resume: (ipc/send) invalid destination port (0x10000003)
